ds,icu_patients,flu_cases,oxygen_demand,ventilator_demand,staff_demand,tanks_demand
2024-06-03 04:00:00,48,15,89.9,6,53,36
2024-06-03 05:00:00,48,14,94.3,7,51,33
2024-06-03 06:00:00,48,18,91.9,7,52,35
2024-06-03 07:00:00,54,23,98.8,7,55,36
2024-06-03 08:00:00,50,19,96.1,7,54,35
2024-06-03 09:00:00,54,21,97.3,8,55,37
2024-06-03 10:00:00,54,30,95.2,8,60,36
2024-06-03 11:00:00,64,28,109.7,8,59,38
2024-06-03 12:00:00,60,25,106.4,9,61,43
2024-06-03 13:00:00,68,30,103.8,10,58,42
2024-06-03 14:00:00,63,26,102.3,8,60,39
2024-06-03 15:00:00,62,26,110.7,7,55,43
2024-06-03 16:00:00,60,28,104.1,10,56,38
2024-06-03 17:00:00,55,19,97.4,8,53,35
2024-06-03 18:00:00,57,18,97.3,7,53,37
2024-06-03 19:00:00,55,20,94.7,7,54,33
2024-06-03 20:00:00,49,16,92.2,7,56,36
2024-06-03 21:00:00,48,19,95.8,7,50,34
2024-06-03 22:00:00,46,13,89.5,5,47,30
2024-06-03 23:00:00,51,9,93.2,6,53,28
2024-06-04 00:00:00,53,18,101.4,8,54,38
2024-06-04 01:00:00,46,11,87.1,6,54,33
2024-06-04 02:00:00,46,12,90.0,6,50,36
2024-06-04 03:00:00,43,7,88.8,6,44,29
2024-06-04 04:00:00,44,11,84.4,6,48,33
2024-06-04 05:00:00,51,15,94.0,6,52,34
2024-06-04 06:00:00,53,12,99.3,6,50,37
2024-06-04 07:00:00,50,19,93.0,7,51,35
2024-06-04 08:00:00,53,18,98.8,7,53,37
2024-06-04 09:00:00,54,21,97.3,8,55,32
2024-06-04 10:00:00,56,22,104.5,8,53,40
2024-06-04 11:00:00,64,32,103.0,11,61,41
2024-06-04 12:00:00,57,27,101.9,8,60,40
2024-06-04 13:00:00,62,24,99.1,9,59,39
2024-06-04 14:00:00,64,31,105.6,10,62,40
2024-06-04 15:00:00,60,23,100.1,8,58,35
2024-06-04 16:00:00,63,28,104.9,8,57,41
2024-06-04 17:00:00,58,19,95.6,8,56,36
2024-06-04 18:00:00,59,19,100.2,9,55,38
2024-06-04 19:00:00,52,23,98.2,6,52,38
2024-06-04 20:00:00,53,23,93.1,8,54,35
2024-06-04 21:00:00,51,19,93.0,8,55,34
2024-06-04 22:00:00,43,16,95.8,6,49,33
2024-06-04 23:00:00,45,13,89.7,7,54,33
2024-06-05 00:00:00,43,8,80.2,5,50,33
2024-06-05 01:00:00,47,10,85.0,6,49,30
2024-06-05 02:00:00,43,10,87.4,7,48,34
2024-06-05 03:00:00,45,16,89.9,5,54,35
2024-06-05 04:00:00,49,14,90.0,6,51,30
2024-06-05 05:00:00,42,8,91.7,6,49,35
2024-06-05 06:00:00,45,17,97.9,7,51,36
2024-06-05 07:00:00,50,17,92.6,6,49,34
2024-06-05 08:00:00,49,18,95.8,8,49,40
2024-06-05 09:00:00,53,24,100.6,5,56,39
2024-06-05 10:00:00,60,28,106.9,9,56,38
2024-06-05 11:00:00,63,29,103.8,9,59,41
2024-06-05 12:00:00,62,24,109.4,8,55,39
2024-06-05 13:00:00,64,27,105.7,8,59,38
2024-06-05 14:00:00,65,29,108.9,9,61,42
2024-06-05 15:00:00,57,31,103.1,8,53,41
2024-06-05 16:00:00,61,25,103.3,10,58,36
2024-06-05 17:00:00,58,25,102.2,9,57,38
2024-06-05 18:00:00,55,20,94.1,9,54,38
2024-06-05 19:00:00,56,18,91.7,7,53,33
2024-06-05 20:00:00,50,23,94.9,7,52,35
2024-06-05 21:00:00,48,23,91.8,6,52,34
2024-06-05 22:00:00,51,16,95.3,6,56,38
2024-06-05 23:00:00,50,18,95.0,6,52,36
2024-06-06 00:00:00,47,14,90.7,7,50,33
2024-06-06 01:00:00,43,10,90.8,5,48,32
2024-06-06 02:00:00,48,13,90.5,5,52,38
2024-06-06 03:00:00,49,18,88.6,7,53,33
2024-06-06 04:00:00,47,13,89.2,6,51,33
2024-06-06 05:00:00,46,20,95.6,6,53,36
2024-06-06 06:00:00,46,7,81.5,5,46,32
2024-06-06 07:00:00,54,21,97.3,7,56,34
2024-06-06 08:00:00,57,20,100.9,8,56,38
2024-06-06 09:00:00,55,21,105.8,8,54,37
2024-06-06 10:00:00,57,24,104.3,7,56,38
2024-06-06 11:00:00,57,19,99.0,7,55,40
2024-06-06 12:00:00,61,26,105.5,8,58,42
2024-06-06 13:00:00,60,29,98.7,8,59,39
2024-06-06 14:00:00,56,33,99.9,9,54,35
2024-06-06 15:00:00,64,26,107.6,8,60,41
2024-06-06 16:00:00,64,24,105.8,11,60,39
2024-06-06 17:00:00,57,24,101.5,8,57,40
2024-06-06 18:00:00,56,27,101.0,8,55,37
2024-06-06 19:00:00,56,23,99.3,8,54,36
2024-06-06 20:00:00,53,18,95.9,6,54,37
2024-06-06 21:00:00,54,20,94.1,6,56,38
2024-06-06 22:00:00,50,16,92.3,8,55,37
2024-06-06 23:00:00,47,18,87.9,8,53,35
2024-06-07 00:00:00,42,11,84.5,4,50,34
2024-06-07 01:00:00,47,11,93.3,6,45,38
2024-06-07 02:00:00,46,11,88.4,7,49,33
2024-06-07 03:00:00,47,7,89.7,5,50,33
2024-06-07 04:00:00,44,14,89.1,7,48,31
2024-06-07 05:00:00,53,15,93.4,7,51,38
2024-06-07 06:00:00,45,16,86.9,6,48,32
2024-06-07 07:00:00,53,17,94.2,7,57,34
2024-06-07 08:00:00,47,15,91.7,6,48,35
2024-06-07 09:00:00,53,21,98.6,7,54,34
2024-06-07 10:00:00,61,23,103.2,9,56,37
2024-06-07 11:00:00,61,23,104.4,8,56,40
2024-06-07 12:00:00,59,26,98.2,8,58,39
2024-06-07 13:00:00,61,29,107.2,7,60,40
2024-06-07 14:00:00,64,35,105.3,9,58,40
2024-06-07 15:00:00,63,28,108.8,8,59,43
2024-06-07 16:00:00,64,28,107.9,8,59,43
2024-06-07 17:00:00,58,25,96.1,8,56,32
2024-06-07 18:00:00,52,17,96.9,8,51,39
2024-06-07 19:00:00,56,22,102.1,7,58,38
2024-06-07 20:00:00,53,20,100.0,6,52,36
2024-06-07 21:00:00,51,27,94.9,8,51,34
2024-06-07 22:00:00,50,15,93.4,6,54,32
2024-06-07 23:00:00,48,15,93.4,5,52,40
2024-06-08 00:00:00,47,13,92.4,7,39,32
2024-06-08 01:00:00,42,8,86.6,5,38,29
2024-06-08 02:00:00,48,16,90.3,6,40,33
2024-06-08 03:00:00,43,15,91.2,6,42,31
2024-06-08 04:00:00,45,16,92.9,6,40,34
2024-06-08 05:00:00,46,11,88.5,6,41,36
2024-06-08 06:00:00,55,21,95.9,7,44,37
2024-06-08 07:00:00,52,13,91.2,5,44,35
2024-06-08 08:00:00,57,22,103.8,8,45,38
2024-06-08 09:00:00,61,30,108.2,9,49,39
2024-06-08 10:00:00,66,21,104.9,9,48,40
2024-06-08 11:00:00,59,24,101.0,7,45,40
2024-06-08 12:00:00,64,27,101.1,9,48,42
2024-06-08 13:00:00,64,26,105.2,8,47,40
2024-06-08 14:00:00,63,23,100.2,9,46,40
2024-06-08 15:00:00,66,28,108.2,10,47,40
2024-06-08 16:00:00,59,23,104.8,8,48,38
2024-06-08 17:00:00,59,27,99.7,8,43,35
2024-06-08 18:00:00,58,21,100.4,7,47,40
2024-06-08 19:00:00,57,27,104.5,8,43,38
2024-06-08 20:00:00,54,17,96.6,8,44,34
2024-06-08 21:00:00,55,17,95.1,7,43,37
2024-06-08 22:00:00,49,19,93.5,7,39,38
2024-06-08 23:00:00,46,10,91.2,6,42,33
2024-06-09 00:00:00,47,14,91.3,7,37,30
2024-06-09 01:00:00,46,17,91.0,6,42,33
2024-06-09 02:00:00,39,6,86.0,6,37,32
2024-06-09 03:00:00,44,13,89.9,7,41,34
2024-06-09 04:00:00,48,14,87.8,5,42,34
2024-06-09 05:00:00,52,17,96.8,7,44,36
2024-06-09 06:00:00,45,12,91.4,6,41,33
2024-06-09 07:00:00,47,13,86.7,6,42,34
2024-06-09 08:00:00,54,22,91.1,8,45,32
2024-06-09 09:00:00,51,23,93.0,8,42,33
2024-06-09 10:00:00,57,25,100.4,6,45,36
2024-06-09 11:00:00,55,27,103.5,6,45,38
2024-06-09 12:00:00,63,25,102.2,10,47,36
2024-06-09 13:00:00,60,29,105.6,8,50,42
2024-06-09 14:00:00,66,29,99.6,9,48,36
2024-06-09 15:00:00,64,25,105.7,8,45,35
2024-06-09 16:00:00,61,33,105.1,9,47,42
2024-06-09 17:00:00,57,27,108.0,9,44,41
2024-06-09 18:00:00,56,20,92.7,8,47,35
2024-06-09 19:00:00,56,24,100.0,8,45,39
2024-06-09 20:00:00,54,17,89.9,6,44,34
2024-06-09 21:00:00,50,21,93.3,8,43,37
2024-06-09 22:00:00,52,20,91.0,7,45,33
2024-06-09 23:00:00,48,11,96.9,6,41,39
2024-06-10 00:00:00,47,16,90.0,7,50,35
2024-06-10 01:00:00,44,14,87.9,5,50,31
2024-06-10 02:00:00,46,15,89.8,6,48,32
2024-06-10 03:00:00,45,19,87.8,7,51,33
2024-06-10 04:00:00,46,12,92.6,6,54,32
2024-06-10 05:00:00,47,12,91.7,6,52,34
2024-06-10 06:00:00,49,13,94.3,6,51,38
2024-06-10 07:00:00,55,15,92.4,7,58,35
2024-06-10 08:00:00,53,20,99.9,7,53,41
2024-06-10 09:00:00,59,23,104.3,10,57,38
2024-06-10 10:00:00,59,25,101.1,7,56,39
2024-06-10 11:00:00,60,29,106.4,8,57,39
2024-06-10 12:00:00,60,27,104.6,9,59,39
2024-06-10 13:00:00,63,33,102.5,9,61,40
2024-06-10 14:00:00,62,27,104.4,8,58,38
2024-06-10 15:00:00,62,37,106.8,10,58,39
2024-06-10 16:00:00,58,29,102.9,9,61,38
2024-06-10 17:00:00,60,23,105.1,9,57,39
2024-06-10 18:00:00,59,20,95.5,7,54,34
2024-06-10 19:00:00,58,24,99.7,8,55,41
2024-06-10 20:00:00,54,19,94.2,8,58,35
2024-06-10 21:00:00,54,20,95.0,6,59,37
2024-06-10 22:00:00,52,18,92.3,7,54,36
2024-06-10 23:00:00,50,14,92.4,6,51,37
2024-06-11 00:00:00,43,10,88.4,6,49,30
2024-06-11 01:00:00,41,7,85.4,5,47,31
2024-06-11 02:00:00,44,10,87.8,7,50,34
2024-06-11 03:00:00,46,15,92.4,6,51,33
2024-06-11 04:00:00,46,14,96.9,6,50,39
2024-06-11 05:00:00,42,10,86.1,5,48,29
2024-06-11 06:00:00,54,17,98.9,7,53,39
2024-06-11 07:00:00,51,19,97.9,6,55,36
2024-06-11 08:00:00,53,17,100.8,6,53,40
2024-06-11 09:00:00,59,23,102.9,8,61,39
2024-06-11 10:00:00,52,24,94.7,8,58,34
2024-06-11 11:00:00,57,22,100.6,8,55,40
2024-06-11 12:00:00,60,28,104.7,8,57,36
2024-06-11 13:00:00,61,30,107.7,9,59,40
2024-06-11 14:00:00,62,32,104.1,11,58,39
2024-06-11 15:00:00,66,31,112.8,10,63,44
2024-06-11 16:00:00,61,22,102.4,7,60,34
2024-06-11 17:00:00,61,22,104.9,8,60,40
2024-06-11 18:00:00,58,26,102.9,8,57,40
2024-06-11 19:00:00,53,24,98.0,7,54,35
2024-06-11 20:00:00,49,22,95.1,7,49,35
2024-06-11 21:00:00,51,31,101.4,7,54,38
2024-06-11 22:00:00,51,18,100.3,6,51,39
2024-06-11 23:00:00,49,18,87.2,7,50,28
2024-06-12 00:00:00,47,16,92.8,5,50,34
2024-06-12 01:00:00,45,15,89.7,4,50,34
2024-06-12 02:00:00,50,11,90.8,7,52,35
2024-06-12 03:00:00,44,15,81.9,7,53,30
2024-06-12 04:00:00,48,10,91.6,6,53,35
2024-06-12 05:00:00,48,14,90.3,6,49,33
2024-06-12 06:00:00,49,14,89.3,6,52,36
2024-06-12 07:00:00,54,18,96.9,10,53,35
2024-06-12 08:00:00,60,28,102.6,9,58,37
2024-06-12 09:00:00,53,16,89.9,9,56,35
2024-06-12 10:00:00,60,26,103.8,10,57,41
2024-06-12 11:00:00,59,20,101.9,8,54,39
2024-06-12 12:00:00,60,25,101.4,8,58,38
2024-06-12 13:00:00,63,32,107.9,9,62,40
2024-06-12 14:00:00,60,28,104.3,8,62,39
2024-06-12 15:00:00,60,24,105.4,9,56,37
2024-06-12 16:00:00,59,24,101.3,9,57,37
2024-06-12 17:00:00,62,28,107.7,8,59,44
2024-06-12 18:00:00,57,21,98.5,10,53,37
2024-06-12 19:00:00,53,23,103.1,7,51,37
2024-06-12 20:00:00,52,20,94.4,5,54,34
2024-06-12 21:00:00,43,16,86.3,6,49,32
2024-06-12 22:00:00,50,24,95.6,6,51,40
2024-06-12 23:00:00,48,17,90.1,6,53,36
2024-06-13 00:00:00,44,6,82.0,5,49,28
2024-06-13 01:00:00,51,13,94.7,7,52,38
2024-06-13 02:00:00,46,10,79.2,7,48,28
2024-06-13 03:00:00,48,15,89.3,5,48,32
2024-06-13 04:00:00,42,10,81.6,5,47,29
2024-06-13 05:00:00,47,14,90.7,7,51,31
2024-06-13 06:00:00,49,18,86.3,6,51,35
2024-06-13 07:00:00,50,21,96.7,5,51,35
2024-06-13 08:00:00,50,16,95.3,7,52,31
2024-06-13 09:00:00,51,21,90.5,7,53,32
2024-06-13 10:00:00,54,22,98.5,7,58,37
2024-06-13 11:00:00,61,23,104.4,8,58,36
2024-06-13 12:00:00,62,33,109.8,9,57,42
2024-06-13 13:00:00,61,29,100.2,10,54,36
2024-06-13 14:00:00,61,24,97.8,7,53,40
2024-06-13 15:00:00,65,31,112.8,11,61,44
2024-06-13 16:00:00,63,34,105.4,8,58,40
2024-06-13 17:00:00,62,29,103.8,9,60,36
2024-06-13 18:00:00,54,19,98.6,7,57,34
2024-06-13 19:00:00,54,20,93.5,7,56,34
2024-06-13 20:00:00,56,24,99.0,8,55,37
2024-06-13 21:00:00,56,15,99.2,7,58,40
2024-06-13 22:00:00,53,18,91.6,7,53,35
2024-06-13 23:00:00,50,17,92.0,8,51,34
2024-06-14 00:00:00,46,10,84.9,6,50,35
2024-06-14 01:00:00,49,12,88.8,7,53,33
2024-06-14 02:00:00,45,3,88.7,4,43,34
2024-06-14 03:00:00,39,9,87.5,3,49,35
2024-06-14 04:00:00,44,12,88.4,6,46,34
2024-06-14 05:00:00,47,10,90.9,6,46,35
2024-06-14 06:00:00,47,22,94.4,6,51,36
2024-06-14 07:00:00,48,13,88.6,6,49,33
2024-06-14 08:00:00,51,18,95.6,8,54,36
2024-06-14 09:00:00,55,23,94.9,8,56,33
2024-06-14 10:00:00,58,29,100.3,8,58,37
2024-06-14 11:00:00,57,21,99.2,8,58,37
2024-06-14 12:00:00,64,31,104.2,10,59,41
2024-06-14 13:00:00,61,28,100.5,8,59,37
2024-06-14 14:00:00,60,25,100.4,8,54,43
2024-06-14 15:00:00,59,29,106.8,9,59,42
2024-06-14 16:00:00,63,28,110.6,8,58,42
2024-06-14 17:00:00,57,24,100.3,7,56,35
2024-06-14 18:00:00,55,24,101.0,7,55,38
2024-06-14 19:00:00,56,21,96.9,8,55,38
2024-06-14 20:00:00,52,20,89.6,6,53,34
2024-06-14 21:00:00,51,20,92.4,8,49,34
2024-06-14 22:00:00,52,22,95.2,7,56,35
2024-06-14 23:00:00,46,10,88.7,7,48,32
2024-06-15 00:00:00,54,21,97.2,7,43,34
2024-06-15 01:00:00,44,5,84.4,6,38,36
2024-06-15 02:00:00,47,11,87.7,6,41,31
2024-06-15 03:00:00,41,14,87.9,5,38,31
2024-06-15 04:00:00,45,14,84.8,6,42,32
2024-06-15 05:00:00,44,12,90.6,6,43,29
2024-06-15 06:00:00,47,15,89.1,6,43,36
2024-06-15 07:00:00,52,16,100.7,8,43,40
2024-06-15 08:00:00,56,18,96.5,9,43,33
2024-06-15 09:00:00,57,25,99.7,8,44,37
2024-06-15 10:00:00,58,25,99.5,9,45,40
2024-06-15 11:00:00,57,23,98.9,8,44,37
2024-06-15 12:00:00,64,30,109.2,7,49,43
2024-06-15 13:00:00,67,29,108.5,10,48,44
2024-06-15 14:00:00,63,31,109.7,9,48,40
2024-06-15 15:00:00,65,30,108.8,8,48,42
2024-06-15 16:00:00,61,24,103.0,7,47,37
2024-06-15 17:00:00,61,24,103.9,9,47,38
2024-06-15 18:00:00,56,27,104.0,9,44,39
2024-06-15 19:00:00,55,24,101.3,7,44,38
2024-06-15 20:00:00,55,20,98.3,7,43,35
2024-06-15 21:00:00,55,18,98.2,9,45,38
2024-06-15 22:00:00,49,20,90.4,7,41,31
2024-06-15 23:00:00,42,12,94.4,4,38,33
2024-06-16 00:00:00,46,15,91.6,5,37,36
2024-06-16 01:00:00,48,12,92.1,8,39,33
2024-06-16 02:00:00,41,11,85.6,5,38,32
2024-06-16 03:00:00,44,16,82.2,5,39,34
2024-06-16 04:00:00,48,16,90.8,7,38,34
2024-06-16 05:00:00,48,17,92.6,6,42,37
2024-06-16 06:00:00,52,21,93.7,7,42,32
2024-06-16 07:00:00,48,18,90.3,7,39,33
2024-06-16 08:00:00,53,22,96.6,7,44,37
2024-06-16 09:00:00,58,21,102.6,9,46,37
2024-06-16 10:00:00,55,25,103.4,7,41,38
2024-06-16 11:00:00,63,25,105.3,9,48,40
2024-06-16 12:00:00,58,27,100.6,8,45,38
2024-06-16 13:00:00,64,30,106.1,11,47,40
2024-06-16 14:00:00,60,25,103.2,8,44,35
2024-06-16 15:00:00,61,35,107.4,11,47,39
2024-06-16 16:00:00,59,23,102.5,8,45,36
2024-06-16 17:00:00,60,21,99.9,8,49,38
2024-06-16 18:00:00,59,28,104.7,9,47,39
2024-06-16 19:00:00,59,25,103.6,7,46,39
2024-06-16 20:00:00,58,22,99.1,9,47,36
2024-06-16 21:00:00,49,20,88.8,7,43,30
2024-06-16 22:00:00,46,16,88.0,6,38,36
2024-06-16 23:00:00,44,11,92.0,6,40,34
2024-06-17 00:00:00,44,13,83.4,6,50,30
2024-06-17 01:00:00,48,10,93.4,5,49,35
2024-06-17 02:00:00,48,15,86.2,6,49,30
2024-06-17 03:00:00,44,12,85.5,4,49,34
2024-06-17 04:00:00,46,10,87.1,5,50,31
2024-06-17 05:00:00,51,13,98.1,6,55,36
2024-06-17 06:00:00,55,17,96.7,8,50,37
2024-06-17 07:00:00,52,16,93.5,8,50,36
2024-06-17 08:00:00,46,17,88.2,7,51,33
2024-06-17 09:00:00,57,23,101.5,7,56,36
2024-06-17 10:00:00,60,25,101.4,9,58,40
2024-06-17 11:00:00,59,24,101.3,8,56,40
2024-06-17 12:00:00,62,25,103.1,9,59,42
2024-06-17 13:00:00,63,29,107.9,10,56,42
2024-06-17 14:00:00,57,23,102.6,8,60,43
2024-06-17 15:00:00,58,23,98.0,9,57,37
2024-06-17 16:00:00,59,24,100.2,7,58,38
2024-06-17 17:00:00,62,25,101.8,8,56,41
2024-06-17 18:00:00,56,25,100.8,9,55,41
2024-06-17 19:00:00,58,27,105.2,10,58,42
2024-06-17 20:00:00,55,23,99.5,8,55,37
2024-06-17 21:00:00,55,17,90.4,7,55,36
2024-06-17 22:00:00,49,16,94.9,7,50,37
2024-06-17 23:00:00,42,11,82.3,6,46,31
2024-06-18 00:00:00,48,13,88.6,7,53,31
2024-06-18 01:00:00,51,11,92.5,6,50,33
2024-06-18 02:00:00,47,13,90.2,7,53,34
2024-06-18 03:00:00,43,9,88.8,5,47,34
2024-06-18 04:00:00,44,15,87.2,5,49,31
2024-06-18 05:00:00,47,20,89.5,6,51,32
2024-06-18 06:00:00,54,16,94.9,7,54,35
2024-06-18 07:00:00,51,19,97.9,8,55,37
2024-06-18 08:00:00,53,22,98.9,7,57,38
2024-06-18 09:00:00,55,21,98.2,8,54,38
2024-06-18 10:00:00,57,25,104.8,6,57,39
2024-06-18 11:00:00,63,26,108.6,10,58,44
2024-06-18 12:00:00,58,27,104.8,8,57,45
2024-06-18 13:00:00,64,25,101.7,9,58,39
2024-06-18 14:00:00,62,28,107.6,9,57,44
2024-06-18 15:00:00,65,29,107.0,10,61,39
2024-06-18 16:00:00,66,32,108.0,10,61,43
2024-06-18 17:00:00,61,29,102.5,10,61,37
2024-06-18 18:00:00,59,32,103.9,9,58,38
2024-06-18 19:00:00,55,19,95.8,9,55,36
2024-06-18 20:00:00,54,23,98.8,8,56,33
2024-06-18 21:00:00,48,19,91.9,7,54,31
2024-06-18 22:00:00,56,24,100.0,8,55,36
2024-06-18 23:00:00,48,12,91.6,6,46,37
2024-06-19 00:00:00,43,10,85.4,6,46,31
2024-06-19 01:00:00,40,10,82.3,5,50,32
2024-06-19 02:00:00,37,5,74.9,5,49,24
2024-06-19 03:00:00,47,10,91.5,8,53,35
2024-06-19 04:00:00,44,10,87.6,7,48,33
2024-06-19 05:00:00,47,15,90.1,6,50,32
2024-06-19 06:00:00,51,17,97.7,8,54,40
2024-06-19 07:00:00,52,24,93.5,8,55,33
2024-06-19 08:00:00,56,23,99.7,9,51,37
2024-06-19 09:00:00,55,20,95.1,8,55,41
2024-06-19 10:00:00,57,21,101.1,8,55,36
2024-06-19 11:00:00,56,27,94.3,8,54,35
2024-06-19 12:00:00,57,22,102.5,7,55,39
2024-06-19 13:00:00,65,34,111.4,10,61,39
2024-06-19 14:00:00,61,32,103.3,8,59,40
2024-06-19 15:00:00,64,26,106.0,9,61,37
2024-06-19 16:00:00,65,21,101.8,9,62,39
2024-06-19 17:00:00,62,30,107.5,10,61,44
2024-06-19 18:00:00,61,24,105.6,8,59,41
2024-06-19 19:00:00,59,26,99.4,9,57,38
2024-06-19 20:00:00,51,14,89.1,7,54,33
2024-06-19 21:00:00,51,16,97.2,9,52,36
2024-06-19 22:00:00,55,16,101.9,8,53,37
2024-06-19 23:00:00,47,15,91.8,6,48,35
2024-06-20 00:00:00,43,11,89.0,4,46,34
2024-06-20 01:00:00,43,14,87.3,6,52,33
2024-06-20 02:00:00,44,8,86.9,5,49,34
2024-06-20 03:00:00,43,12,88.1,5,50,34
2024-06-20 04:00:00,51,13,92.2,6,52,32
2024-06-20 05:00:00,49,16,96.4,6,56,31
2024-06-20 06:00:00,53,18,96.2,8,57,36
2024-06-20 07:00:00,50,14,93.1,6,52,34
2024-06-20 08:00:00,49,15,91.6,6,52,35
2024-06-20 09:00:00,54,27,99.0,7,55,40
2024-06-20 10:00:00,56,25,103.7,6,54,38
2024-06-20 11:00:00,60,23,102.2,8,56,39
2024-06-20 12:00:00,64,32,108.1,9,59,39
2024-06-20 13:00:00,63,28,106.5,8,55,41
2024-06-20 14:00:00,59,32,103.7,8,54,38
2024-06-20 15:00:00,62,28,100.6,7,58,40
2024-06-20 16:00:00,60,34,110.8,9,61,42
2024-06-20 17:00:00,62,32,109.7,10,58,41
2024-06-20 18:00:00,59,23,105.0,7,60,36
2024-06-20 19:00:00,54,25,95.6,7,55,33
2024-06-20 20:00:00,57,22,103.9,9,54,40
2024-06-20 21:00:00,59,23,107.0,8,54,42
2024-06-20 22:00:00,51,13,95.5,6,52,36
2024-06-20 23:00:00,48,17,97.0,7,48,35
2024-06-21 00:00:00,47,17,93.6,6,50,35
2024-06-21 01:00:00,43,6,82.8,5,48,31
2024-06-21 02:00:00,42,8,86.8,5,45,31
2024-06-21 03:00:00,44,5,82.5,4,47,28
2024-06-21 04:00:00,43,12,85.6,4,49,29
2024-06-21 05:00:00,44,17,90.3,5,47,32
2024-06-21 06:00:00,52,21,96.5,8,55,36
2024-06-21 07:00:00,52,18,96.3,8,55,33
2024-06-21 08:00:00,54,26,93.6,7,53,35
2024-06-21 09:00:00,51,17,93.8,7,52,34
2024-06-21 10:00:00,57,18,99.9,9,55,34
2024-06-21 11:00:00,57,25,103.1,8,57,37
2024-06-21 12:00:00,61,28,106.8,9,58,41
2024-06-21 13:00:00,66,28,108.3,11,59,40
2024-06-21 14:00:00,61,21,101.1,8,55,41
2024-06-21 15:00:00,58,27,103.8,8,59,40
2024-06-21 16:00:00,56,22,98.5,9,54,39
2024-06-21 17:00:00,60,28,106.8,8,57,46
2024-06-21 18:00:00,55,25,100.6,8,57,37
2024-06-21 19:00:00,50,19,93.8,6,53,32
2024-06-21 20:00:00,54,18,94.4,8,52,34
2024-06-21 21:00:00,51,14,96.6,6,52,36
2024-06-21 22:00:00,51,16,95.1,7,50,36
2024-06-21 23:00:00,49,18,99.6,6,50,37
2024-06-22 00:00:00,45,10,89.4,4,39,32
2024-06-22 01:00:00,44,14,90.7,4,39,34
2024-06-22 02:00:00,46,10,84.1,6,39,34
2024-06-22 03:00:00,49,9,90.9,6,42,32
2024-06-22 04:00:00,45,13,87.8,6,41,31
2024-06-22 05:00:00,44,11,90.0,6,38,37
2024-06-22 06:00:00,46,14,90.9,6,40,31
2024-06-22 07:00:00,48,14,94.0,7,40,37
2024-06-22 08:00:00,56,27,107.2,9,43,40
2024-06-22 09:00:00,50,22,93.1,7,43,38
2024-06-22 10:00:00,58,22,103.2,8,42,38
2024-06-22 11:00:00,61,26,106.1,8,45,41
2024-06-22 12:00:00,56,27,106.7,10,43,37
2024-06-22 13:00:00,59,27,104.8,9,44,38
2024-06-22 14:00:00,63,30,108.1,9,46,41
2024-06-22 15:00:00,62,30,108.4,9,45,40
2024-06-22 16:00:00,62,25,106.5,8,46,38
2024-06-22 17:00:00,59,24,105.7,8,45,44
2024-06-22 18:00:00,61,23,100.0,8,46,38
2024-06-22 19:00:00,53,14,93.0,5,43,37
2024-06-22 20:00:00,50,15,97.6,6,42,40
2024-06-22 21:00:00,50,23,89.7,7,41,33
2024-06-22 22:00:00,53,22,96.8,7,43,36
2024-06-22 23:00:00,48,13,91.1,6,40,34
2024-06-23 00:00:00,49,15,91.3,6,41,35
2024-06-23 01:00:00,47,13,95.3,6,40,37
2024-06-23 02:00:00,43,23,92.6,6,39,36
2024-06-23 03:00:00,44,16,88.0,7,39,34
2024-06-23 04:00:00,44,13,86.0,6,39,31
2024-06-23 05:00:00,45,11,88.8,7,40,33
2024-06-23 06:00:00,47,10,92.6,6,42,32
2024-06-23 07:00:00,54,19,97.1,7,42,38
2024-06-23 08:00:00,56,17,97.0,7,43,41
2024-06-23 09:00:00,54,17,93.7,7,47,36
2024-06-23 10:00:00,56,22,100.4,8,42,41
2024-06-23 11:00:00,57,22,100.4,9,42,39
2024-06-23 12:00:00,63,33,105.0,9,49,39
2024-06-23 13:00:00,63,31,109.8,9,51,40
2024-06-23 14:00:00,64,28,111.4,9,50,40
2024-06-23 15:00:00,65,33,108.9,9,49,42
2024-06-23 16:00:00,55,27,101.2,7,44,39
2024-06-23 17:00:00,58,23,97.4,8,45,38
2024-06-23 18:00:00,63,29,108.2,8,48,39
2024-06-23 19:00:00,55,24,100.6,7,46,40
2024-06-23 20:00:00,55,16,95.8,8,44,35
2024-06-23 21:00:00,51,17,91.6,5,39,35
2024-06-23 22:00:00,49,13,97.0,5,39,35
2024-06-23 23:00:00,44,10,87.8,4,39,30
2024-06-24 00:00:00,45,16,87.0,4,47,30
2024-06-24 01:00:00,49,19,96.3,8,49,37
2024-06-24 02:00:00,46,7,88.2,6,51,33
2024-06-24 03:00:00,46,14,90.2,5,51,31
2024-06-24 04:00:00,43,11,89.5,4,52,32
2024-06-24 05:00:00,47,13,82.4,8,53,34
2024-06-24 06:00:00,52,14,88.3,7,52,35
2024-06-24 07:00:00,55,15,100.1,7,55,39
2024-06-24 08:00:00,53,20,96.0,8,52,40
2024-06-24 09:00:00,51,19,93.4,7,50,38
2024-06-24 10:00:00,60,25,98.8,8,60,38
2024-06-24 11:00:00,59,25,102.6,8,57,38
2024-06-24 12:00:00,63,26,105.9,8,61,45
2024-06-24 13:00:00,61,25,107.8,8,58,43
2024-06-24 14:00:00,59,26,103.6,9,58,38
2024-06-24 15:00:00,62,30,105.3,9,60,37
2024-06-24 16:00:00,64,29,108.2,10,59,37
2024-06-24 17:00:00,58,22,103.9,7,56,36
2024-06-24 18:00:00,55,24,102.1,7,56,37
2024-06-24 19:00:00,52,25,99.6,7,57,40
2024-06-24 20:00:00,50,14,93.3,6,53,37
2024-06-24 21:00:00,51,20,93.3,6,53,36
2024-06-24 22:00:00,51,14,89.8,7,51,35
2024-06-24 23:00:00,46,16,86.7,7,50,31
2024-06-25 00:00:00,50,10,92.1,6,50,32
2024-06-25 01:00:00,41,6,84.9,4,45,31
2024-06-25 02:00:00,50,6,92.7,5,50,37
2024-06-25 03:00:00,50,12,93.5,6,52,35
2024-06-25 04:00:00,47,14,93.6,7,52,36
2024-06-25 05:00:00,43,11,86.3,6,46,32
2024-06-25 06:00:00,50,18,96.2,8,53,33
2024-06-25 07:00:00,49,12,88.0,6,52,34
2024-06-25 08:00:00,50,20,94.5,6,51,34
2024-06-25 09:00:00,55,18,91.7,8,54,37
2024-06-25 10:00:00,55,22,98.5,7,57,34
2024-06-25 11:00:00,58,26,105.2,8,57,42
2024-06-25 12:00:00,59,24,102.2,9,53,36
2024-06-25 13:00:00,60,26,105.2,8,59,39
2024-06-25 14:00:00,68,32,111.1,11,62,39
2024-06-25 15:00:00,60,26,101.1,7,54,40
2024-06-25 16:00:00,63,30,105.6,9,57,38
2024-06-25 17:00:00,59,22,104.3,9,56,38
2024-06-25 18:00:00,59,26,104.6,10,58,41
2024-06-25 19:00:00,58,27,100.5,8,59,37
2024-06-25 20:00:00,53,11,89.5,8,51,34
2024-06-25 21:00:00,51,15,94.3,8,52,36
2024-06-25 22:00:00,51,18,92.5,9,55,35
2024-06-25 23:00:00,48,14,90.3,6,53,34
2024-06-26 00:00:00,46,14,85.9,8,50,31
2024-06-26 01:00:00,43,10,89.5,6,47,32
2024-06-26 02:00:00,45,12,88.5,5,51,34
2024-06-26 03:00:00,46,12,89.2,6,46,33
2024-06-26 04:00:00,49,17,90.1,6,52,34
2024-06-26 05:00:00,48,15,91.0,8,51,30
2024-06-26 06:00:00,49,17,93.4,7,51,35
2024-06-26 07:00:00,51,16,92.0,6,54,36
2024-06-26 08:00:00,52,18,94.4,8,55,37
2024-06-26 09:00:00,56,21,102.8,9,53,38
2024-06-26 10:00:00,58,25,96.0,8,55,37
2024-06-26 11:00:00,59,24,102.7,8,59,38
2024-06-26 12:00:00,64,28,103.7,9,56,42
2024-06-26 13:00:00,62,35,111.4,8,59,41
2024-06-26 14:00:00,64,31,107.0,10,64,43
2024-06-26 15:00:00,61,27,101.0,10,59,38
2024-06-26 16:00:00,67,31,108.8,9,61,39
2024-06-26 17:00:00,58,24,102.5,10,53,38
2024-06-26 18:00:00,57,17,106.6,8,51,38
2024-06-26 19:00:00,55,19,90.8,7,57,34
2024-06-26 20:00:00,48,13,87.5,7,49,31
2024-06-26 21:00:00,50,17,97.1,8,52,36
2024-06-26 22:00:00,52,16,89.7,7,55,36
2024-06-26 23:00:00,48,20,93.5,7,51,38
2024-06-27 00:00:00,41,14,85.3,5,48,30
2024-06-27 01:00:00,45,12,86.6,6,51,34
2024-06-27 02:00:00,43,15,87.9,6,52,36
2024-06-27 03:00:00,44,5,84.1,5,50,29
2024-06-27 04:00:00,51,14,95.9,6,55,32
2024-06-27 05:00:00,50,17,97.7,8,48,34
2024-06-27 06:00:00,52,11,93.8,7,53,35
2024-06-27 07:00:00,51,22,95.2,7,56,31
2024-06-27 08:00:00,54,21,98.0,9,55,39
2024-06-27 09:00:00,53,21,98.9,9,54,32
2024-06-27 10:00:00,57,26,104.0,9,54,39
2024-06-27 11:00:00,59,34,106.4,8,57,41
2024-06-27 12:00:00,58,28,106.7,9,60,41
2024-06-27 13:00:00,65,29,105.6,10,60,43
2024-06-27 14:00:00,56,26,104.2,7,55,42
2024-06-27 15:00:00,64,25,107.5,10,56,42
2024-06-27 16:00:00,65,30,105.6,9,61,39
2024-06-27 17:00:00,60,23,102.5,9,55,39
2024-06-27 18:00:00,55,24,100.1,7,55,38
2024-06-27 19:00:00,51,20,95.1,7,57,36
2024-06-27 20:00:00,53,22,96.4,8,56,35
2024-06-27 21:00:00,53,19,91.8,7,57,37
2024-06-27 22:00:00,51,20,92.6,7,53,34
2024-06-27 23:00:00,45,13,87.7,6,51,32
2024-06-28 00:00:00,49,12,89.4,5,54,32
2024-06-28 01:00:00,49,9,87.3,4,49,35
2024-06-28 02:00:00,44,10,90.7,5,49,38
2024-06-28 03:00:00,46,14,89.5,7,49,36
2024-06-28 04:00:00,43,16,95.2,5,48,33
2024-06-28 05:00:00,46,11,89.4,7,50,32
2024-06-28 06:00:00,52,19,98.3,8,51,34
2024-06-28 07:00:00,54,23,97.2,8,54,37
2024-06-28 08:00:00,53,21,94.8,7,55,37
2024-06-28 09:00:00,57,29,102.8,9,57,37
2024-06-28 10:00:00,56,21,102.6,9,54,37
2024-06-28 11:00:00,58,21,99.6,8,58,34
2024-06-28 12:00:00,60,21,102.6,8,55,39
2024-06-28 13:00:00,58,33,105.1,8,56,38
2024-06-28 14:00:00,62,30,105.8,9,62,39
2024-06-28 15:00:00,62,28,105.0,7,60,44
2024-06-28 16:00:00,60,28,100.5,8,57,39
2024-06-28 17:00:00,57,22,99.7,7,60,38
2024-06-28 18:00:00,59,33,106.7,9,57,40
2024-06-28 19:00:00,55,23,99.3,7,56,36
2024-06-28 20:00:00,54,20,97.6,6,51,39
2024-06-28 21:00:00,53,20,98.5,7,52,36
2024-06-28 22:00:00,45,18,90.8,6,52,31
2024-06-28 23:00:00,50,15,92.6,7,55,38
2024-06-29 00:00:00,45,10,90.0,5,39,32
2024-06-29 01:00:00,51,14,93.4,6,46,39
2024-06-29 02:00:00,44,19,89.5,5,42,35
2024-06-29 03:00:00,45,17,91.5,7,39,35
2024-06-29 04:00:00,48,19,92.3,6,41,32
2024-06-29 05:00:00,48,13,89.9,6,39,37
2024-06-29 06:00:00,44,13,88.2,4,39,37
2024-06-29 07:00:00,49,17,93.6,5,42,33
2024-06-29 08:00:00,55,20,94.6,7,44,36
2024-06-29 09:00:00,54,26,100.4,9,44,36
2024-06-29 10:00:00,59,18,105.5,7,47,39
2024-06-29 11:00:00,60,31,101.8,8,47,38
2024-06-29 12:00:00,58,26,100.6,8,47,41
2024-06-29 13:00:00,63,26,113.3,8,48,40
2024-06-29 14:00:00,65,24,103.3,9,48,41
2024-06-29 15:00:00,61,22,106.2,8,47,42
2024-06-29 16:00:00,65,30,106.8,8,49,39
2024-06-29 17:00:00,64,26,105.6,11,45,40
2024-06-29 18:00:00,54,19,96.6,7,46,35
2024-06-29 19:00:00,57,18,99.3,8,44,38
2024-06-29 20:00:00,49,19,89.0,6,40,37
2024-06-29 21:00:00,54,24,99.1,6,44,35
2024-06-29 22:00:00,49,15,91.0,6,42,35
2024-06-29 23:00:00,49,9,84.7,5,42,30
2024-06-30 00:00:00,49,12,94.6,6,43,37
2024-06-30 01:00:00,47,11,83.1,5,41,32
2024-06-30 02:00:00,44,3,90.8,6,41,35
2024-06-30 03:00:00,47,12,91.5,5,41,33
2024-06-30 04:00:00,46,12,85.4,6,40,30
2024-06-30 05:00:00,48,17,96.3,7,39,32
2024-06-30 06:00:00,55,22,96.3,7,46,36
2024-06-30 07:00:00,56,22,97.3,7,45,38
2024-06-30 08:00:00,53,19,90.7,7,42,35
2024-06-30 09:00:00,55,18,94.7,8,44,37
2024-06-30 10:00:00,60,33,103.6,9,47,38
2024-06-30 11:00:00,55,26,102.6,8,45,38
2024-06-30 12:00:00,60,27,106.9,8,46,36
2024-06-30 13:00:00,66,28,103.6,10,48,39
2024-06-30 14:00:00,60,29,105.0,9,44,43
2024-06-30 15:00:00,67,27,102.4,9,48,40
2024-06-30 16:00:00,63,25,105.6,8,47,44
2024-06-30 17:00:00,60,24,108.7,9,45,42
2024-06-30 18:00:00,59,24,96.4,9,46,39
2024-06-30 19:00:00,53,20,93.4,8,46,37
2024-06-30 20:00:00,52,18,97.3,7,41,38
2024-06-30 21:00:00,55,18,99.8,8,41,38
2024-06-30 22:00:00,48,15,88.5,6,43,35
2024-06-30 23:00:00,52,20,100.0,9,46,36
2024-07-01 00:00:00,40,4,80.2,4,47,32
2024-07-01 01:00:00,44,16,94.1,6,50,38
2024-07-01 02:00:00,51,16,95.5,6,52,36
2024-07-01 03:00:00,44,5,88.9,5,49,32
2024-07-01 04:00:00,45,12,89.4,7,50,31
2024-07-01 05:00:00,51,13,94.6,6,54,36
2024-07-01 06:00:00,51,11,94.3,7,49,35
2024-07-01 07:00:00,53,15,98.2,5,54,35
2024-07-01 08:00:00,51,16,93.7,7,51,33
2024-07-01 09:00:00,57,28,99.0,9,59,35
2024-07-01 10:00:00,59,27,102.9,9,55,39
2024-07-01 11:00:00,62,30,104.1,8,60,41
2024-07-01 12:00:00,60,29,102.6,8,57,40
2024-07-01 13:00:00,61,24,107.9,8,57,47
2024-07-01 14:00:00,62,26,106.3,8,60,42
2024-07-01 15:00:00,65,29,109.5,11,59,44
2024-07-01 16:00:00,61,23,106.1,9,55,40
2024-07-01 17:00:00,56,28,103.3,9,57,36
2024-07-01 18:00:00,57,23,105.7,8,55,39
2024-07-01 19:00:00,53,21,90.5,7,51,38
2024-07-01 20:00:00,56,22,96.1,7,56,35
2024-07-01 21:00:00,54,19,95.0,7,55,36
2024-07-01 22:00:00,49,15,88.1,6,52,33
2024-07-01 23:00:00,48,18,93.1,7,53,38
2024-07-02 00:00:00,46,9,88.4,6,46,34
2024-07-02 01:00:00,47,14,96.4,6,49,37
2024-07-02 02:00:00,44,14,91.5,4,50,33
2024-07-02 03:00:00,42,11,84.9,6,51,27
2024-07-02 04:00:00,42,14,88.5,5,49,32
2024-07-02 05:00:00,50,10,85.3,7,54,32
2024-07-02 06:00:00,52,19,95.7,8,52,36
2024-07-02 07:00:00,52,17,95.2,7,52,34
2024-07-02 08:00:00,56,18,95.2,6,54,33
2024-07-02 09:00:00,54,26,98.3,8,55,38
2024-07-02 10:00:00,53,22,94.7,7,51,35
2024-07-02 11:00:00,59,21,97.8,8,56,37
2024-07-02 12:00:00,60,21,103.5,7,57,36
2024-07-02 13:00:00,58,30,106.1,9,56,39
2024-07-02 14:00:00,61,24,104.7,7,56,41
2024-07-02 15:00:00,62,34,106.0,8,60,41
2024-07-02 16:00:00,57,20,96.7,7,57,36
2024-07-02 17:00:00,60,32,104.0,8,59,38
2024-07-02 18:00:00,52,25,96.7,8,54,36
2024-07-02 19:00:00,54,22,95.2,6,55,37
2024-07-02 20:00:00,51,18,97.8,6,53,37
2024-07-02 21:00:00,53,19,95.8,7,55,37
2024-07-02 22:00:00,49,16,94.7,7,55,37
2024-07-02 23:00:00,50,18,90.0,7,56,34
2024-07-03 00:00:00,40,13,83.8,5,46,34
2024-07-03 01:00:00,44,13,90.5,5,45,35
2024-07-03 02:00:00,46,11,91.5,5,51,32
2024-07-03 03:00:00,45,12,84.7,4,50,32
2024-07-03 04:00:00,49,14,92.6,8,51,36
2024-07-03 05:00:00,42,8,85.9,5,49,33
2024-07-03 06:00:00,50,11,89.3,6,51,33
2024-07-03 07:00:00,51,21,96.1,6,50,32
2024-07-03 08:00:00,52,21,91.2,6,51,37
2024-07-03 09:00:00,58,21,97.4,8,54,37
2024-07-03 10:00:00,61,24,104.6,7,59,35
2024-07-03 11:00:00,62,27,105.0,9,62,39
2024-07-03 12:00:00,65,25,106.5,9,59,42
2024-07-03 13:00:00,64,25,104.8,8,64,38
2024-07-03 14:00:00,60,29,105.7,8,54,38
2024-07-03 15:00:00,61,24,104.9,9,57,39
2024-07-03 16:00:00,60,28,106.5,8,58,40
2024-07-03 17:00:00,63,20,103.1,8,53,38
2024-07-03 18:00:00,61,28,103.5,9,62,39
2024-07-03 19:00:00,56,24,97.9,7,54,39
2024-07-03 20:00:00,56,21,95.6,7,55,36
2024-07-03 21:00:00,49,21,93.3,6,54,32
2024-07-03 22:00:00,52,22,94.5,7,51,38
2024-07-03 23:00:00,46,18,96.2,6,56,35
2024-07-04 00:00:00,40,7,80.5,5,47,28
2024-07-04 01:00:00,46,8,91.0,5,49,33
2024-07-04 02:00:00,47,10,88.2,5,48,30
2024-07-04 03:00:00,47,12,89.1,5,51,33
2024-07-04 04:00:00,47,15,91.6,6,48,35
2024-07-04 05:00:00,44,12,83.4,6,49,30
2024-07-04 06:00:00,47,17,88.8,6,54,32
2024-07-04 07:00:00,48,15,88.0,6,54,32
2024-07-04 08:00:00,52,18,94.2,8,52,37
2024-07-04 09:00:00,57,17,95.4,7,55,36
2024-07-04 10:00:00,59,21,104.9,9,58,38
2024-07-04 11:00:00,54,21,95.7,7,57,36
2024-07-04 12:00:00,58,24,93.8,7,60,35
2024-07-04 13:00:00,61,31,104.5,9,62,39
2024-07-04 14:00:00,55,25,101.5,7,53,36
2024-07-04 15:00:00,66,37,115.4,10,63,45
2024-07-04 16:00:00,61,29,103.7,9,55,38
2024-07-04 17:00:00,59,26,101.2,7,56,38
2024-07-04 18:00:00,60,21,101.5,8,55,39
2024-07-04 19:00:00,57,25,101.6,8,54,42
2024-07-04 20:00:00,52,18,91.7,7,54,36
2024-07-04 21:00:00,53,18,95.2,8,52,34
2024-07-04 22:00:00,55,25,99.1,8,56,35
2024-07-04 23:00:00,48,14,91.5,6,49,35
2024-07-05 00:00:00,49,17,92.6,7,53,33
2024-07-05 01:00:00,45,10,84.6,5,48,31
2024-07-05 02:00:00,45,12,89.5,6,49,33
2024-07-05 03:00:00,48,18,92.3,7,49,34
2024-07-05 04:00:00,44,11,87.2,5,51,32
2024-07-05 05:00:00,48,21,90.3,7,52,33
2024-07-05 06:00:00,54,18,98.2,9,55,33
2024-07-05 07:00:00,56,16,94.1,8,52,36
2024-07-05 08:00:00,58,22,105.5,6,58,41
2024-07-05 09:00:00,53,25,95.1,7,55,34
2024-07-05 10:00:00,55,26,102.1,7,55,40
2024-07-05 11:00:00,55,20,92.0,7,58,36
2024-07-05 12:00:00,60,24,96.0,9,58,37
2024-07-05 13:00:00,54,27,98.0,7,56,37
2024-07-05 14:00:00,60,28,97.1,10,54,39
2024-07-05 15:00:00,66,30,110.3,7,63,43
2024-07-05 16:00:00,63,28,105.8,9,60,37
2024-07-05 17:00:00,57,21,103.5,8,58,41
2024-07-05 18:00:00,57,25,100.4,7,55,39
2024-07-05 19:00:00,58,24,101.7,7,55,36
2024-07-05 20:00:00,56,22,98.6,8,59,34
2024-07-05 21:00:00,51,22,93.3,9,55,33
2024-07-05 22:00:00,50,19,92.7,8,50,37
2024-07-05 23:00:00,47,16,87.4,6,51,32
2024-07-06 00:00:00,43,13,88.6,7,41,34
2024-07-06 01:00:00,43,6,84.6,5,39,35
2024-07-06 02:00:00,45,14,88.7,7,39,31
2024-07-06 03:00:00,43,13,95.8,5,38,33
2024-07-06 04:00:00,48,14,90.1,5,41,34
2024-07-06 05:00:00,48,10,90.4,7,42,34
2024-07-06 06:00:00,50,12,91.7,8,40,36
2024-07-06 07:00:00,51,22,98.9,7,39,35
2024-07-06 08:00:00,49,20,94.3,7,41,34
2024-07-06 09:00:00,58,24,100.2,8,46,41
2024-07-06 10:00:00,56,24,106.8,10,46,41
2024-07-06 11:00:00,57,26,98.6,7,44,38
2024-07-06 12:00:00,59,30,103.0,8,47,38
2024-07-06 13:00:00,60,26,106.1,7,45,43
2024-07-06 14:00:00,66,28,105.3,8,49,42
2024-07-06 15:00:00,60,26,105.3,8,46,40
2024-07-06 16:00:00,58,25,99.9,8,47,34
2024-07-06 17:00:00,61,25,106.1,8,46,42
2024-07-06 18:00:00,58,25,104.5,9,46,40
2024-07-06 19:00:00,50,20,94.3,8,42,35
2024-07-06 20:00:00,56,24,97.3,8,44,39
2024-07-06 21:00:00,56,15,95.3,6,43,37
2024-07-06 22:00:00,43,15,88.1,6,40,32
2024-07-06 23:00:00,44,13,90.9,6,44,36
2024-07-07 00:00:00,41,18,88.8,5,41,33
2024-07-07 01:00:00,46,13,90.8,6,42,35
2024-07-07 02:00:00,49,16,93.3,6,41,35
2024-07-07 03:00:00,44,7,88.9,5,38,34
2024-07-07 04:00:00,50,14,91.9,6,38,37
2024-07-07 05:00:00,51,17,94.6,7,41,38
2024-07-07 06:00:00,54,16,95.8,8,41,35
2024-07-07 07:00:00,55,22,97.3,7,45,39
2024-07-07 08:00:00,52,18,98.3,8,42,35
2024-07-07 09:00:00,57,27,104.7,9,43,41
2024-07-07 10:00:00,58,32,107.4,9,47,40
2024-07-07 11:00:00,58,24,99.3,8,46,35
2024-07-07 12:00:00,60,25,104.2,9,44,40
2024-07-07 13:00:00,63,33,110.6,9,50,44
2024-07-07 14:00:00,67,34,114.6,10,48,45
2024-07-07 15:00:00,60,26,98.7,9,47,36
2024-07-07 16:00:00,58,25,101.6,7,45,39
2024-07-07 17:00:00,57,25,100.1,7,48,37
2024-07-07 18:00:00,58,19,104.3,7,46,41
2024-07-07 19:00:00,51,19,88.3,7,41,35
2024-07-07 20:00:00,52,16,91.5,7,45,32
2024-07-07 21:00:00,54,15,99.8,7,41,38
2024-07-07 22:00:00,50,16,91.8,8,40,33
2024-07-07 23:00:00,48,15,87.5,7,44,33
2024-07-08 00:00:00,48,18,97.1,6,52,33
2024-07-08 01:00:00,42,9,81.1,4,49,30
2024-07-08 02:00:00,44,15,92.2,6,51,34
2024-07-08 03:00:00,45,12,83.6,5,47,27
2024-07-08 04:00:00,47,13,85.8,7,54,32
2024-07-08 05:00:00,51,17,94.5,7,57,32
2024-07-08 06:00:00,49,12,88.3,6,47,35
2024-07-08 07:00:00,55,19,98.5,7,54,33
2024-07-08 08:00:00,58,21,105.2,8,57,39
2024-07-08 09:00:00,58,24,100.7,9,56,41
2024-07-08 10:00:00,61,25,108.3,8,57,39
2024-07-08 11:00:00,59,34,106.5,10,60,39
2024-07-08 12:00:00,57,25,103.7,8,58,39
2024-07-08 13:00:00,62,26,97.5,9,62,38
2024-07-08 14:00:00,58,26,103.6,10,53,34
2024-07-08 15:00:00,60,26,104.7,8,56,39
2024-07-08 16:00:00,62,25,102.9,9,57,41
2024-07-08 17:00:00,64,30,112.8,9,65,47
2024-07-08 18:00:00,58,29,101.7,9,60,37
2024-07-08 19:00:00,54,20,92.0,8,55,34
2024-07-08 20:00:00,54,17,98.2,6,54,38
2024-07-08 21:00:00,49,20,89.6,6,53,32
2024-07-08 22:00:00,49,14,91.7,7,54,37
2024-07-08 23:00:00,48,17,96.3,7,51,36
2024-07-09 00:00:00,47,14,91.6,7,51,34
2024-07-09 01:00:00,44,7,85.5,6,48,33
2024-07-09 02:00:00,45,17,89.2,8,48,30
2024-07-09 03:00:00,46,19,94.9,7,47,35
2024-07-09 04:00:00,44,11,83.8,7,48,30
2024-07-09 05:00:00,43,13,90.0,7,48,31
2024-07-09 06:00:00,51,17,100.4,6,53,38
2024-07-09 07:00:00,54,19,98.4,8,55,39
2024-07-09 08:00:00,56,22,98.6,8,53,37
2024-07-09 09:00:00,57,29,101.8,9,57,41
2024-07-09 10:00:00,56,23,97.8,9,54,36
2024-07-09 11:00:00,61,23,100.4,8,57,35
2024-07-09 12:00:00,61,22,102.7,9,58,37
2024-07-09 13:00:00,61,25,105.7,8,61,43
2024-07-09 14:00:00,66,28,112.6,11,59,46
2024-07-09 15:00:00,63,34,102.1,9,63,40
2024-07-09 16:00:00,60,25,95.2,7,55,35
2024-07-09 17:00:00,59,26,107.3,8,55,40
2024-07-09 18:00:00,54,24,98.5,8,55,37
2024-07-09 19:00:00,59,26,102.6,8,55,39
2024-07-09 20:00:00,56,29,102.9,9,54,40
2024-07-09 21:00:00,52,16,94.0,7,53,36
2024-07-09 22:00:00,54,14,100.8,6,51,35
2024-07-09 23:00:00,48,18,93.9,7,50,33
2024-07-10 00:00:00,41,15,85.9,6,49,33
2024-07-10 01:00:00,49,19,92.1,7,55,34
2024-07-10 02:00:00,46,14,89.6,7,50,33
2024-07-10 03:00:00,43,11,84.8,6,49,32
2024-07-10 04:00:00,48,15,96.6,6,49,35
2024-07-10 05:00:00,51,18,94.8,7,51,36
2024-07-10 06:00:00,48,19,89.2,7,47,35
2024-07-10 07:00:00,51,20,96.4,8,51,36
2024-07-10 08:00:00,58,24,105.5,9,58,42
2024-07-10 09:00:00,55,26,103.1,8,55,42
2024-07-10 10:00:00,59,29,101.3,9,58,37
2024-07-10 11:00:00,54,28,96.2,9,56,37
2024-07-10 12:00:00,57,26,105.5,8,58,39
2024-07-10 13:00:00,62,28,100.4,9,62,37
2024-07-10 14:00:00,66,32,110.4,10,62,42
2024-07-10 15:00:00,57,25,99.3,8,56,33
2024-07-10 16:00:00,61,28,108.7,9,60,42
2024-07-10 17:00:00,58,24,98.1,8,57,39
2024-07-10 18:00:00,60,24,100.1,7,53,39
2024-07-10 19:00:00,54,27,101.2,8,53,40
2024-07-10 20:00:00,55,21,100.3,7,54,36
2024-07-10 21:00:00,50,18,97.8,8,51,31
2024-07-10 22:00:00,49,11,92.0,6,51,33
2024-07-10 23:00:00,49,17,93.6,7,47,32
2024-07-11 00:00:00,46,15,93.7,6,52,35
2024-07-11 01:00:00,49,20,89.7,6,52,36
2024-07-11 02:00:00,45,11,85.5,5,52,32
2024-07-11 03:00:00,46,13,85.3,5,50,31
2024-07-11 04:00:00,46,14,81.6,7,51,33
2024-07-11 05:00:00,50,20,96.7,7,51,39
2024-07-11 06:00:00,50,16,97.2,8,50,37
2024-07-11 07:00:00,49,19,95.3,7,53,34
2024-07-11 08:00:00,53,22,98.5,8,54,37
2024-07-11 09:00:00,53,23,97.8,6,51,37
2024-07-11 10:00:00,57,22,100.2,9,58,37
2024-07-11 11:00:00,58,26,107.1,8,57,43
2024-07-11 12:00:00,64,31,111.8,8,59,44
2024-07-11 13:00:00,62,24,102.1,9,57,37
2024-07-11 14:00:00,60,28,107.1,8,59,38
2024-07-11 15:00:00,61,25,107.1,8,56,39
2024-07-11 16:00:00,64,31,109.1,9,60,39
2024-07-11 17:00:00,57,20,100.6,7,56,37
2024-07-11 18:00:00,55,22,99.8,8,54,37
2024-07-11 19:00:00,53,23,93.4,7,52,35
2024-07-11 20:00:00,57,25,96.4,8,59,37
2024-07-11 21:00:00,54,18,98.4,8,52,36
2024-07-11 22:00:00,48,14,88.1,6,50,30
2024-07-11 23:00:00,52,21,91.7,7,56,33
2024-07-12 00:00:00,38,8,76.0,5,46,26
2024-07-12 01:00:00,47,5,85.6,7,50,30
2024-07-12 02:00:00,45,14,90.4,7,53,34
2024-07-12 03:00:00,46,11,89.6,5,53,32
2024-07-12 04:00:00,45,9,89.9,5,48,31
2024-07-12 05:00:00,52,17,93.5,6,55,35
2024-07-12 06:00:00,47,17,91.8,7,48,35
2024-07-12 07:00:00,55,16,98.6,6,51,38
2024-07-12 08:00:00,53,16,96.5,6,54,41
2024-07-12 09:00:00,58,25,99.8,7,57,37
2024-07-12 10:00:00,58,26,102.5,9,58,39
2024-07-12 11:00:00,56,25,94.3,8,57,38
2024-07-12 12:00:00,65,33,108.9,10,62,44
2024-07-12 13:00:00,61,24,101.4,8,61,38
2024-07-12 14:00:00,64,23,108.9,7,63,38
2024-07-12 15:00:00,60,25,100.2,8,59,37
2024-07-12 16:00:00,60,27,103.5,7,58,40
2024-07-12 17:00:00,63,27,104.0,8,59,45
2024-07-12 18:00:00,62,23,101.9,9,58,36
2024-07-12 19:00:00,56,23,100.8,8,55,38
2024-07-12 20:00:00,50,16,92.0,7,54,33
2024-07-12 21:00:00,55,23,104.3,8,57,41
2024-07-12 22:00:00,49,16,86.3,6,50,31
2024-07-12 23:00:00,50,18,96.0,7,52,33
2024-07-13 00:00:00,46,14,89.7,5,38,29
2024-07-13 01:00:00,50,14,92.2,7,41,35
2024-07-13 02:00:00,44,14,89.5,7,40,33
2024-07-13 03:00:00,47,14,93.6,5,39,36
2024-07-13 04:00:00,46,15,91.0,7,40,34
2024-07-13 05:00:00,48,19,96.1,7,40,36
2024-07-13 06:00:00,49,17,92.6,6,39,35
2024-07-13 07:00:00,54,20,94.1,6,46,34
2024-07-13 08:00:00,56,20,97.9,8,42,37
2024-07-13 09:00:00,59,27,106.0,9,46,41
2024-07-13 10:00:00,57,22,98.3,7,46,35
2024-07-13 11:00:00,62,32,102.9,8,50,36
2024-07-13 12:00:00,63,27,107.1,9,45,41
2024-07-13 13:00:00,62,23,104.6,9,49,39
2024-07-13 14:00:00,55,28,98.6,9,45,40
2024-07-13 15:00:00,60,25,102.3,10,47,40
2024-07-13 16:00:00,61,30,104.6,8,50,39
2024-07-13 17:00:00,60,23,102.5,7,47,36
2024-07-13 18:00:00,57,22,101.9,8,43,41
2024-07-13 19:00:00,56,15,95.4,7,40,38
2024-07-13 20:00:00,50,18,96.3,8,43,38
2024-07-13 21:00:00,50,9,89.0,5,42,35
2024-07-13 22:00:00,50,10,96.3,5,40,33
2024-07-13 23:00:00,45,17,95.2,6,41,36
2024-07-14 00:00:00,54,16,92.8,7,41,37
2024-07-14 01:00:00,49,14,88.0,7,42,33
2024-07-14 02:00:00,44,9,89.8,5,37,33
2024-07-14 03:00:00,44,12,88.3,4,41,32
2024-07-14 04:00:00,46,13,91.1,9,44,32
2024-07-14 05:00:00,47,10,87.1,6,41,32
2024-07-14 06:00:00,52,21,95.9,9,44,33
2024-07-14 07:00:00,56,21,97.8,8,45,33
2024-07-14 08:00:00,52,19,96.6,6,43,35
2024-07-14 09:00:00,57,22,96.2,8,43,35
2024-07-14 10:00:00,55,25,98.9,9,47,42
2024-07-14 11:00:00,56,19,94.4,8,45,39
2024-07-14 12:00:00,61,26,102.5,9,47,39
2024-07-14 13:00:00,63,25,104.3,9,48,40
2024-07-14 14:00:00,59,24,103.4,8,47,41
2024-07-14 15:00:00,60,27,105.2,8,48,40
2024-07-14 16:00:00,66,33,111.9,11,50,42
2024-07-14 17:00:00,63,28,101.2,10,46,38
2024-07-14 18:00:00,58,22,104.0,7,46,39
2024-07-14 19:00:00,51,24,94.4,6,43,33
2024-07-14 20:00:00,61,25,101.8,8,45,41
2024-07-14 21:00:00,52,21,97.2,7,45,36
2024-07-14 22:00:00,49,16,91.4,7,41,37
2024-07-14 23:00:00,46,12,90.1,6,40,36
2024-07-15 00:00:00,48,16,93.3,7,50,36
2024-07-15 01:00:00,47,14,88.0,6,51,35
2024-07-15 02:00:00,49,15,91.3,8,53,34
2024-07-15 03:00:00,44,14,88.2,6,54,31
2024-07-15 04:00:00,47,17,94.1,6,48,33
2024-07-15 05:00:00,52,12,92.0,5,53,35
2024-07-15 06:00:00,51,21,94.1,7,47,37
2024-07-15 07:00:00,51,19,91.8,7,52,35
2024-07-15 08:00:00,53,27,96.4,7,55,40
2024-07-15 09:00:00,56,20,94.4,7,56,37
2024-07-15 10:00:00,62,30,103.7,10,62,38
2024-07-15 11:00:00,62,26,109.2,8,58,41
2024-07-15 12:00:00,59,25,104.3,8,60,41
2024-07-15 13:00:00,62,26,108.2,9,59,40
2024-07-15 14:00:00,66,27,104.3,10,59,39
2024-07-15 15:00:00,65,29,101.4,8,60,41
2024-07-15 16:00:00,59,29,104.6,8,58,41
2024-07-15 17:00:00,52,24,103.0,7,55,38
2024-07-15 18:00:00,58,24,99.9,8,55,37
2024-07-15 19:00:00,60,30,104.5,9,57,39
2024-07-15 20:00:00,53,26,93.6,8,57,36
2024-07-15 21:00:00,52,19,95.6,8,56,37
2024-07-15 22:00:00,49,16,92.0,6,50,36
2024-07-15 23:00:00,48,15,85.2,6,51,32
2024-07-16 00:00:00,46,15,86.9,7,51,30
2024-07-16 01:00:00,48,9,85.8,6,52,35
2024-07-16 02:00:00,45,11,83.7,7,50,34
2024-07-16 03:00:00,42,6,82.3,7,50,32
2024-07-16 04:00:00,49,14,93.5,6,52,38
2024-07-16 05:00:00,45,17,88.3,7,54,34
2024-07-16 06:00:00,52,14,97.4,6,58,37
2024-07-16 07:00:00,55,23,98.2,9,56,35
2024-07-16 08:00:00,56,16,97.8,6,55,35
2024-07-16 09:00:00,54,17,97.5,8,52,36
2024-07-16 10:00:00,57,25,105.1,8,56,41
2024-07-16 11:00:00,61,29,102.5,9,59,42
2024-07-16 12:00:00,62,33,108.2,10,61,44
2024-07-16 13:00:00,59,26,100.0,8,57,37
2024-07-16 14:00:00,62,32,111.3,8,61,42
2024-07-16 15:00:00,61,28,100.9,8,57,36
2024-07-16 16:00:00,58,26,102.8,8,59,42
2024-07-16 17:00:00,62,29,110.0,8,60,38
2024-07-16 18:00:00,58,26,98.5,7,58,37
2024-07-16 19:00:00,53,17,97.3,8,53,39
2024-07-16 20:00:00,52,25,94.8,9,54,36
2024-07-16 21:00:00,50,23,102.4,7,52,39
2024-07-16 22:00:00,54,14,89.1,7,55,34
2024-07-16 23:00:00,47,16,86.2,7,48,29
2024-07-17 00:00:00,48,15,88.3,7,50,34
2024-07-17 01:00:00,46,13,86.4,7,53,34
2024-07-17 02:00:00,38,10,84.7,5,47,30
2024-07-17 03:00:00,49,10,96.0,5,54,37
2024-07-17 04:00:00,48,13,94.3,7,53,34
2024-07-17 05:00:00,47,18,92.7,6,53,37
2024-07-17 06:00:00,50,18,93.8,7,53,35
2024-07-17 07:00:00,48,17,90.4,7,50,35
2024-07-17 08:00:00,59,23,102.4,7,57,39
2024-07-17 09:00:00,51,12,91.5,6,49,36
2024-07-17 10:00:00,58,28,102.8,7,57,39
2024-07-17 11:00:00,56,20,96.0,7,54,38
2024-07-17 12:00:00,61,26,99.8,8,54,39
2024-07-17 13:00:00,64,24,104.9,10,60,38
2024-07-17 14:00:00,65,23,105.5,9,60,42
2024-07-17 15:00:00,62,32,104.4,11,62,39
2024-07-17 16:00:00,61,25,101.3,9,56,38
2024-07-17 17:00:00,60,27,105.1,9,60,39
2024-07-17 18:00:00,55,24,100.6,7,51,37
2024-07-17 19:00:00,62,24,109.4,8,58,44
2024-07-17 20:00:00,57,20,103.3,7,60,36
2024-07-17 21:00:00,51,13,89.1,6,52,28
2024-07-17 22:00:00,54,19,96.6,7,53,35
2024-07-17 23:00:00,50,13,88.0,6,52,33
2024-07-18 00:00:00,45,8,81.5,6,51,29
2024-07-18 01:00:00,46,11,95.3,6,49,33
2024-07-18 02:00:00,51,17,98.4,7,53,38
2024-07-18 03:00:00,44,15,87.1,5,51,33
2024-07-18 04:00:00,50,12,95.6,7,53,41
2024-07-18 05:00:00,47,13,94.2,6,53,33
2024-07-18 06:00:00,53,15,88.9,7,57,35
2024-07-18 07:00:00,53,25,101.1,8,55,39
2024-07-18 08:00:00,55,21,96.6,6,56,36
2024-07-18 09:00:00,56,24,100.8,9,53,36
2024-07-18 10:00:00,57,28,111.0,8,59,41
2024-07-18 11:00:00,59,26,107.4,10,60,41
2024-07-18 12:00:00,64,26,105.3,9,61,39
2024-07-18 13:00:00,56,27,104.9,9,53,39
2024-07-18 14:00:00,59,28,97.1,8,57,37
2024-07-18 15:00:00,60,28,105.0,9,58,38
2024-07-18 16:00:00,59,29,105.1,9,56,42
2024-07-18 17:00:00,63,26,107.3,9,63,41
2024-07-18 18:00:00,62,27,102.8,8,59,39
2024-07-18 19:00:00,57,22,100.9,8,58,40
2024-07-18 20:00:00,52,20,98.5,8,56,37
2024-07-18 21:00:00,53,11,86.2,7,53,35
2024-07-18 22:00:00,46,19,90.9,7,49,32
2024-07-18 23:00:00,53,16,92.5,6,55,36
2024-07-19 00:00:00,46,17,92.5,7,55,34
2024-07-19 01:00:00,42,3,87.7,4,47,35
2024-07-19 02:00:00,46,19,90.0,5,50,35
2024-07-19 03:00:00,43,12,83.7,7,50,32
2024-07-19 04:00:00,52,17,95.3,8,55,36
2024-07-19 05:00:00,49,11,87.0,6,53,33
2024-07-19 06:00:00,53,18,95.2,8,54,38
2024-07-19 07:00:00,47,14,89.8,6,51,32
2024-07-19 08:00:00,53,18,97.7,7,49,36
2024-07-19 09:00:00,59,29,104.3,8,58,41
2024-07-19 10:00:00,58,23,101.5,8,55,37
2024-07-19 11:00:00,57,26,106.0,8,52,38
2024-07-19 12:00:00,64,30,108.1,9,64,43
2024-07-19 13:00:00,62,29,104.6,7,60,37
2024-07-19 14:00:00,60,29,102.8,8,54,41
2024-07-19 15:00:00,57,29,100.1,8,58,37
2024-07-19 16:00:00,65,35,106.3,10,65,38
2024-07-19 17:00:00,65,25,102.3,9,62,42
2024-07-19 18:00:00,55,25,103.0,8,58,35
2024-07-19 19:00:00,57,26,99.0,8,54,40
2024-07-19 20:00:00,57,24,101.7,7,55,44
2024-07-19 21:00:00,49,22,94.0,6,51,38
2024-07-19 22:00:00,49,18,93.1,6,52,34
2024-07-19 23:00:00,45,10,91.0,5,51,37
2024-07-20 00:00:00,51,19,94.9,6,43,38
2024-07-20 01:00:00,48,8,86.2,7,39,31
2024-07-20 02:00:00,46,13,87.8,6,40,31
2024-07-20 03:00:00,43,10,88.8,4,40,33
2024-07-20 04:00:00,45,13,90.4,5,41,35
2024-07-20 05:00:00,47,15,93.4,6,41,37
2024-07-20 06:00:00,47,17,91.1,6,40,36
2024-07-20 07:00:00,52,19,91.2,7,43,35
2024-07-20 08:00:00,57,26,102.3,7,43,37
2024-07-20 09:00:00,57,24,101.4,8,44,40
2024-07-20 10:00:00,57,23,101.3,7,43,40
2024-07-20 11:00:00,61,29,100.3,9,49,38
2024-07-20 12:00:00,62,31,104.1,10,50,39
2024-07-20 13:00:00,57,23,97.5,9,43,36
2024-07-20 14:00:00,63,30,107.6,8,46,38
2024-07-20 15:00:00,61,30,106.4,11,46,39
2024-07-20 16:00:00,57,26,101.0,9,47,41
2024-07-20 17:00:00,62,30,108.7,8,48,41
2024-07-20 18:00:00,56,23,104.1,7,47,38
2024-07-20 19:00:00,56,23,100.6,8,47,38
2024-07-20 20:00:00,56,19,99.9,8,45,37
2024-07-20 21:00:00,49,18,91.6,8,42,35
2024-07-20 22:00:00,49,12,88.7,7,43,33
2024-07-20 23:00:00,42,9,88.5,5,40,32
2024-07-21 00:00:00,52,19,92.6,7,44,31
2024-07-21 01:00:00,41,9,87.3,6,39,30
2024-07-21 02:00:00,43,9,91.2,4,40,34
2024-07-21 03:00:00,47,5,89.1,7,39,33
2024-07-21 04:00:00,45,11,88.0,5,39,34
2024-07-21 05:00:00,43,10,82.6,6,38,31
2024-07-21 06:00:00,53,22,97.5,8,47,39
2024-07-21 07:00:00,54,21,100.8,10,42,32
2024-07-21 08:00:00,51,18,94.0,7,44,35
2024-07-21 09:00:00,57,30,105.4,8,49,41
2024-07-21 10:00:00,58,27,103.1,8,46,39
2024-07-21 11:00:00,59,25,102.5,8,45,38
2024-07-21 12:00:00,54,18,95.2,7,44,35
2024-07-21 13:00:00,63,36,104.3,10,47,38
2024-07-21 14:00:00,65,23,104.0,10,46,39
2024-07-21 15:00:00,58,22,98.9,8,47,36
2024-07-21 16:00:00,60,31,106.6,8,49,40
2024-07-21 17:00:00,59,34,105.2,9,46,38
2024-07-21 18:00:00,61,29,107.7,8,46,43
2024-07-21 19:00:00,59,24,102.8,9,46,37
2024-07-21 20:00:00,57,22,98.4,8,45,40
2024-07-21 21:00:00,49,21,91.8,7,41,36
2024-07-21 22:00:00,51,19,93.2,8,40,37
2024-07-21 23:00:00,52,15,94.4,7,40,35
2024-07-22 00:00:00,48,13,89.7,7,49,31
2024-07-22 01:00:00,47,12,86.4,8,48,29
2024-07-22 02:00:00,43,9,89.5,6,49,35
2024-07-22 03:00:00,46,11,89.3,5,48,33
2024-07-22 04:00:00,48,7,89.5,6,49,33
2024-07-22 05:00:00,48,14,89.0,5,49,35
2024-07-22 06:00:00,45,13,85.8,6,47,37
2024-07-22 07:00:00,49,14,91.4,6,49,34
2024-07-22 08:00:00,57,21,93.1,7,55,38
2024-07-22 09:00:00,58,27,104.4,8,59,39
2024-07-22 10:00:00,59,27,100.7,9,60,40
2024-07-22 11:00:00,57,20,98.0,7,56,37
2024-07-22 12:00:00,63,23,105.3,9,61,42
2024-07-22 13:00:00,67,31,108.5,10,59,43
2024-07-22 14:00:00,64,25,101.7,9,60,38
2024-07-22 15:00:00,65,27,111.2,9,58,39
2024-07-22 16:00:00,60,29,99.7,9,59,33
2024-07-22 17:00:00,57,22,93.3,7,54,36
2024-07-22 18:00:00,57,24,103.5,8,55,42
2024-07-22 19:00:00,55,17,92.2,8,54,36
2024-07-22 20:00:00,57,18,101.8,9,58,41
2024-07-22 21:00:00,55,19,98.3,7,56,40
2024-07-22 22:00:00,49,10,91.5,6,50,35
2024-07-22 23:00:00,45,16,87.9,6,48,28
2024-07-23 00:00:00,42,13,84.5,6,47,29
2024-07-23 01:00:00,47,14,89.3,7,52,32
2024-07-23 02:00:00,48,13,87.9,7,51,30
2024-07-23 03:00:00,47,17,95.0,8,52,32
2024-07-23 04:00:00,51,14,90.9,8,51,34
2024-07-23 05:00:00,45,13,90.0,6,50,31
2024-07-23 06:00:00,47,16,94.0,8,51,33
2024-07-23 07:00:00,50,20,92.0,7,55,35
2024-07-23 08:00:00,52,20,96.9,7,57,34
2024-07-23 09:00:00,57,22,97.2,8,58,37
2024-07-23 10:00:00,56,22,98.4,7,58,37
2024-07-23 11:00:00,55,23,97.5,8,55,39
2024-07-23 12:00:00,62,22,100.7,7,56,37
2024-07-23 13:00:00,59,34,105.6,9,58,37
2024-07-23 14:00:00,58,24,97.3,9,56,36
2024-07-23 15:00:00,57,25,103.6,9,56,43
2024-07-23 16:00:00,61,24,99.7,9,58,41
2024-07-23 17:00:00,61,29,100.8,10,58,42
2024-07-23 18:00:00,62,23,102.7,10,57,40
2024-07-23 19:00:00,59,26,101.6,9,57,39
2024-07-23 20:00:00,57,18,99.0,9,57,35
2024-07-23 21:00:00,52,19,96.0,7,52,37
2024-07-23 22:00:00,46,13,84.7,6,53,29
2024-07-23 23:00:00,50,22,98.2,8,55,36
2024-07-24 00:00:00,47,9,87.7,6,50,34
2024-07-24 01:00:00,48,13,91.4,4,46,33
2024-07-24 02:00:00,45,14,95.7,6,46,36
2024-07-24 03:00:00,47,14,94.4,5,51,34
2024-07-24 04:00:00,44,12,88.5,5,51,28
2024-07-24 05:00:00,45,14,85.0,5,54,33
2024-07-24 06:00:00,47,16,87.0,6,50,34
2024-07-24 07:00:00,51,17,98.0,6,52,35
2024-07-24 08:00:00,52,23,95.5,6,51,36
2024-07-24 09:00:00,57,30,101.9,8,58,43
2024-07-24 10:00:00,59,22,97.9,8,57,39
2024-07-24 11:00:00,56,21,99.7,7,54,36
2024-07-24 12:00:00,59,27,106.3,9,58,41
2024-07-24 13:00:00,64,37,114.2,10,61,44
2024-07-24 14:00:00,62,25,102.6,8,60,38
2024-07-24 15:00:00,62,33,108.9,8,59,41
2024-07-24 16:00:00,64,33,108.0,11,60,38
2024-07-24 17:00:00,60,24,105.2,9,59,39
2024-07-24 18:00:00,61,26,103.8,8,58,37
2024-07-24 19:00:00,57,28,99.4,7,55,35
2024-07-24 20:00:00,52,19,99.3,7,51,36
2024-07-24 21:00:00,50,17,93.5,6,50,36
2024-07-24 22:00:00,50,14,91.1,7,51,30
2024-07-24 23:00:00,46,11,89.1,4,52,32
2024-07-25 00:00:00,44,11,85.4,5,48,29
2024-07-25 01:00:00,43,8,87.2,7,48,36
2024-07-25 02:00:00,44,12,87.0,6,47,29
2024-07-25 03:00:00,45,10,85.5,6,50,32
2024-07-25 04:00:00,43,14,95.0,5,50,32
2024-07-25 05:00:00,47,9,85.6,6,51,33
2024-07-25 06:00:00,51,17,95.5,5,57,31
2024-07-25 07:00:00,51,21,95.5,7,53,38
2024-07-25 08:00:00,56,13,93.2,5,55,40
2024-07-25 09:00:00,56,23,98.7,8,55,39
2024-07-25 10:00:00,55,28,96.6,8,60,37
2024-07-25 11:00:00,58,21,106.1,7,58,39
2024-07-25 12:00:00,63,33,106.3,10,61,38
2024-07-25 13:00:00,63,29,105.7,10,62,38
2024-07-25 14:00:00,61,26,109.1,9,59,40
2024-07-25 15:00:00,59,28,100.5,7,60,39
2024-07-25 16:00:00,59,29,107.0,8,57,39
2024-07-25 17:00:00,58,26,103.5,9,61,38
2024-07-25 18:00:00,57,26,95.1,9,53,37
2024-07-25 19:00:00,52,19,94.3,8,53,37
2024-07-25 20:00:00,52,21,97.3,7,57,40
2024-07-25 21:00:00,52,13,93.3,6,52,32
2024-07-25 22:00:00,53,16,95.3,7,55,40
2024-07-25 23:00:00,49,11,88.8,5,50,36
2024-07-26 00:00:00,49,10,88.4,6,52,35
2024-07-26 01:00:00,49,17,91.9,9,51,34
2024-07-26 02:00:00,49,16,98.0,6,54,35
2024-07-26 03:00:00,45,14,86.8,5,51,34
2024-07-26 04:00:00,46,9,86.5,6,46,32
2024-07-26 05:00:00,46,13,89.9,5,49,29
2024-07-26 06:00:00,50,20,90.3,7,51,34
2024-07-26 07:00:00,52,18,96.4,8,56,35
2024-07-26 08:00:00,58,28,98.5,9,55,39
2024-07-26 09:00:00,57,23,97.1,8,56,34
2024-07-26 10:00:00,58,25,97.6,9,61,42
2024-07-26 11:00:00,59,25,97.2,7,60,37
2024-07-26 12:00:00,62,27,108.7,9,57,38
2024-07-26 13:00:00,63,27,107.1,9,57,41
2024-07-26 14:00:00,59,30,106.6,7,56,41
2024-07-26 15:00:00,60,31,107.2,8,59,43
2024-07-26 16:00:00,63,24,103.7,9,57,40
2024-07-26 17:00:00,58,21,99.9,8,57,38
2024-07-26 18:00:00,55,18,99.9,7,55,38
2024-07-26 19:00:00,56,24,104.4,8,56,37
2024-07-26 20:00:00,52,16,90.6,7,53,34
2024-07-26 21:00:00,51,10,99.2,6,52,37
2024-07-26 22:00:00,47,17,87.7,7,50,31
2024-07-26 23:00:00,50,23,94.4,8,50,31
2024-07-27 00:00:00,47,13,90.4,5,41,33
2024-07-27 01:00:00,47,15,91.7,7,40,35
2024-07-27 02:00:00,46,12,95.1,7,42,38
2024-07-27 03:00:00,47,12,92.7,7,38,34
2024-07-27 04:00:00,46,16,91.8,6,40,34
2024-07-27 05:00:00,45,13,92.1,6,40,33
2024-07-27 06:00:00,56,17,98.3,8,46,38
2024-07-27 07:00:00,51,19,92.8,8,42,34
2024-07-27 08:00:00,52,18,96.8,7,43,37
2024-07-27 09:00:00,58,26,102.1,8,47,34
2024-07-27 10:00:00,62,23,100.7,8,48,39
2024-07-27 11:00:00,57,23,104.1,8,46,38
2024-07-27 12:00:00,59,29,103.1,8,49,39
2024-07-27 13:00:00,58,25,97.7,8,45,34
2024-07-27 14:00:00,66,28,104.7,8,51,40
2024-07-27 15:00:00,59,28,104.6,8,47,40
2024-07-27 16:00:00,62,31,109.0,9,48,43
2024-07-27 17:00:00,57,27,103.3,7,46,39
2024-07-27 18:00:00,54,24,100.0,7,45,38
2024-07-27 19:00:00,56,25,97.6,8,43,38
2024-07-27 20:00:00,53,25,98.2,9,44,35
2024-07-27 21:00:00,50,20,93.7,6,42,38
2024-07-27 22:00:00,55,16,95.5,7,46,33
2024-07-27 23:00:00,48,10,89.0,5,39,35
2024-07-28 00:00:00,48,9,87.3,5,44,30
2024-07-28 01:00:00,47,11,92.0,5,40,31
2024-07-28 02:00:00,45,10,84.4,5,37,30
2024-07-28 03:00:00,44,12,84.0,7,38,33
2024-07-28 04:00:00,47,13,87.9,7,39,31
2024-07-28 05:00:00,49,16,95.0,6,44,37
2024-07-28 06:00:00,48,16,92.7,6,39,35
2024-07-28 07:00:00,52,20,90.5,8,43,32
2024-07-28 08:00:00,52,20,97.6,7,45,36
2024-07-28 09:00:00,53,15,94.8,6,47,37
2024-07-28 10:00:00,56,21,97.4,8,44,39
2024-07-28 11:00:00,56,25,99.6,9,45,39
2024-07-28 12:00:00,54,23,93.8,8,42,37
2024-07-28 13:00:00,60,30,104.8,10,46,40
2024-07-28 14:00:00,68,33,107.0,10,53,40
2024-07-28 15:00:00,62,32,105.4,8,49,40
2024-07-28 16:00:00,62,26,103.7,7,49,42
2024-07-28 17:00:00,56,31,104.2,7,46,37
2024-07-28 18:00:00,55,25,99.7,8,46,38
2024-07-28 19:00:00,52,21,98.2,8,46,37
2024-07-28 20:00:00,52,18,91.8,8,42,34
2024-07-28 21:00:00,57,17,97.8,8,45,40
2024-07-28 22:00:00,50,15,94.4,6,41,36
2024-07-28 23:00:00,52,15,97.9,7,39,37
2024-07-29 00:00:00,46,14,86.2,5,51,33
2024-07-29 01:00:00,49,12,88.7,5,52,36
2024-07-29 02:00:00,51,14,94.4,7,52,35
2024-07-29 03:00:00,47,16,95.8,5,50,34
2024-07-29 04:00:00,46,16,91.5,6,51,35
2024-07-29 05:00:00,43,9,82.8,5,49,32
2024-07-29 06:00:00,46,7,84.2,6,53,33
2024-07-29 07:00:00,53,21,97.0,8,55,32
2024-07-29 08:00:00,57,15,98.7,8,56,37
2024-07-29 09:00:00,52,21,95.8,7,52,36
2024-07-29 10:00:00,57,20,95.6,7,54,38
2024-07-29 11:00:00,53,19,99.6,8,52,35
2024-07-29 12:00:00,60,29,103.2,8,58,40
2024-07-29 13:00:00,63,30,108.2,8,60,40
2024-07-29 14:00:00,63,26,99.4,8,59,38
2024-07-29 15:00:00,60,19,104.5,7,55,42
2024-07-29 16:00:00,61,25,101.5,9,53,39
2024-07-29 17:00:00,61,27,108.3,9,57,41
2024-07-29 18:00:00,56,19,100.1,7,57,39
2024-07-29 19:00:00,53,23,93.3,7,54,37
2024-07-29 20:00:00,49,20,94.5,6,52,30
2024-07-29 21:00:00,51,20,99.9,7,50,39
2024-07-29 22:00:00,49,16,91.0,7,52,37
2024-07-29 23:00:00,50,11,96.3,6,52,36
2024-07-30 00:00:00,47,17,93.0,6,50,31
2024-07-30 01:00:00,45,12,92.4,7,52,33
2024-07-30 02:00:00,46,12,89.7,6,53,31
2024-07-30 03:00:00,44,9,86.4,5,53,32
2024-07-30 04:00:00,48,12,95.8,7,49,36
2024-07-30 05:00:00,52,11,94.8,7,53,38
2024-07-30 06:00:00,55,15,95.3,7,52,39
2024-07-30 07:00:00,53,24,99.3,8,56,42
2024-07-30 08:00:00,53,15,93.1,7,54,34
2024-07-30 09:00:00,58,16,98.8,7,52,37
2024-07-30 10:00:00,59,29,107.0,10,58,40
2024-07-30 11:00:00,61,25,102.8,8,57,38
2024-07-30 12:00:00,57,25,98.2,8,54,38
2024-07-30 13:00:00,62,31,103.2,9,59,41
2024-07-30 14:00:00,64,26,106.0,11,63,45
2024-07-30 15:00:00,62,34,104.5,8,61,41
2024-07-30 16:00:00,61,29,100.7,8,57,36
2024-07-30 17:00:00,55,24,95.5,7,55,33
2024-07-30 18:00:00,65,32,111.7,10,56,41
2024-07-30 19:00:00,58,20,99.4,8,54,39
2024-07-30 20:00:00,55,23,98.7,7,58,37
2024-07-30 21:00:00,53,19,93.2,8,56,33
2024-07-30 22:00:00,52,21,94.1,8,54,34
2024-07-30 23:00:00,53,20,94.4,6,55,38
2024-07-31 00:00:00,45,13,88.2,5,53,35
2024-07-31 01:00:00,47,10,83.8,6,51,27
2024-07-31 02:00:00,49,14,94.6,5,51,36
2024-07-31 03:00:00,48,10,89.6,6,50,35
2024-07-31 04:00:00,43,20,90.5,7,49,33
2024-07-31 05:00:00,46,15,93.1,7,50,37
2024-07-31 06:00:00,47,15,92.9,7,54,38
2024-07-31 07:00:00,52,19,93.6,8,51,37
2024-07-31 08:00:00,47,15,92.9,6,50,35
2024-07-31 09:00:00,50,19,95.6,6,49,34
2024-07-31 10:00:00,64,28,107.6,10,62,44
2024-07-31 11:00:00,60,23,105.6,8,58,38
2024-07-31 12:00:00,60,23,104.5,8,61,41
2024-07-31 13:00:00,63,30,108.5,8,58,40
2024-07-31 14:00:00,63,32,111.5,9,58,40
2024-07-31 15:00:00,65,30,107.8,9,58,44
2024-07-31 16:00:00,60,30,104.9,9,59,42
2024-07-31 17:00:00,59,23,104.0,9,56,37
2024-07-31 18:00:00,57,19,98.1,7,56,38
2024-07-31 19:00:00,55,27,101.5,8,55,38
2024-07-31 20:00:00,56,19,96.6,7,58,34
2024-07-31 21:00:00,50,17,86.7,7,55,31
2024-07-31 22:00:00,53,21,98.7,9,54,36
2024-07-31 23:00:00,49,16,87.6,5,54,33
2024-08-01 00:00:00,51,15,91.2,6,52,38
2024-08-01 01:00:00,45,20,93.8,6,51,37
2024-08-01 02:00:00,42,10,88.2,4,44,33
2024-08-01 03:00:00,44,16,92.7,6,51,34
2024-08-01 04:00:00,47,13,84.0,6,51,28
2024-08-01 05:00:00,52,15,95.0,6,55,34
2024-08-01 06:00:00,55,21,97.4,7,56,39
2024-08-01 07:00:00,46,20,94.9,6,50,37
2024-08-01 08:00:00,55,22,102.7,7,55,36
2024-08-01 09:00:00,49,26,91.8,6,52,34
2024-08-01 10:00:00,59,23,101.6,8,59,36
2024-08-01 11:00:00,61,23,105.4,9,61,41
2024-08-01 12:00:00,60,23,100.9,9,59,39
2024-08-01 13:00:00,60,21,106.4,9,61,37
2024-08-01 14:00:00,64,35,107.7,11,62,42
2024-08-01 15:00:00,59,24,100.5,8,55,40
2024-08-01 16:00:00,62,26,101.0,8,56,40
2024-08-01 17:00:00,59,25,102.2,8,55,38
2024-08-01 18:00:00,60,25,93.9,8,57,37
2024-08-01 19:00:00,56,25,99.5,8,55,39
2024-08-01 20:00:00,52,23,100.8,7,54,33
2024-08-01 21:00:00,47,16,87.0,5,51,34
2024-08-01 22:00:00,45,15,84.6,7,50,28
2024-08-01 23:00:00,51,15,97.1,7,58,35
2024-08-02 00:00:00,45,12,92.3,6,51,34
2024-08-02 01:00:00,48,18,88.4,6,52,34
2024-08-02 02:00:00,50,14,97.7,7,54,36
2024-08-02 03:00:00,45,15,90.7,5,48,35
2024-08-02 04:00:00,46,15,93.1,7,49,33
2024-08-02 05:00:00,49,18,90.7,6,54,35
2024-08-02 06:00:00,50,17,97.6,7,52,37
2024-08-02 07:00:00,55,13,94.6,7,54,36
2024-08-02 08:00:00,58,21,99.2,9,54,37
2024-08-02 09:00:00,57,20,100.2,8,54,37
2024-08-02 10:00:00,61,22,101.1,8,57,38
2024-08-02 11:00:00,60,28,98.8,10,57,36
2024-08-02 12:00:00,63,31,107.1,8,64,40
2024-08-02 13:00:00,61,28,103.3,9,62,40
2024-08-02 14:00:00,59,29,101.2,9,60,38
2024-08-02 15:00:00,66,34,113.6,10,61,41
2024-08-02 16:00:00,62,28,112.4,9,58,42
2024-08-02 17:00:00,62,35,104.7,8,58,40
2024-08-02 18:00:00,58,26,102.6,7,58,38
2024-08-02 19:00:00,50,16,92.0,6,55,35
2024-08-02 20:00:00,52,23,103.5,7,55,37
2024-08-02 21:00:00,53,19,97.5,7,54,37
2024-08-02 22:00:00,49,21,97.1,6,54,37
2024-08-02 23:00:00,48,17,95.5,5,51,35
2024-08-03 00:00:00,46,13,89.7,7,40,34
2024-08-03 01:00:00,43,8,85.0,4,37,34
2024-08-03 02:00:00,43,11,91.3,6,38,33
2024-08-03 03:00:00,41,9,87.1,4,39,33
2024-08-03 04:00:00,46,11,85.9,7,39,31
2024-08-03 05:00:00,50,16,91.0,6,40,35
2024-08-03 06:00:00,47,22,92.0,5,42,33
2024-08-03 07:00:00,52,19,98.9,7,43,33
2024-08-03 08:00:00,53,16,99.5,6,42,40
2024-08-03 09:00:00,54,24,104.6,8,44,38
2024-08-03 10:00:00,62,28,103.3,9,43,40
2024-08-03 11:00:00,58,24,101.3,7,46,38
2024-08-03 12:00:00,60,26,102.3,8,47,37
2024-08-03 13:00:00,61,28,103.9,8,49,42
2024-08-03 14:00:00,57,25,103.4,8,45,40
2024-08-03 15:00:00,65,30,107.4,10,49,39
2024-08-03 16:00:00,58,27,106.1,8,47,41
2024-08-03 17:00:00,59,27,101.5,9,46,42
2024-08-03 18:00:00,58,21,102.5,7,46,39
2024-08-03 19:00:00,59,21,99.2,6,45,40
2024-08-03 20:00:00,52,23,90.9,6,40,37
2024-08-03 21:00:00,50,17,90.2,7,42,32
2024-08-03 22:00:00,55,22,98.6,7,42,38
2024-08-03 23:00:00,49,13,96.8,7,40,33
2024-08-04 00:00:00,48,14,89.9,7,42,33
2024-08-04 01:00:00,44,16,88.5,5,42,32
2024-08-04 02:00:00,43,7,86.9,6,40,31
2024-08-04 03:00:00,43,6,83.6,6,40,29
2024-08-04 04:00:00,43,8,84.1,6,39,29
2024-08-04 05:00:00,45,19,90.9,5,42,31
2024-08-04 06:00:00,48,14,89.6,5,44,30
2024-08-04 07:00:00,57,27,96.3,8,44,36
2024-08-04 08:00:00,53,18,93.9,7,42,33
2024-08-04 09:00:00,59,23,103.4,9,47,38
2024-08-04 10:00:00,60,29,106.0,8,44,38
2024-08-04 11:00:00,59,33,109.1,9,47,38
2024-08-04 12:00:00,66,34,113.6,9,49,44
2024-08-04 13:00:00,63,32,104.6,10,47,40
2024-08-04 14:00:00,65,32,106.2,9,45,41
2024-08-04 15:00:00,59,30,102.0,9,49,39
2024-08-04 16:00:00,64,30,106.6,9,47,42
2024-08-04 17:00:00,62,24,101.4,7,45,38
2024-08-04 18:00:00,58,21,99.3,8,47,41
2024-08-04 19:00:00,54,22,95.0,8,39,33
2024-08-04 20:00:00,53,19,98.8,7,46,34
2024-08-04 21:00:00,53,16,92.0,8,46,30
2024-08-04 22:00:00,51,18,91.4,6,41,31
2024-08-04 23:00:00,50,18,95.4,6,41,35
2024-08-05 00:00:00,49,13,93.8,6,52,34
2024-08-05 01:00:00,45,17,90.0,6,51,35
2024-08-05 02:00:00,41,8,87.3,4,50,31
2024-08-05 03:00:00,45,12,90.9,7,51,37
2024-08-05 04:00:00,45,11,93.6,4,51,35
2024-08-05 05:00:00,48,8,91.1,5,57,35
2024-08-05 06:00:00,47,16,96.0,5,48,37
2024-08-05 07:00:00,54,18,96.3,8,57,35
2024-08-05 08:00:00,58,25,106.1,7,60,43
2024-08-05 09:00:00,56,24,104.4,9,54,40
2024-08-05 10:00:00,57,20,98.7,8,54,41
2024-08-05 11:00:00,59,32,102.7,8,59,41
2024-08-05 12:00:00,61,31,103.8,9,56,40
2024-08-05 13:00:00,61,30,106.4,9,57,39
2024-08-05 14:00:00,65,27,103.5,10,60,39
2024-08-05 15:00:00,60,24,101.5,8,56,39
2024-08-05 16:00:00,57,26,104.7,9,56,37
2024-08-05 17:00:00,61,29,107.0,9,57,36
2024-08-05 18:00:00,62,31,98.7,9,57,37
2024-08-05 19:00:00,57,27,97.8,7,58,36
2024-08-05 20:00:00,57,18,104.8,7,55,40
2024-08-05 21:00:00,52,14,97.4,7,53,39
2024-08-05 22:00:00,47,16,89.6,6,53,33
2024-08-05 23:00:00,45,8,82.4,5,49,28
2024-08-06 00:00:00,47,14,87.0,8,50,33
2024-08-06 01:00:00,41,12,87.5,6,46,32
2024-08-06 02:00:00,46,10,94.3,6,51,34
2024-08-06 03:00:00,40,7,88.9,5,51,31
2024-08-06 04:00:00,50,15,87.7,7,54,37
2024-08-06 05:00:00,50,12,90.7,6,49,36
2024-08-06 06:00:00,50,12,88.8,8,47,35
2024-08-06 07:00:00,47,8,88.7,6,48,29
2024-08-06 08:00:00,54,20,93.1,8,51,33
2024-08-06 09:00:00,56,28,99.8,10,54,34
2024-08-06 10:00:00,57,30,99.7,9,52,37
2024-08-06 11:00:00,58,24,102.8,8,57,41
2024-08-06 12:00:00,62,25,102.4,8,56,39
2024-08-06 13:00:00,62,29,104.5,9,57,39
2024-08-06 14:00:00,64,25,107.0,9,58,37
2024-08-06 15:00:00,64,29,111.5,10,58,43
2024-08-06 16:00:00,63,30,112.7,10,59,41
2024-08-06 17:00:00,57,30,103.6,8,54,41
2024-08-06 18:00:00,57,24,100.0,8,58,36
2024-08-06 19:00:00,53,21,100.8,7,55,37
2024-08-06 20:00:00,52,17,98.4,6,54,36
2024-08-06 21:00:00,49,15,94.7,6,51,34
2024-08-06 22:00:00,48,15,87.0,6,54,34
2024-08-06 23:00:00,51,16,97.1,9,53,34
2024-08-07 00:00:00,49,16,93.3,7,52,34
2024-08-07 01:00:00,47,9,86.4,5,52,32
2024-08-07 02:00:00,43,17,86.8,5,46,33
2024-08-07 03:00:00,46,11,90.3,5,50,33
2024-08-07 04:00:00,49,13,83.8,7,50,34
2024-08-07 05:00:00,51,12,91.8,5,51,30
2024-08-07 06:00:00,43,8,83.8,7,50,32
2024-08-07 07:00:00,51,21,93.5,7,56,35
2024-08-07 08:00:00,57,23,98.5,8,58,39
2024-08-07 09:00:00,55,21,93.7,7,55,33
2024-08-07 10:00:00,56,24,102.7,9,55,42
2024-08-07 11:00:00,56,27,94.7,8,59,39
2024-08-07 12:00:00,57,21,100.0,8,54,37
2024-08-07 13:00:00,57,26,98.4,8,60,38
2024-08-07 14:00:00,63,31,112.5,10,59,40
2024-08-07 15:00:00,63,23,103.9,10,58,41
2024-08-07 16:00:00,58,28,96.0,9,56,35
2024-08-07 17:00:00,59,21,102.1,7,56,39
2024-08-07 18:00:00,60,26,99.9,9,56,36
2024-08-07 19:00:00,56,22,101.8,8,55,41
2024-08-07 20:00:00,48,14,93.1,8,52,36
2024-08-07 21:00:00,54,22,101.9,8,54,42
2024-08-07 22:00:00,49,13,91.9,7,46,35
2024-08-07 23:00:00,47,12,91.8,6,55,31
2024-08-08 00:00:00,45,14,89.4,5,53,34
2024-08-08 01:00:00,47,16,89.5,7,49,38
2024-08-08 02:00:00,46,8,90.8,6,48,33
2024-08-08 03:00:00,52,12,89.3,8,52,35
2024-08-08 04:00:00,47,15,90.6,5,52,35
2024-08-08 05:00:00,52,17,93.1,6,54,32
2024-08-08 06:00:00,51,17,96.2,7,50,36
2024-08-08 07:00:00,51,17,91.0,8,57,36
2024-08-08 08:00:00,53,17,94.3,7,53,37
2024-08-08 09:00:00,53,22,97.3,7,58,36
2024-08-08 10:00:00,57,20,103.9,8,55,37
2024-08-08 11:00:00,52,15,92.3,6,55,33
2024-08-08 12:00:00,59,28,102.1,9,58,38
2024-08-08 13:00:00,63,31,102.5,9,58,39
2024-08-08 14:00:00,63,20,99.6,9,59,35
2024-08-08 15:00:00,64,24,106.4,8,59,43
2024-08-08 16:00:00,61,29,104.8,10,60,41
2024-08-08 17:00:00,62,33,106.8,7,58,45
2024-08-08 18:00:00,60,24,107.8,7,57,41
2024-08-08 19:00:00,52,20,90.4,9,55,34
2024-08-08 20:00:00,54,19,104.1,7,51,36
2024-08-08 21:00:00,51,23,99.5,7,51,34
2024-08-08 22:00:00,48,14,90.3,5,51,32
2024-08-08 23:00:00,46,12,90.0,5,50,31
2024-08-09 00:00:00,47,11,87.5,6,50,32
2024-08-09 01:00:00,46,9,89.0,6,51,32
2024-08-09 02:00:00,48,12,96.8,6,51,38
2024-08-09 03:00:00,48,18,90.6,5,54,35
2024-08-09 04:00:00,47,14,90.0,6,52,35
2024-08-09 05:00:00,52,13,91.3,7,51,31
2024-08-09 06:00:00,45,15,88.0,6,51,33
2024-08-09 07:00:00,54,12,93.4,7,53,32
2024-08-09 08:00:00,54,23,94.7,6,53,37
2024-08-09 09:00:00,57,22,98.9,7,53,36
2024-08-09 10:00:00,57,23,100.2,9,54,35
2024-08-09 11:00:00,61,37,106.2,9,58,39
2024-08-09 12:00:00,62,28,98.3,8,61,36
2024-08-09 13:00:00,63,25,104.5,9,58,41
2024-08-09 14:00:00,63,27,104.8,8,61,39
2024-08-09 15:00:00,61,32,111.7,9,57,42
2024-08-09 16:00:00,70,27,110.1,9,60,40
2024-08-09 17:00:00,61,21,104.7,9,56,39
2024-08-09 18:00:00,61,27,102.9,8,58,37
2024-08-09 19:00:00,54,20,101.0,7,55,37
2024-08-09 20:00:00,54,27,96.5,8,57,37
2024-08-09 21:00:00,52,22,97.8,8,56,37
2024-08-09 22:00:00,52,14,96.2,6,48,39
2024-08-09 23:00:00,47,19,93.9,6,55,32
2024-08-10 00:00:00,44,13,94.7,7,38,34
2024-08-10 01:00:00,48,15,89.7,6,41,32
2024-08-10 02:00:00,47,14,94.3,6,42,35
2024-08-10 03:00:00,43,9,89.6,4,40,33
2024-08-10 04:00:00,43,11,87.0,6,41,30
2024-08-10 05:00:00,52,18,100.8,7,44,38
2024-08-10 06:00:00,50,15,92.3,5,42,34
2024-08-10 07:00:00,48,17,91.8,6,42,37
2024-08-10 08:00:00,49,17,92.9,7,40,32
2024-08-10 09:00:00,55,24,95.3,8,43,35
2024-08-10 10:00:00,62,31,108.2,8,46,43
2024-08-10 11:00:00,60,22,103.4,7,42,39
2024-08-10 12:00:00,64,27,105.5,9,46,38
2024-08-10 13:00:00,59,33,110.2,8,45,41
2024-08-10 14:00:00,62,28,103.9,9,46,36
2024-08-10 15:00:00,66,29,102.7,11,49,41
2024-08-10 16:00:00,63,23,109.8,9,46,40
2024-08-10 17:00:00,61,27,107.0,9,48,40
2024-08-10 18:00:00,63,23,106.3,8,44,41
2024-08-10 19:00:00,58,26,100.8,8,44,37
2024-08-10 20:00:00,57,24,101.8,7,44,33
2024-08-10 21:00:00,54,27,95.8,7,46,35
2024-08-10 22:00:00,48,18,91.9,5,42,29
2024-08-10 23:00:00,46,15,87.5,6,41,36
2024-08-11 00:00:00,47,14,91.2,6,39,33
2024-08-11 01:00:00,45,11,90.7,5,41,32
2024-08-11 02:00:00,41,13,83.3,5,39,27
2024-08-11 03:00:00,43,11,88.9,5,36,34
2024-08-11 04:00:00,46,14,90.2,6,41,34
2024-08-11 05:00:00,51,19,96.8,8,43,36
2024-08-11 06:00:00,48,12,90.1,7,40,34
2024-08-11 07:00:00,52,22,98.8,7,43,35
2024-08-11 08:00:00,52,25,95.6,7,42,34
2024-08-11 09:00:00,56,22,93.7,7,46,38
2024-08-11 10:00:00,59,17,94.7,9,46,35
2024-08-11 11:00:00,59,24,100.2,8,44,39
2024-08-11 12:00:00,58,31,99.0,9,46,37
2024-08-11 13:00:00,58,28,107.3,8,45,40
2024-08-11 14:00:00,62,25,103.8,9,45,44
2024-08-11 15:00:00,61,26,106.2,9,49,43
2024-08-11 16:00:00,61,30,107.7,10,46,42
2024-08-11 17:00:00,58,28,102.6,7,44,39
2024-08-11 18:00:00,59,23,111.9,8,43,43
2024-08-11 19:00:00,55,21,106.6,8,43,36
2024-08-11 20:00:00,53,19,100.0,6,40,37
2024-08-11 21:00:00,48,15,88.9,7,41,32
2024-08-11 22:00:00,53,22,101.6,8,45,39
2024-08-11 23:00:00,47,13,84.9,7,42,33
2024-08-12 00:00:00,49,17,97.2,7,53,38
2024-08-12 01:00:00,44,18,82.2,6,55,31
2024-08-12 02:00:00,51,15,92.4,7,53,34
2024-08-12 03:00:00,48,11,93.9,7,49,36
2024-08-12 04:00:00,42,14,88.6,5,51,35
2024-08-12 05:00:00,46,14,85.3,6,51,29
2024-08-12 06:00:00,50,13,92.4,7,52,34
2024-08-12 07:00:00,48,19,94.3,6,53,30
2024-08-12 08:00:00,52,16,95.0,6,52,38
2024-08-12 09:00:00,58,26,100.6,9,61,37
2024-08-12 10:00:00,57,22,102.3,9,53,39
2024-08-12 11:00:00,61,26,107.3,8,60,38
2024-08-12 12:00:00,59,28,102.8,9,58,39
2024-08-12 13:00:00,56,27,105.1,8,57,38
2024-08-12 14:00:00,65,30,107.2,9,59,39
2024-08-12 15:00:00,64,26,104.0,11,62,42
2024-08-12 16:00:00,68,30,113.7,9,63,41
2024-08-12 17:00:00,53,21,100.5,7,52,40
2024-08-12 18:00:00,60,24,100.5,8,60,41
2024-08-12 19:00:00,53,29,97.1,6,56,35
2024-08-12 20:00:00,57,16,103.1,7,54,42
2024-08-12 21:00:00,52,16,94.0,6,50,37
2024-08-12 22:00:00,48,18,92.2,7,53,39
2024-08-12 23:00:00,50,15,91.9,5,51,38
2024-08-13 00:00:00,45,14,93.5,7,51,35
2024-08-13 01:00:00,47,14,96.8,5,54,38
2024-08-13 02:00:00,46,14,90.4,7,49,33
2024-08-13 03:00:00,51,16,101.1,6,55,40
2024-08-13 04:00:00,51,15,91.8,7,50,32
2024-08-13 05:00:00,46,13,88.8,7,53,32
2024-08-13 06:00:00,53,18,97.8,8,57,35
2024-08-13 07:00:00,54,25,96.4,7,57,36
2024-08-13 08:00:00,50,20,96.3,8,54,35
2024-08-13 09:00:00,53,19,94.4,8,56,36
2024-08-13 10:00:00,65,28,102.1,7,59,40
2024-08-13 11:00:00,60,25,97.7,8,55,38
2024-08-13 12:00:00,61,19,100.5,10,56,39
2024-08-13 13:00:00,62,31,107.2,10,64,39
2024-08-13 14:00:00,60,26,99.0,8,55,36
2024-08-13 15:00:00,62,27,105.1,9,60,39
2024-08-13 16:00:00,60,28,104.6,8,58,39
2024-08-13 17:00:00,56,26,100.0,9,55,40
2024-08-13 18:00:00,56,26,97.8,7,59,37
2024-08-13 19:00:00,57,21,100.0,9,56,36
2024-08-13 20:00:00,53,22,96.7,8,56,38
2024-08-13 21:00:00,51,17,97.2,7,58,36
2024-08-13 22:00:00,51,19,90.6,8,53,34
2024-08-13 23:00:00,49,16,93.1,7,53,37
2024-08-14 00:00:00,48,10,86.1,7,52,34
2024-08-14 01:00:00,44,16,88.5,7,49,33
2024-08-14 02:00:00,46,10,85.3,6,51,32
2024-08-14 03:00:00,48,15,88.9,7,54,33
2024-08-14 04:00:00,49,14,92.1,6,53,32
2024-08-14 05:00:00,46,21,90.5,6,52,33
2024-08-14 06:00:00,50,15,97.2,7,46,36
2024-08-14 07:00:00,55,17,100.4,8,52,35
2024-08-14 08:00:00,53,20,99.1,7,58,35
2024-08-14 09:00:00,57,21,101.5,7,54,43
2024-08-14 10:00:00,60,27,104.1,8,60,43
2024-08-14 11:00:00,55,20,101.8,7,52,37
2024-08-14 12:00:00,64,23,104.0,9,57,38
2024-08-14 13:00:00,62,24,109.9,8,59,42
2024-08-14 14:00:00,64,31,104.8,10,63,39
2024-08-14 15:00:00,59,34,101.8,9,60,39
2024-08-14 16:00:00,63,27,100.8,8,59,38
2024-08-14 17:00:00,61,25,99.5,8,55,37
2024-08-14 18:00:00,62,24,98.8,8,54,35
2024-08-14 19:00:00,56,26,101.3,10,55,36
2024-08-14 20:00:00,50,17,96.1,7,53,35
2024-08-14 21:00:00,50,19,94.2,7,53,34
2024-08-14 22:00:00,49,19,89.6,8,57,31
2024-08-14 23:00:00,45,16,88.8,6,47,36
2024-08-15 00:00:00,50,14,94.8,6,51,36
2024-08-15 01:00:00,50,16,92.0,6,56,34
2024-08-15 02:00:00,42,3,81.2,4,49,31
2024-08-15 03:00:00,45,15,85.0,6,48,31
2024-08-15 04:00:00,41,11,84.3,6,44,36
2024-08-15 05:00:00,48,8,86.7,5,49,38
2024-08-15 06:00:00,54,18,96.1,7,52,40
2024-08-15 07:00:00,51,23,97.7,7,53,38
2024-08-15 08:00:00,53,20,95.5,8,59,35
2024-08-15 09:00:00,58,25,102.0,8,55,35
2024-08-15 10:00:00,64,30,108.1,10,58,44
2024-08-15 11:00:00,61,30,101.7,9,61,38
2024-08-15 12:00:00,63,33,112.9,9,60,42
2024-08-15 13:00:00,63,30,104.2,9,62,40
2024-08-15 14:00:00,58,28,104.4,8,59,40
2024-08-15 15:00:00,56,22,96.0,7,54,37
2024-08-15 16:00:00,58,26,102.5,8,58,37
2024-08-15 17:00:00,61,23,103.1,10,58,39
2024-08-15 18:00:00,59,32,109.4,7,55,40
2024-08-15 19:00:00,54,21,97.1,8,59,39
2024-08-15 20:00:00,52,20,100.1,8,52,37
2024-08-15 21:00:00,52,20,96.4,6,53,35
2024-08-15 22:00:00,54,16,101.2,7,53,38
2024-08-15 23:00:00,49,20,88.6,7,53,33
2024-08-16 00:00:00,44,11,88.8,3,49,33
2024-08-16 01:00:00,46,13,81.3,6,51,28
2024-08-16 02:00:00,49,9,90.0,5,50,31
2024-08-16 03:00:00,43,8,88.7,6,50,32
2024-08-16 04:00:00,43,11,91.1,5,47,34
2024-08-16 05:00:00,46,14,92.4,7,50,32
2024-08-16 06:00:00,49,14,91.3,6,48,35
2024-08-16 07:00:00,53,16,96.2,7,54,38
2024-08-16 08:00:00,55,15,103.4,6,57,36
2024-08-16 09:00:00,53,22,97.3,7,54,35
2024-08-16 10:00:00,54,19,99.5,7,58,34
2024-08-16 11:00:00,59,28,102.2,9,56,36
2024-08-16 12:00:00,63,27,108.4,10,56,36
2024-08-16 13:00:00,57,23,102.7,9,59,39
2024-08-16 14:00:00,60,27,101.6,8,57,37
2024-08-16 15:00:00,59,25,104.7,8,55,40
2024-08-16 16:00:00,63,28,108.5,8,60,43
2024-08-16 17:00:00,62,30,108.2,8,60,39
2024-08-16 18:00:00,58,17,98.8,7,58,39
2024-08-16 19:00:00,59,22,105.0,9,56,42
2024-08-16 20:00:00,53,19,93.2,6,51,34
2024-08-16 21:00:00,49,20,94.1,7,52,31
2024-08-16 22:00:00,47,17,91.6,7,51,32
2024-08-16 23:00:00,42,12,90.2,5,51,38
2024-08-17 00:00:00,45,12,85.5,6,37,31
2024-08-17 01:00:00,44,9,87.6,6,39,34
2024-08-17 02:00:00,48,16,90.5,6,42,34
2024-08-17 03:00:00,46,12,89.4,6,42,30
2024-08-17 04:00:00,47,20,93.7,6,40,36
2024-08-17 05:00:00,47,14,86.9,5,39,31
2024-08-17 06:00:00,46,14,93.5,6,41,38
2024-08-17 07:00:00,53,13,94.9,6,39,34
2024-08-17 08:00:00,50,14,89.6,7,41,37
2024-08-17 09:00:00,51,17,93.1,6,43,38
2024-08-17 10:00:00,60,25,107.2,8,47,37
2024-08-17 11:00:00,61,27,105.7,8,47,41
2024-08-17 12:00:00,55,21,95.3,9,41,35
2024-08-17 13:00:00,65,31,105.4,8,46,43
2024-08-17 14:00:00,60,26,104.8,10,48,40
2024-08-17 15:00:00,61,28,106.6,9,46,41
2024-08-17 16:00:00,63,33,108.3,8,47,40
2024-08-17 17:00:00,62,29,104.4,8,46,41
2024-08-17 18:00:00,59,23,103.6,7,45,36
2024-08-17 19:00:00,55,19,96.3,8,43,38
2024-08-17 20:00:00,50,12,89.6,7,43,35
2024-08-17 21:00:00,52,15,98.8,7,41,38
2024-08-17 22:00:00,49,15,93.6,7,43,33
2024-08-17 23:00:00,51,11,89.8,7,44,32
2024-08-18 00:00:00,48,13,90.9,7,42,33
2024-08-18 01:00:00,43,13,87.7,6,37,31
2024-08-18 02:00:00,44,11,86.4,6,41,33
2024-08-18 03:00:00,45,10,88.5,6,39,32
2024-08-18 04:00:00,50,14,89.4,6,41,33
2024-08-18 05:00:00,52,16,96.8,8,43,35
2024-08-18 06:00:00,47,12,90.1,6,40,31
2024-08-18 07:00:00,51,23,91.0,8,42,33
2024-08-18 08:00:00,51,20,94.2,6,44,37
2024-08-18 09:00:00,56,22,97.5,6,45,39
2024-08-18 10:00:00,64,26,97.0,9,44,38
2024-08-18 11:00:00,61,26,103.4,7,48,42
2024-08-18 12:00:00,58,30,106.2,10,48,39
2024-08-18 13:00:00,60,29,103.7,8,47,39
2024-08-18 14:00:00,60,26,105.0,8,47,42
2024-08-18 15:00:00,60,29,104.1,8,46,39
2024-08-18 16:00:00,59,23,99.8,8,43,36
2024-08-18 17:00:00,60,26,101.2,9,47,36
2024-08-18 18:00:00,59,24,98.1,8,48,35
2024-08-18 19:00:00,58,21,103.1,6,45,41
2024-08-18 20:00:00,55,20,99.6,6,46,38
2024-08-18 21:00:00,45,11,87.2,5,42,33
2024-08-18 22:00:00,46,14,83.9,6,40,32
2024-08-18 23:00:00,47,15,92.4,6,40,33
2024-08-19 00:00:00,47,14,87.6,7,50,27
2024-08-19 01:00:00,47,9,88.9,4,50,30
2024-08-19 02:00:00,47,16,86.5,6,49,35
2024-08-19 03:00:00,45,9,87.7,5,50,34
2024-08-19 04:00:00,48,16,91.6,8,53,37
2024-08-19 05:00:00,48,16,84.2,8,48,32
2024-08-19 06:00:00,49,14,96.6,5,55,37
2024-08-19 07:00:00,56,24,98.9,9,55,35
2024-08-19 08:00:00,52,16,93.7,7,53,32
2024-08-19 09:00:00,57,25,102.2,8,57,41
2024-08-19 10:00:00,59,28,102.6,7,56,39
2024-08-19 11:00:00,62,23,104.6,10,57,40
2024-08-19 12:00:00,59,32,101.3,7,57,37
2024-08-19 13:00:00,66,27,106.7,8,60,44
2024-08-19 14:00:00,59,29,97.9,8,57,36
2024-08-19 15:00:00,60,29,103.4,8,59,42
2024-08-19 16:00:00,62,26,109.2,9,56,41
2024-08-19 17:00:00,63,28,101.3,8,60,35
2024-08-19 18:00:00,55,27,99.1,8,53,38
2024-08-19 19:00:00,51,16,87.5,7,55,33
2024-08-19 20:00:00,56,25,99.7,8,57,37
2024-08-19 21:00:00,56,12,96.8,7,50,37
2024-08-19 22:00:00,54,20,97.9,8,56,32
2024-08-19 23:00:00,48,18,91.0,6,47,34
2024-08-20 00:00:00,39,9,77.4,6,45,29
2024-08-20 01:00:00,45,11,84.6,6,52,35
2024-08-20 02:00:00,45,8,91.0,7,48,38
2024-08-20 03:00:00,44,12,90.6,5,53,33
2024-08-20 04:00:00,44,12,87.5,5,51,34
2024-08-20 05:00:00,49,17,93.3,7,51,37
2024-08-20 06:00:00,48,21,90.6,9,51,34
2024-08-20 07:00:00,58,23,104.2,7,59,40
2024-08-20 08:00:00,57,18,96.1,8,54,36
2024-08-20 09:00:00,57,21,100.9,8,52,35
2024-08-20 10:00:00,56,18,93.9,8,53,38
2024-08-20 11:00:00,57,23,99.5,7,56,36
2024-08-20 12:00:00,62,30,109.4,9,57,41
2024-08-20 13:00:00,67,33,107.5,10,66,43
2024-08-20 14:00:00,63,24,106.4,7,57,38
2024-08-20 15:00:00,61,26,100.7,9,57,38
2024-08-20 16:00:00,63,27,102.6,9,57,42
2024-08-20 17:00:00,61,27,104.0,8,60,37
2024-08-20 18:00:00,58,21,103.0,8,56,38
2024-08-20 19:00:00,59,24,100.4,9,58,35
2024-08-20 20:00:00,54,18,98.7,8,57,39
2024-08-20 21:00:00,54,18,99.5,6,55,41
2024-08-20 22:00:00,50,18,91.7,7,53,37
2024-08-20 23:00:00,47,14,86.1,6,48,33
2024-08-21 00:00:00,45,12,87.0,5,46,32
2024-08-21 01:00:00,44,12,91.5,5,46,35
2024-08-21 02:00:00,41,12,83.5,6,48,32
2024-08-21 03:00:00,43,11,89.8,5,53,31
2024-08-21 04:00:00,44,12,87.0,6,48,30
2024-08-21 05:00:00,48,20,98.5,6,54,33
2024-08-21 06:00:00,54,18,103.1,9,55,39
2024-08-21 07:00:00,51,17,97.0,9,53,36
2024-08-21 08:00:00,55,22,93.6,8,55,37
2024-08-21 09:00:00,56,21,91.6,9,55,37
2024-08-21 10:00:00,63,28,105.9,9,58,41
2024-08-21 11:00:00,58,27,105.1,8,58,39
2024-08-21 12:00:00,60,27,104.8,9,59,42
2024-08-21 13:00:00,62,29,103.2,9,58,36
2024-08-21 14:00:00,63,23,99.5,7,58,38
2024-08-21 15:00:00,64,24,107.6,9,58,40
2024-08-21 16:00:00,61,23,108.0,7,59,40
2024-08-21 17:00:00,63,26,102.9,9,60,38
2024-08-21 18:00:00,60,30,106.9,10,61,43
2024-08-21 19:00:00,57,30,110.6,10,56,38
2024-08-21 20:00:00,57,22,99.4,8,55,39
2024-08-21 21:00:00,53,20,95.9,8,57,34
2024-08-21 22:00:00,46,10,89.9,5,52,29
2024-08-21 23:00:00,50,12,90.8,8,50,35
2024-08-22 00:00:00,45,10,92.0,5,48,35
2024-08-22 01:00:00,44,10,86.1,5,50,35
2024-08-22 02:00:00,47,11,89.7,6,53,34
2024-08-22 03:00:00,45,11,83.6,5,48,33
2024-08-22 04:00:00,45,6,86.0,6,49,34
2024-08-22 05:00:00,50,17,90.5,8,55,34
2024-08-22 06:00:00,46,12,90.5,6,50,31
2024-08-22 07:00:00,53,19,90.8,7,54,36
2024-08-22 08:00:00,59,27,105.8,7,60,42
2024-08-22 09:00:00,52,19,93.1,7,53,33
2024-08-22 10:00:00,56,15,102.3,9,57,38
2024-08-22 11:00:00,57,25,104.8,9,56,36
2024-08-22 12:00:00,64,31,109.2,8,58,43
2024-08-22 13:00:00,66,35,105.4,9,62,38
2024-08-22 14:00:00,60,24,100.2,11,56,39
2024-08-22 15:00:00,68,29,106.5,10,59,43
2024-08-22 16:00:00,63,25,102.5,10,63,40
2024-08-22 17:00:00,61,25,108.3,10,59,41
2024-08-22 18:00:00,62,33,106.4,8,59,42
2024-08-22 19:00:00,57,17,95.8,8,54,36
2024-08-22 20:00:00,51,21,93.5,7,57,37
2024-08-22 21:00:00,52,20,94.3,8,57,35
2024-08-22 22:00:00,52,20,97.0,9,52,39
2024-08-22 23:00:00,47,15,85.7,5,51,33
2024-08-23 00:00:00,48,14,91.4,9,50,34
2024-08-23 01:00:00,48,11,91.5,6,52,34
2024-08-23 02:00:00,45,13,83.3,6,49,34
2024-08-23 03:00:00,45,11,84.0,4,46,31
2024-08-23 04:00:00,45,15,89.5,7,48,34
2024-08-23 05:00:00,43,13,91.8,4,51,32
2024-08-23 06:00:00,52,17,98.3,7,52,36
2024-08-23 07:00:00,51,18,92.8,6,55,36
2024-08-23 08:00:00,55,24,103.2,8,56,37
2024-08-23 09:00:00,53,22,96.3,7,53,38
2024-08-23 10:00:00,56,18,96.3,8,54,39
2024-08-23 11:00:00,63,30,107.0,10,58,39
2024-08-23 12:00:00,60,24,104.7,7,57,38
2024-08-23 13:00:00,61,25,101.7,8,54,40
2024-08-23 14:00:00,62,26,103.0,8,58,40
2024-08-23 15:00:00,60,33,101.5,8,57,36
2024-08-23 16:00:00,60,19,102.0,10,57,37
2024-08-23 17:00:00,59,37,109.2,8,60,41
2024-08-23 18:00:00,56,28,104.3,7,58,43
2024-08-23 19:00:00,53,23,93.6,9,53,37
2024-08-23 20:00:00,53,20,95.3,7,53,41
2024-08-23 21:00:00,51,19,98.4,7,53,37
2024-08-23 22:00:00,50,18,94.4,7,55,30
2024-08-23 23:00:00,46,17,90.9,5,50,39
2024-08-24 00:00:00,50,15,92.5,6,40,33
2024-08-24 01:00:00,48,13,92.1,6,39,31
2024-08-24 02:00:00,45,11,88.9,6,40,35
2024-08-24 03:00:00,44,12,86.2,6,39,35
2024-08-24 04:00:00,45,12,91.1,5,38,36
2024-08-24 05:00:00,48,18,89.1,6,40,34
2024-08-24 06:00:00,47,18,95.6,7,42,31
2024-08-24 07:00:00,46,8,85.0,4,40,33
2024-08-24 08:00:00,56,22,101.1,8,43,41
2024-08-24 09:00:00,57,23,99.3,8,46,38
2024-08-24 10:00:00,62,24,102.1,8,48,39
2024-08-24 11:00:00,58,24,105.5,9,46,42
2024-08-24 12:00:00,61,31,107.6,9,47,43
2024-08-24 13:00:00,61,31,105.6,10,50,39
2024-08-24 14:00:00,60,25,108.3,8,48,42
2024-08-24 15:00:00,60,29,107.3,9,47,40
2024-08-24 16:00:00,60,24,100.1,7,48,39
2024-08-24 17:00:00,58,21,93.3,8,46,36
2024-08-24 18:00:00,56,22,99.2,8,43,37
2024-08-24 19:00:00,60,25,106.7,8,48,39
2024-08-24 20:00:00,59,23,103.5,9,48,40
2024-08-24 21:00:00,55,20,102.3,8,46,40
2024-08-24 22:00:00,52,19,93.2,7,44,34
2024-08-24 23:00:00,50,16,92.9,6,43,33
2024-08-25 00:00:00,50,11,91.3,4,41,34
2024-08-25 01:00:00,48,14,91.7,6,43,34
2024-08-25 02:00:00,45,15,91.5,7,38,36
2024-08-25 03:00:00,47,15,95.9,6,40,37
2024-08-25 04:00:00,49,17,98.5,7,38,34
2024-08-25 05:00:00,46,17,95.8,6,41,35
2024-08-25 06:00:00,49,17,95.0,5,43,36
2024-08-25 07:00:00,55,22,97.5,8,47,36
2024-08-25 08:00:00,49,20,94.5,6,42,38
2024-08-25 09:00:00,52,19,97.2,7,43,33
2024-08-25 10:00:00,57,23,100.7,8,45,37
2024-08-25 11:00:00,60,23,99.1,8,49,38
2024-08-25 12:00:00,57,25,99.1,9,45,36
2024-08-25 13:00:00,61,27,106.8,10,50,39
2024-08-25 14:00:00,64,25,104.7,8,49,36
2024-08-25 15:00:00,61,27,104.3,8,48,42
2024-08-25 16:00:00,61,20,101.7,8,45,40
2024-08-25 17:00:00,58,26,99.4,9,44,34
2024-08-25 18:00:00,56,24,99.1,8,45,39
2024-08-25 19:00:00,57,19,97.4,8,45,36
2024-08-25 20:00:00,55,22,96.6,9,42,36
2024-08-25 21:00:00,49,21,91.4,6,44,34
2024-08-25 22:00:00,46,10,88.2,6,40,32
2024-08-25 23:00:00,51,12,94.0,6,43,35
2024-08-26 00:00:00,43,10,90.2,6,52,31
2024-08-26 01:00:00,47,9,84.5,7,49,31
2024-08-26 02:00:00,45,15,94.3,6,46,33
2024-08-26 03:00:00,45,12,89.5,5,49,34
2024-08-26 04:00:00,47,12,86.4,5,54,32
2024-08-26 05:00:00,41,7,82.7,6,47,30
2024-08-26 06:00:00,46,18,85.9,6,51,30
2024-08-26 07:00:00,50,14,87.7,5,51,34
2024-08-26 08:00:00,52,20,100.9,8,54,38
2024-08-26 09:00:00,58,23,99.0,7,55,40
2024-08-26 10:00:00,55,29,102.5,7,55,39
2024-08-26 11:00:00,60,21,100.8,8,59,38
2024-08-26 12:00:00,54,16,96.1,7,59,37
2024-08-26 13:00:00,61,28,105.6,9,57,38
2024-08-26 14:00:00,61,34,100.4,8,58,37
2024-08-26 15:00:00,68,32,114.1,10,60,42
2024-08-26 16:00:00,58,28,101.8,9,60,41
2024-08-26 17:00:00,59,24,100.0,7,58,38
2024-08-26 18:00:00,54,27,101.0,7,55,38
2024-08-26 19:00:00,59,19,97.6,7,55,36
2024-08-26 20:00:00,55,22,99.0,8,58,38
2024-08-26 21:00:00,52,20,95.4,6,54,36
2024-08-26 22:00:00,54,20,99.3,6,54,40
2024-08-26 23:00:00,51,24,95.8,7,49,36
2024-08-27 00:00:00,47,14,87.8,6,53,34
2024-08-27 01:00:00,45,10,89.3,6,50,31
2024-08-27 02:00:00,47,12,88.7,6,51,33
2024-08-27 03:00:00,43,6,79.4,6,48,30
2024-08-27 04:00:00,45,11,88.7,6,51,31
2024-08-27 05:00:00,49,13,90.0,5,47,34
2024-08-27 06:00:00,50,14,93.3,4,49,33
2024-08-27 07:00:00,51,18,92.3,7,57,30
2024-08-27 08:00:00,49,17,89.4,6,50,34
2024-08-27 09:00:00,61,26,107.0,8,56,42
2024-08-27 10:00:00,56,24,102.4,9,58,34
2024-08-27 11:00:00,62,26,104.2,10,58,41
2024-08-27 12:00:00,61,26,104.9,10,58,42
2024-08-27 13:00:00,58,28,105.3,9,61,36
2024-08-27 14:00:00,66,31,108.5,7,59,41
2024-08-27 15:00:00,61,25,99.9,9,57,36
2024-08-27 16:00:00,63,25,105.7,8,60,44
2024-08-27 17:00:00,59,25,104.8,8,57,40
2024-08-27 18:00:00,58,19,101.3,8,58,35
2024-08-27 19:00:00,51,19,94.7,8,52,37
2024-08-27 20:00:00,52,18,96.8,8,54,35
2024-08-27 21:00:00,49,21,93.6,7,52,35
2024-08-27 22:00:00,49,17,95.8,7,51,33
2024-08-27 23:00:00,49,15,96.2,6,49,37
2024-08-28 00:00:00,46,16,86.5,5,50,33
2024-08-28 01:00:00,48,12,93.5,7,50,36
2024-08-28 02:00:00,44,13,94.7,6,52,34
2024-08-28 03:00:00,48,12,91.8,5,52,32
2024-08-28 04:00:00,50,14,95.4,6,53,37
2024-08-28 05:00:00,50,12,89.7,7,51,36
2024-08-28 06:00:00,46,7,86.2,6,48,29
2024-08-28 07:00:00,46,17,90.4,7,51,34
2024-08-28 08:00:00,56,25,99.2,8,59,38
2024-08-28 09:00:00,56,25,96.5,7,54,37
2024-08-28 10:00:00,56,27,100.6,8,57,39
2024-08-28 11:00:00,59,30,106.5,9,57,35
2024-08-28 12:00:00,64,27,102.5,10,60,43
2024-08-28 13:00:00,59,28,103.8,10,57,44
2024-08-28 14:00:00,62,26,105.1,9,59,40
2024-08-28 15:00:00,62,27,103.6,8,58,40
2024-08-28 16:00:00,60,29,106.0,10,57,38
2024-08-28 17:00:00,62,30,107.1,9,56,42
2024-08-28 18:00:00,62,24,102.2,7,58,39
2024-08-28 19:00:00,55,20,100.8,8,56,37
2024-08-28 20:00:00,53,20,98.1,8,54,36
2024-08-28 21:00:00,54,20,101.6,8,54,36
2024-08-28 22:00:00,50,11,91.4,7,55,37
2024-08-28 23:00:00,45,6,85.6,5,52,35
2024-08-29 00:00:00,45,11,87.6,5,52,31
2024-08-29 01:00:00,39,8,86.6,5,47,32
2024-08-29 02:00:00,43,10,86.0,5,49,33
2024-08-29 03:00:00,43,12,86.6,6,47,30
2024-08-29 04:00:00,48,11,95.9,6,47,34
2024-08-29 05:00:00,49,19,89.3,8,55,32
2024-08-29 06:00:00,49,17,94.0,7,52,37
2024-08-29 07:00:00,52,19,95.1,6,60,37
2024-08-29 08:00:00,52,22,95.8,6,53,37
2024-08-29 09:00:00,58,18,96.5,8,57,36
2024-08-29 10:00:00,62,28,103.0,9,61,40
2024-08-29 11:00:00,63,25,103.9,8,58,42
2024-08-29 12:00:00,63,29,107.7,10,59,44
2024-08-29 13:00:00,60,24,105.2,9,57,38
2024-08-29 14:00:00,64,23,99.4,8,58,34
2024-08-29 15:00:00,61,31,101.5,7,59,36
2024-08-29 16:00:00,59,28,104.8,9,58,38
2024-08-29 17:00:00,57,22,101.8,9,52,39
2024-08-29 18:00:00,58,21,95.8,7,56,38
2024-08-29 19:00:00,55,26,102.4,8,56,38
2024-08-29 20:00:00,52,16,94.3,7,53,36
2024-08-29 21:00:00,49,24,97.4,7,56,37
2024-08-29 22:00:00,50,13,89.3,7,52,32
2024-08-29 23:00:00,45,17,85.6,6,50,31
2024-08-30 00:00:00,44,12,86.7,5,51,33
2024-08-30 01:00:00,49,14,91.3,7,56,35
2024-08-30 02:00:00,48,10,88.6,6,50,31
2024-08-30 03:00:00,46,12,88.1,4,52,34
2024-08-30 04:00:00,47,13,95.4,5,54,35
2024-08-30 05:00:00,45,11,83.2,5,49,29
2024-08-30 06:00:00,48,19,90.4,7,50,33
2024-08-30 07:00:00,50,16,91.9,5,53,34
2024-08-30 08:00:00,50,19,94.0,6,55,33
2024-08-30 09:00:00,55,19,99.6,9,54,38
2024-08-30 10:00:00,55,15,98.8,7,56,38
2024-08-30 11:00:00,57,25,104.0,8,55,41
2024-08-30 12:00:00,67,35,112.4,10,61,39
2024-08-30 13:00:00,64,30,102.0,10,60,39
2024-08-30 14:00:00,64,28,101.1,9,59,38
2024-08-30 15:00:00,60,27,106.9,8,56,40
2024-08-30 16:00:00,61,27,107.2,9,57,44
2024-08-30 17:00:00,62,28,106.6,10,55,42
2024-08-30 18:00:00,57,20,96.5,8,57,39
2024-08-30 19:00:00,61,26,102.7,9,58,39
2024-08-30 20:00:00,54,23,96.6,8,57,37
2024-08-30 21:00:00,51,20,92.2,7,53,32
2024-08-30 22:00:00,51,18,95.4,4,49,39
2024-08-30 23:00:00,45,14,95.5,6,51,33
2024-08-31 00:00:00,49,15,91.0,7,40,35
2024-08-31 01:00:00,43,14,91.8,5,41,33
2024-08-31 02:00:00,47,11,86.4,6,40,32
2024-08-31 03:00:00,43,10,82.2,6,42,28
2024-08-31 04:00:00,48,13,93.7,7,39,35
2024-08-31 05:00:00,52,20,94.8,8,43,32
2024-08-31 06:00:00,49,12,94.5,6,42,30
2024-08-31 07:00:00,47,13,94.5,6,40,34
2024-08-31 08:00:00,52,21,94.9,8,41,36
2024-08-31 09:00:00,54,22,101.9,8,43,36
2024-08-31 10:00:00,53,25,95.5,8,41,32
2024-08-31 11:00:00,62,27,102.2,9,46,43
2024-08-31 12:00:00,61,26,106.9,8,46,44
2024-08-31 13:00:00,60,33,101.0,9,49,40
2024-08-31 14:00:00,64,22,104.4,9,47,39
2024-08-31 15:00:00,59,25,105.8,9,45,41
2024-08-31 16:00:00,61,27,108.1,7,46,42
2024-08-31 17:00:00,56,20,96.9,7,43,38
2024-08-31 18:00:00,53,23,100.3,6,45,39
2024-08-31 19:00:00,54,28,96.5,7,42,37
2024-08-31 20:00:00,52,20,94.1,7,42,35
2024-08-31 21:00:00,54,19,97.3,7,41,37
2024-08-31 22:00:00,49,12,92.1,6,42,36
2024-08-31 23:00:00,48,12,87.0,8,43,33
2024-09-01 00:00:00,41,12,91.4,6,39,35
2024-09-01 01:00:00,49,11,84.8,7,42,30
2024-09-01 02:00:00,47,16,91.6,5,40,35
2024-09-01 03:00:00,46,14,90.4,6,41,32
2024-09-01 04:00:00,48,9,84.3,5,39,32
2024-09-01 05:00:00,51,15,97.5,7,41,35
2024-09-01 06:00:00,53,18,93.3,7,43,35
2024-09-01 07:00:00,52,22,96.7,7,43,38
2024-09-01 08:00:00,53,26,99.1,8,47,38
2024-09-01 09:00:00,57,19,94.3,7,46,34
2024-09-01 10:00:00,54,21,94.0,8,44,34
2024-09-01 11:00:00,63,21,108.1,10,49,43
2024-09-01 12:00:00,61,26,103.3,8,50,43
2024-09-01 13:00:00,59,29,95.8,9,46,38
2024-09-01 14:00:00,60,31,103.9,9,47,38
2024-09-01 15:00:00,58,27,102.4,8,44,38
2024-09-01 16:00:00,61,26,104.2,9,47,40
2024-09-01 17:00:00,60,26,96.9,7,45,38
2024-09-01 18:00:00,54,21,97.3,7,41,37
2024-09-01 19:00:00,57,29,99.8,9,47,36
2024-09-01 20:00:00,49,14,92.3,6,41,34
2024-09-01 21:00:00,53,19,97.5,8,42,37
2024-09-01 22:00:00,51,23,97.6,7,40,36
2024-09-01 23:00:00,47,14,94.7,6,40,37
2024-09-02 00:00:00,43,12,93.9,5,48,31
2024-09-02 01:00:00,45,11,84.4,4,49,34
2024-09-02 02:00:00,44,11,86.5,6,46,36
2024-09-02 03:00:00,48,17,94.3,7,52,36
2024-09-02 04:00:00,45,5,85.5,4,50,30
2024-09-02 05:00:00,51,20,87.0,5,51,36
2024-09-02 06:00:00,47,11,88.7,6,47,32
2024-09-02 07:00:00,47,17,94.9,7,53,33
2024-09-02 08:00:00,56,18,93.5,10,55,36
2024-09-02 09:00:00,54,24,99.2,6,56,39
2024-09-02 10:00:00,53,18,90.4,8,54,38
2024-09-02 11:00:00,60,27,106.0,9,58,39
2024-09-02 12:00:00,63,34,108.9,9,62,41
2024-09-02 13:00:00,59,23,99.6,10,58,38
2024-09-02 14:00:00,61,29,103.2,9,59,38
2024-09-02 15:00:00,60,25,98.4,8,58,38
2024-09-02 16:00:00,65,28,110.0,8,59,43
2024-09-02 17:00:00,59,26,100.2,8,58,39
2024-09-02 18:00:00,55,22,99.7,8,58,35
2024-09-02 19:00:00,54,24,95.4,9,57,36
2024-09-02 20:00:00,55,26,106.4,7,52,37
2024-09-02 21:00:00,52,17,99.4,6,54,34
2024-09-02 22:00:00,51,19,101.1,6,54,37
2024-09-02 23:00:00,47,10,95.4,8,52,36
2024-09-03 00:00:00,43,10,84.7,4,51,32
2024-09-03 01:00:00,45,14,86.5,7,51,32
2024-09-03 02:00:00,49,17,98.7,5,49,37
2024-09-03 03:00:00,43,14,87.3,6,49,36
2024-09-03 04:00:00,45,12,90.9,6,48,34
2024-09-03 05:00:00,49,14,90.2,6,49,38
2024-09-03 06:00:00,50,12,90.0,7,55,34
2024-09-03 07:00:00,52,20,98.0,6,53,36
2024-09-03 08:00:00,53,23,91.9,6,59,35
2024-09-03 09:00:00,52,20,98.3,7,53,32
2024-09-03 10:00:00,59,22,102.5,7,55,39
2024-09-03 11:00:00,63,27,103.7,9,60,37
2024-09-03 12:00:00,67,25,107.3,9,60,42
2024-09-03 13:00:00,62,27,105.8,10,59,39
2024-09-03 14:00:00,64,35,109.5,9,59,40
2024-09-03 15:00:00,59,27,104.8,9,56,40
2024-09-03 16:00:00,56,26,97.7,7,55,35
2024-09-03 17:00:00,59,23,109.8,8,55,40
2024-09-03 18:00:00,64,27,105.5,8,61,40
2024-09-03 19:00:00,59,21,100.3,9,57,41
2024-09-03 20:00:00,56,18,103.3,7,55,38
2024-09-03 21:00:00,53,23,92.1,7,56,39
2024-09-03 22:00:00,52,21,101.8,7,54,40
2024-09-03 23:00:00,41,12,86.3,5,53,31
2024-09-04 00:00:00,47,7,85.9,7,50,33
2024-09-04 01:00:00,45,16,86.5,8,46,33
2024-09-04 02:00:00,43,10,82.5,5,48,30
2024-09-04 03:00:00,46,15,88.9,7,48,34
2024-09-04 04:00:00,44,6,86.4,5,49,30
2024-09-04 05:00:00,47,17,93.4,6,50,37
2024-09-04 06:00:00,48,12,91.3,7,52,34
2024-09-04 07:00:00,51,20,93.7,7,52,37
2024-09-04 08:00:00,54,20,101.0,7,55,37
2024-09-04 09:00:00,51,19,102.8,8,52,42
2024-09-04 10:00:00,57,23,104.3,9,55,39
2024-09-04 11:00:00,57,28,101.0,8,57,36
2024-09-04 12:00:00,59,27,104.6,8,58,35
2024-09-04 13:00:00,62,30,107.7,9,62,41
2024-09-04 14:00:00,60,35,110.9,8,61,43
2024-09-04 15:00:00,58,22,99.5,9,58,39
2024-09-04 16:00:00,64,33,104.9,9,61,40
2024-09-04 17:00:00,56,26,103.9,7,55,37
2024-09-04 18:00:00,61,21,103.4,9,59,42
2024-09-04 19:00:00,57,17,95.1,8,58,36
2024-09-04 20:00:00,52,19,97.8,6,56,33
2024-09-04 21:00:00,50,21,100.7,8,53,37
2024-09-04 22:00:00,50,16,90.8,8,51,30
2024-09-04 23:00:00,46,20,88.9,5,53,28
2024-09-05 00:00:00,40,8,83.9,6,42,30
2024-09-05 01:00:00,44,12,90.2,6,53,31
2024-09-05 02:00:00,44,8,85.9,6,51,31
2024-09-05 03:00:00,46,14,93.2,6,50,34
2024-09-05 04:00:00,46,16,91.2,6,50,31
2024-09-05 05:00:00,51,13,95.4,6,56,37
2024-09-05 06:00:00,43,7,83.3,6,46,29
2024-09-05 07:00:00,49,19,89.6,6,52,33
2024-09-05 08:00:00,55,22,97.4,8,59,37
2024-09-05 09:00:00,53,23,93.8,8,52,39
2024-09-05 10:00:00,56,28,102.5,9,57,37
2024-09-05 11:00:00,59,22,94.8,7,56,35
2024-09-05 12:00:00,59,29,102.1,9,62,40
2024-09-05 13:00:00,62,32,105.9,10,58,40
2024-09-05 14:00:00,58,22,97.4,9,54,37
2024-09-05 15:00:00,60,29,103.0,9,58,39
2024-09-05 16:00:00,55,25,99.6,7,54,36
2024-09-05 17:00:00,60,25,106.5,8,59,40
2024-09-05 18:00:00,55,25,96.4,8,56,41
2024-09-05 19:00:00,55,20,98.8,7,52,37
2024-09-05 20:00:00,52,18,96.4,6,57,40
2024-09-05 21:00:00,51,18,94.4,6,52,32
2024-09-05 22:00:00,48,12,89.0,6,50,33
2024-09-05 23:00:00,47,11,85.9,6,52,32
2024-09-06 00:00:00,45,15,95.6,6,54,32
2024-09-06 01:00:00,48,8,89.1,7,48,33
2024-09-06 02:00:00,41,14,86.0,6,48,30
2024-09-06 03:00:00,46,14,95.8,7,52,34
2024-09-06 04:00:00,47,7,88.6,6,49,33
2024-09-06 05:00:00,48,12,98.2,6,51,39
2024-09-06 06:00:00,48,20,89.2,6,51,35
2024-09-06 07:00:00,48,14,90.9,6,52,36
2024-09-06 08:00:00,51,18,90.2,7,50,35
2024-09-06 09:00:00,58,24,100.4,8,57,36
2024-09-06 10:00:00,57,27,100.8,9,57,38
2024-09-06 11:00:00,60,25,101.2,9,59,38
2024-09-06 12:00:00,61,25,103.4,8,57,39
2024-09-06 13:00:00,69,33,110.0,9,65,42
2024-09-06 14:00:00,64,34,108.4,10,56,42
2024-09-06 15:00:00,60,31,103.0,9,57,41
2024-09-06 16:00:00,57,27,106.0,8,62,42
2024-09-06 17:00:00,58,23,97.3,9,56,37
2024-09-06 18:00:00,57,21,99.8,6,58,40
2024-09-06 19:00:00,51,24,92.8,8,54,35
2024-09-06 20:00:00,52,21,94.0,7,57,36
2024-09-06 21:00:00,54,23,95.6,8,54,37
2024-09-06 22:00:00,49,18,92.7,6,53,36
2024-09-06 23:00:00,49,9,90.4,6,53,38
2024-09-07 00:00:00,44,17,85.9,5,42,29
2024-09-07 01:00:00,46,9,87.0,7,37,32
2024-09-07 02:00:00,47,11,86.5,6,41,33
2024-09-07 03:00:00,48,13,87.9,6,40,31
2024-09-07 04:00:00,45,20,94.3,5,40,32
2024-09-07 05:00:00,52,25,93.2,8,42,35
2024-09-07 06:00:00,48,18,93.0,7,38,33
2024-09-07 07:00:00,48,17,97.2,8,43,37
2024-09-07 08:00:00,53,22,100.8,7,41,36
2024-09-07 09:00:00,54,25,100.4,7,44,39
2024-09-07 10:00:00,60,23,101.8,8,45,41
2024-09-07 11:00:00,62,32,109.0,9,46,45
2024-09-07 12:00:00,58,28,103.6,8,47,40
2024-09-07 13:00:00,60,29,108.7,9,46,39
2024-09-07 14:00:00,62,30,105.2,10,46,43
2024-09-07 15:00:00,62,29,108.4,9,45,41
2024-09-07 16:00:00,64,30,106.1,9,46,41
2024-09-07 17:00:00,61,23,108.3,9,47,42
2024-09-07 18:00:00,57,22,99.5,8,42,35
2024-09-07 19:00:00,54,18,91.6,8,46,32
2024-09-07 20:00:00,50,22,95.0,9,42,37
2024-09-07 21:00:00,55,21,100.6,7,43,37
2024-09-07 22:00:00,49,18,97.8,8,43,37
2024-09-07 23:00:00,53,20,93.7,8,43,35
2024-09-08 00:00:00,47,13,84.9,6,42,34
2024-09-08 01:00:00,51,15,95.0,8,40,39
2024-09-08 02:00:00,46,8,89.0,6,38,33
2024-09-08 03:00:00,42,11,81.7,6,40,32
2024-09-08 04:00:00,46,16,89.1,6,42,33
2024-09-08 05:00:00,48,17,91.5,7,42,37
2024-09-08 06:00:00,47,15,93.3,7,41,32
2024-09-08 07:00:00,50,18,92.7,7,41,36
2024-09-08 08:00:00,49,15,90.5,5,40,33
2024-09-08 09:00:00,55,21,98.6,8,43,38
2024-09-08 10:00:00,59,27,98.8,8,48,37
2024-09-08 11:00:00,57,28,107.7,8,48,41
2024-09-08 12:00:00,66,29,110.8,10,49,41
2024-09-08 13:00:00,62,28,102.8,8,50,33
2024-09-08 14:00:00,60,28,100.3,8,47,41
2024-09-08 15:00:00,57,25,97.7,7,47,33
2024-09-08 16:00:00,62,29,107.1,9,47,38
2024-09-08 17:00:00,59,27,99.9,10,46,39
2024-09-08 18:00:00,60,26,102.4,8,46,40
2024-09-08 19:00:00,55,20,92.7,7,42,37
2024-09-08 20:00:00,49,12,92.5,7,40,35
2024-09-08 21:00:00,57,22,101.2,8,45,40
2024-09-08 22:00:00,50,14,92.0,6,41,36
2024-09-08 23:00:00,46,11,89.6,5,41,30
2024-09-09 00:00:00,48,15,93.7,7,50,35
2024-09-09 01:00:00,46,11,89.5,6,49,32
2024-09-09 02:00:00,43,16,90.7,7,49,37
2024-09-09 03:00:00,47,14,86.9,6,47,31
2024-09-09 04:00:00,46,15,91.5,7,53,35
2024-09-09 05:00:00,48,10,89.9,7,52,31
2024-09-09 06:00:00,49,20,97.4,7,54,36
2024-09-09 07:00:00,50,19,94.3,7,54,35
2024-09-09 08:00:00,57,19,98.6,7,55,34
2024-09-09 09:00:00,59,23,99.5,8,57,37
2024-09-09 10:00:00,48,18,96.7,7,52,37
2024-09-09 11:00:00,63,27,98.2,9,56,40
2024-09-09 12:00:00,60,23,103.4,7,57,41
2024-09-09 13:00:00,58,23,101.0,7,56,38
2024-09-09 14:00:00,58,23,100.0,8,60,39
2024-09-09 15:00:00,60,32,104.3,9,58,37
2024-09-09 16:00:00,58,25,101.5,8,57,35
2024-09-09 17:00:00,58,31,105.1,8,55,39
2024-09-09 18:00:00,54,22,95.3,7,54,33
2024-09-09 19:00:00,51,16,94.5,7,49,31
2024-09-09 20:00:00,53,16,96.3,7,57,36
2024-09-09 21:00:00,53,22,94.3,9,55,35
2024-09-09 22:00:00,51,15,94.9,6,52,34
2024-09-09 23:00:00,47,12,91.0,7,52,35
2024-09-10 00:00:00,43,14,85.6,6,47,33
2024-09-10 01:00:00,47,14,87.1,7,51,33
2024-09-10 02:00:00,44,16,86.7,7,48,32
2024-09-10 03:00:00,49,17,93.1,6,49,34
2024-09-10 04:00:00,43,12,87.0,5,50,30
2024-09-10 05:00:00,45,10,91.7,6,49,34
2024-09-10 06:00:00,48,15,90.3,5,48,35
2024-09-10 07:00:00,53,19,93.6,8,52,35
2024-09-10 08:00:00,53,17,97.3,5,56,37
2024-09-10 09:00:00,55,19,94.3,6,53,36
2024-09-10 10:00:00,63,25,102.2,7,60,39
2024-09-10 11:00:00,55,25,97.2,9,54,35
2024-09-10 12:00:00,58,27,93.3,8,58,36
2024-09-10 13:00:00,58,25,103.2,8,58,39
2024-09-10 14:00:00,57,27,104.5,8,55,40
2024-09-10 15:00:00,59,24,104.6,8,57,44
2024-09-10 16:00:00,63,30,112.3,8,60,42
2024-09-10 17:00:00,59,29,108.1,9,57,41
2024-09-10 18:00:00,55,18,95.9,8,54,35
2024-09-10 19:00:00,51,19,97.7,8,51,37
2024-09-10 20:00:00,50,15,92.5,7,52,33
2024-09-10 21:00:00,50,16,91.5,7,54,31
2024-09-10 22:00:00,51,16,91.4,7,50,32
2024-09-10 23:00:00,42,9,84.8,6,47,31
2024-09-11 00:00:00,44,10,88.3,5,45,29
2024-09-11 01:00:00,47,9,93.6,5,51,35
2024-09-11 02:00:00,44,13,90.5,6,46,34
2024-09-11 03:00:00,40,13,83.3,5,49,28
2024-09-11 04:00:00,49,11,87.4,5,52,32
2024-09-11 05:00:00,50,15,94.3,8,54,35
2024-09-11 06:00:00,51,14,95.9,7,53,37
2024-09-11 07:00:00,47,17,95.1,6,48,33
2024-09-11 08:00:00,59,26,101.6,7,57,41
2024-09-11 09:00:00,55,27,101.6,8,56,37
2024-09-11 10:00:00,55,19,100.2,7,56,37
2024-09-11 11:00:00,58,29,99.0,8,59,33
2024-09-11 12:00:00,64,30,107.8,8,59,34
2024-09-11 13:00:00,60,24,105.0,10,57,39
2024-09-11 14:00:00,64,31,108.8,10,60,38
2024-09-11 15:00:00,63,33,107.5,9,57,38
2024-09-11 16:00:00,59,23,109.5,7,55,40
2024-09-11 17:00:00,56,22,105.2,6,55,41
2024-09-11 18:00:00,63,28,105.8,9,57,40
2024-09-11 19:00:00,52,23,96.5,6,51,35
2024-09-11 20:00:00,55,22,100.6,7,52,37
2024-09-11 21:00:00,53,19,95.8,5,55,36
2024-09-11 22:00:00,53,17,99.2,7,54,42
2024-09-11 23:00:00,50,10,87.1,6,52,34
2024-09-12 00:00:00,47,17,90.8,6,51,31
2024-09-12 01:00:00,48,16,94.1,8,50,35
2024-09-12 02:00:00,50,11,94.1,6,47,33
2024-09-12 03:00:00,45,12,84.3,7,51,33
2024-09-12 04:00:00,42,8,82.3,5,47,30
2024-09-12 05:00:00,47,16,86.4,8,52,33
2024-09-12 06:00:00,47,18,89.1,5,49,35
2024-09-12 07:00:00,52,18,91.4,6,57,38
2024-09-12 08:00:00,57,24,102.3,8,57,37
2024-09-12 09:00:00,55,21,98.8,9,55,33
2024-09-12 10:00:00,54,26,98.9,8,53,34
2024-09-12 11:00:00,61,22,102.4,8,58,38
2024-09-12 12:00:00,56,27,104.6,9,58,40
2024-09-12 13:00:00,58,27,98.8,9,52,37
2024-09-12 14:00:00,62,29,99.3,8,58,38
2024-09-12 15:00:00,62,26,106.6,8,58,38
2024-09-12 16:00:00,62,26,103.2,10,59,40
2024-09-12 17:00:00,60,29,101.0,10,55,39
2024-09-12 18:00:00,62,22,104.6,10,59,36
2024-09-12 19:00:00,54,16,90.2,8,56,38
2024-09-12 20:00:00,58,26,99.2,7,58,39
2024-09-12 21:00:00,55,23,91.4,8,54,35
2024-09-12 22:00:00,45,11,89.0,5,52,37
2024-09-12 23:00:00,48,17,96.8,7,50,35
2024-09-13 00:00:00,51,11,90.6,6,48,35
2024-09-13 01:00:00,45,13,86.3,4,50,29
2024-09-13 02:00:00,44,13,93.5,6,49,38
2024-09-13 03:00:00,46,11,90.7,7,52,35
2024-09-13 04:00:00,45,10,94.7,4,47,33
2024-09-13 05:00:00,45,12,89.0,6,49,32
2024-09-13 06:00:00,47,13,91.0,6,50,36
2024-09-13 07:00:00,54,15,99.8,8,55,40
2024-09-13 08:00:00,53,20,96.0,6,52,35
2024-09-13 09:00:00,52,20,96.2,8,56,38
2024-09-13 10:00:00,55,26,92.5,7,54,33
2024-09-13 11:00:00,66,31,114.2,9,60,44
2024-09-13 12:00:00,60,25,103.6,9,57,39
2024-09-13 13:00:00,63,29,105.5,10,57,37
2024-09-13 14:00:00,60,30,107.4,9,59,39
2024-09-13 15:00:00,63,29,102.6,8,60,41
2024-09-13 16:00:00,64,27,104.8,9,58,41
2024-09-13 17:00:00,59,28,104.6,9,58,37
2024-09-13 18:00:00,59,26,102.7,8,58,37
2024-09-13 19:00:00,51,18,95.7,7,54,32
2024-09-13 20:00:00,60,23,102.5,8,59,37
2024-09-13 21:00:00,53,21,98.7,8,55,37
2024-09-13 22:00:00,48,13,86.7,6,52,34
2024-09-13 23:00:00,47,14,94.5,6,49,32
2024-09-14 00:00:00,46,15,88.8,6,38,33
2024-09-14 01:00:00,44,12,88.0,5,39,30
2024-09-14 02:00:00,40,16,84.9,4,39,31
2024-09-14 03:00:00,48,21,92.3,7,42,38
2024-09-14 04:00:00,45,10,88.8,6,36,31
2024-09-14 05:00:00,48,10,91.5,5,41,34
2024-09-14 06:00:00,48,17,95.2,6,43,29
2024-09-14 07:00:00,50,20,96.1,7,46,37
2024-09-14 08:00:00,53,19,94.6,7,46,35
2024-09-14 09:00:00,53,27,100.1,8,43,40
2024-09-14 10:00:00,57,19,99.4,7,43,37
2024-09-14 11:00:00,55,28,101.0,9,46,39
2024-09-14 12:00:00,63,25,106.2,9,48,44
2024-09-14 13:00:00,65,34,105.2,10,50,41
2024-09-14 14:00:00,61,35,101.1,8,49,40
2024-09-14 15:00:00,62,25,107.9,8,45,43
2024-09-14 16:00:00,60,25,102.7,7,44,40
2024-09-14 17:00:00,58,29,103.8,8,48,37
2024-09-14 18:00:00,52,23,94.3,7,43,30
2024-09-14 19:00:00,56,22,103.2,9,43,37
2024-09-14 20:00:00,52,20,96.6,6,41,37
2024-09-14 21:00:00,52,11,92.4,7,41,34
2024-09-14 22:00:00,50,16,93.6,6,44,35
2024-09-14 23:00:00,45,12,83.4,6,39,31
2024-09-15 00:00:00,50,11,92.9,6,43,34
2024-09-15 01:00:00,48,17,97.0,6,42,37
2024-09-15 02:00:00,35,8,81.4,4,36,31
2024-09-15 03:00:00,45,15,90.2,7,37,33
2024-09-15 04:00:00,43,12,86.1,5,40,33
2024-09-15 05:00:00,45,13,92.5,7,39,34
2024-09-15 06:00:00,50,19,97.7,7,39,37
2024-09-15 07:00:00,53,19,94.6,7,40,35
2024-09-15 08:00:00,55,22,99.4,8,45,36
2024-09-15 09:00:00,59,25,103.2,8,47,38
2024-09-15 10:00:00,59,23,102.5,8,42,38
2024-09-15 11:00:00,60,24,100.1,8,45,39
2024-09-15 12:00:00,60,23,105.6,7,46,39
2024-09-15 13:00:00,64,25,107.0,8,47,41
2024-09-15 14:00:00,64,38,113.6,11,48,45
2024-09-15 15:00:00,62,32,103.2,9,47,41
2024-09-15 16:00:00,55,22,95.1,7,45,34
2024-09-15 17:00:00,61,21,108.0,7,47,45
2024-09-15 18:00:00,58,26,105.1,9,46,41
2024-09-15 19:00:00,64,24,102.3,9,46,38
2024-09-15 20:00:00,53,22,99.8,8,41,34
2024-09-15 21:00:00,51,17,93.0,7,43,37
2024-09-15 22:00:00,51,16,88.3,7,43,34
2024-09-15 23:00:00,45,15,83.6,7,39,29
2024-09-16 00:00:00,47,13,90.5,6,51,34
2024-09-16 01:00:00,44,5,89.6,5,48,30
2024-09-16 02:00:00,44,11,92.3,7,46,31
2024-09-16 03:00:00,48,9,93.1,7,50,34
2024-09-16 04:00:00,44,14,91.1,5,50,33
2024-09-16 05:00:00,51,25,98.0,8,53,39
2024-09-16 06:00:00,53,17,99.3,8,56,37
2024-09-16 07:00:00,49,17,87.0,5,50,32
2024-09-16 08:00:00,54,23,101.0,6,59,36
2024-09-16 09:00:00,62,24,100.3,8,58,39
2024-09-16 10:00:00,59,25,99.7,9,57,33
2024-09-16 11:00:00,59,28,105.0,9,59,40
2024-09-16 12:00:00,65,34,111.8,10,58,46
2024-09-16 13:00:00,59,24,99.9,9,61,40
2024-09-16 14:00:00,58,30,105.3,8,56,44
2024-09-16 15:00:00,64,24,106.9,8,61,39
2024-09-16 16:00:00,59,29,102.2,9,57,39
2024-09-16 17:00:00,65,22,105.3,9,57,40
2024-09-16 18:00:00,56,23,105.6,9,58,42
2024-09-16 19:00:00,61,21,101.0,8,58,38
2024-09-16 20:00:00,51,23,95.7,6,60,38
2024-09-16 21:00:00,55,21,98.6,6,56,35
2024-09-16 22:00:00,50,12,90.7,7,50,34
2024-09-16 23:00:00,50,15,94.9,7,48,35
2024-09-17 00:00:00,48,11,94.4,6,49,37
2024-09-17 01:00:00,43,8,85.1,5,49,30
2024-09-17 02:00:00,42,11,83.6,6,48,30
2024-09-17 03:00:00,45,11,94.2,6,51,34
2024-09-17 04:00:00,49,22,95.0,5,54,32
2024-09-17 05:00:00,47,16,86.0,6,49,32
2024-09-17 06:00:00,49,11,96.2,6,50,36
2024-09-17 07:00:00,52,16,97.6,8,51,40
2024-09-17 08:00:00,52,24,102.1,7,55,37
2024-09-17 09:00:00,59,29,107.8,9,58,40
2024-09-17 10:00:00,55,18,105.5,7,54,38
2024-09-17 11:00:00,56,19,94.9,8,52,35
2024-09-17 12:00:00,65,33,106.3,8,66,40
2024-09-17 13:00:00,60,29,102.7,8,59,39
2024-09-17 14:00:00,60,25,101.1,7,58,39
2024-09-17 15:00:00,62,30,106.2,9,55,41
2024-09-17 16:00:00,62,18,99.8,8,59,37
2024-09-17 17:00:00,60,26,99.4,8,60,38
2024-09-17 18:00:00,59,25,99.8,8,58,37
2024-09-17 19:00:00,56,25,99.3,8,56,36
2024-09-17 20:00:00,52,16,98.3,9,54,39
2024-09-17 21:00:00,51,18,93.1,7,51,35
2024-09-17 22:00:00,49,13,93.9,7,50,34
2024-09-17 23:00:00,47,15,87.1,6,51,33
2024-09-18 00:00:00,49,10,80.7,6,53,33
2024-09-18 01:00:00,44,11,87.2,6,50,31
2024-09-18 02:00:00,40,9,82.2,5,46,31
2024-09-18 03:00:00,53,15,92.0,7,52,36
2024-09-18 04:00:00,46,16,87.8,7,47,33
2024-09-18 05:00:00,51,14,90.6,7,53,34
2024-09-18 06:00:00,53,16,92.2,6,53,38
2024-09-18 07:00:00,52,13,90.9,6,53,34
2024-09-18 08:00:00,53,19,91.9,6,60,35
2024-09-18 09:00:00,56,22,92.9,8,55,35
2024-09-18 10:00:00,57,33,97.1,8,58,38
2024-09-18 11:00:00,63,22,111.2,9,57,39
2024-09-18 12:00:00,60,32,105.1,10,58,42
2024-09-18 13:00:00,62,31,110.7,9,57,39
2024-09-18 14:00:00,62,29,105.1,9,57,41
2024-09-18 15:00:00,63,34,107.4,9,56,39
2024-09-18 16:00:00,59,28,104.4,9,56,43
2024-09-18 17:00:00,63,27,107.5,8,60,41
2024-09-18 18:00:00,60,24,98.6,8,57,33
2024-09-18 19:00:00,58,26,100.6,8,56,38
2024-09-18 20:00:00,54,24,99.1,8,54,38
2024-09-18 21:00:00,54,16,89.5,8,54,33
2024-09-18 22:00:00,47,11,93.4,6,51,33
2024-09-18 23:00:00,52,14,96.4,7,53,31
2024-09-19 00:00:00,46,10,82.2,5,49,35
2024-09-19 01:00:00,49,12,88.2,6,53,38
2024-09-19 02:00:00,46,16,91.1,7,47,32
2024-09-19 03:00:00,45,11,90.8,4,48,34
2024-09-19 04:00:00,49,13,96.3,6,50,35
2024-09-19 05:00:00,53,15,92.8,7,55,37
2024-09-19 06:00:00,54,19,103.9,7,53,38
2024-09-19 07:00:00,51,10,91.8,6,50,34
2024-09-19 08:00:00,54,18,96.0,8,55,34
2024-09-19 09:00:00,55,23,100.2,7,57,36
2024-09-19 10:00:00,60,28,104.6,8,59,41
2024-09-19 11:00:00,57,24,101.0,6,58,39
2024-09-19 12:00:00,60,20,107.0,8,57,40
2024-09-19 13:00:00,63,30,107.3,9,60,43
2024-09-19 14:00:00,56,26,97.7,8,56,34
2024-09-19 15:00:00,60,24,100.0,8,57,36
2024-09-19 16:00:00,61,25,107.8,8,56,40
2024-09-19 17:00:00,59,25,104.2,8,59,41
2024-09-19 18:00:00,58,22,95.7,7,53,40
2024-09-19 19:00:00,50,14,87.8,5,49,28
2024-09-19 20:00:00,53,23,97.3,6,58,35
2024-09-19 21:00:00,55,22,100.6,6,55,40
2024-09-19 22:00:00,50,18,91.9,6,53,32
2024-09-19 23:00:00,48,10,84.5,6,48,27
2024-09-20 00:00:00,45,12,85.1,6,51,31
2024-09-20 01:00:00,46,12,93.9,6,53,37
2024-09-20 02:00:00,40,14,87.5,6,51,32
2024-09-20 03:00:00,48,15,94.6,7,48,38
2024-09-20 04:00:00,50,11,94.8,6,54,39
2024-09-20 05:00:00,45,15,87.6,6,50,35
2024-09-20 06:00:00,48,18,91.0,6,46,37
2024-09-20 07:00:00,54,23,97.7,6,52,33
2024-09-20 08:00:00,58,22,101.8,7,53,37
2024-09-20 09:00:00,57,25,103.7,9,57,37
2024-09-20 10:00:00,55,24,104.7,10,55,38
2024-09-20 11:00:00,60,31,107.3,9,57,42
2024-09-20 12:00:00,59,28,105.5,9,57,41
2024-09-20 13:00:00,59,25,107.8,9,61,40
2024-09-20 14:00:00,62,33,106.5,10,59,43
2024-09-20 15:00:00,60,30,108.1,8,59,38
2024-09-20 16:00:00,58,25,103.5,11,58,44
2024-09-20 17:00:00,59,24,103.7,9,55,41
2024-09-20 18:00:00,59,25,101.2,7,58,41
2024-09-20 19:00:00,53,24,93.3,7,56,34
2024-09-20 20:00:00,55,21,98.9,10,57,36
2024-09-20 21:00:00,51,19,95.7,8,53,39
2024-09-20 22:00:00,53,22,95.4,7,56,36
2024-09-20 23:00:00,51,18,94.0,7,54,34
2024-09-21 00:00:00,45,14,86.6,6,40,32
2024-09-21 01:00:00,48,16,89.1,7,43,33
2024-09-21 02:00:00,42,8,84.0,6,41,32
2024-09-21 03:00:00,49,14,87.9,7,43,36
2024-09-21 04:00:00,46,19,90.1,7,41,34
2024-09-21 05:00:00,48,14,93.4,6,40,31
2024-09-21 06:00:00,48,13,95.2,5,42,34
2024-09-21 07:00:00,48,16,98.1,6,41,36
2024-09-21 08:00:00,55,16,95.1,7,45,36
2024-09-21 09:00:00,53,19,100.1,7,42,33
2024-09-21 10:00:00,53,23,98.5,6,45,36
2024-09-21 11:00:00,51,21,94.6,9,40,35
2024-09-21 12:00:00,59,27,103.7,8,45,38
2024-09-21 13:00:00,66,31,111.9,9,49,42
2024-09-21 14:00:00,64,25,103.9,9,47,42
2024-09-21 15:00:00,61,33,104.8,7,48,39
2024-09-21 16:00:00,60,29,103.0,9,49,35
2024-09-21 17:00:00,59,29,101.9,8,45,43
2024-09-21 18:00:00,54,22,101.1,6,41,37
2024-09-21 19:00:00,54,25,96.7,8,42,36
2024-09-21 20:00:00,55,16,94.6,7,43,36
2024-09-21 21:00:00,54,21,98.1,9,46,34
2024-09-21 22:00:00,50,17,94.2,7,41,36
2024-09-21 23:00:00,45,16,88.7,6,44,32
2024-09-22 00:00:00,46,9,92.8,6,38,35
2024-09-22 01:00:00,39,9,81.7,3,35,31
2024-09-22 02:00:00,48,14,90.7,6,41,36
2024-09-22 03:00:00,45,9,81.8,6,39,34
2024-09-22 04:00:00,44,15,87.5,6,38,32
2024-09-22 05:00:00,50,10,87.2,6,41,32
2024-09-22 06:00:00,46,19,88.7,7,39,31
2024-09-22 07:00:00,52,14,87.4,6,43,34
2024-09-22 08:00:00,56,22,96.1,8,45,36
2024-09-22 09:00:00,53,24,97.9,8,43,36
2024-09-22 10:00:00,57,22,98.8,9,45,35
2024-09-22 11:00:00,56,28,99.8,8,48,36
2024-09-22 12:00:00,54,28,98.8,9,44,38
2024-09-22 13:00:00,58,26,100.5,8,45,40
2024-09-22 14:00:00,59,24,102.0,8,47,39
2024-09-22 15:00:00,61,21,101.8,8,45,39
2024-09-22 16:00:00,61,28,105.5,9,48,42
2024-09-22 17:00:00,58,20,99.2,7,46,39
2024-09-22 18:00:00,55,24,98.1,8,47,39
2024-09-22 19:00:00,54,21,99.9,8,43,36
2024-09-22 20:00:00,52,22,98.4,7,41,41
2024-09-22 21:00:00,48,17,92.1,7,41,37
2024-09-22 22:00:00,48,15,94.8,7,41,36
2024-09-22 23:00:00,49,17,92.8,7,40,33
2024-09-23 00:00:00,45,14,89.0,5,50,31
2024-09-23 01:00:00,45,13,88.8,6,53,34
2024-09-23 02:00:00,48,14,91.2,6,50,34
2024-09-23 03:00:00,43,7,82.5,7,47,30
2024-09-23 04:00:00,44,16,83.4,5,52,29
2024-09-23 05:00:00,50,16,94.0,7,50,36
2024-09-23 06:00:00,49,12,93.8,7,51,35
2024-09-23 07:00:00,52,17,91.8,7,52,32
2024-09-23 08:00:00,55,20,101.0,7,52,38
2024-09-23 09:00:00,57,22,94.5,6,55,38
2024-09-23 10:00:00,58,25,99.9,9,56,38
2024-09-23 11:00:00,67,31,114.3,9,62,43
2024-09-23 12:00:00,59,31,104.9,8,58,43
2024-09-23 13:00:00,59,23,100.4,8,57,37
2024-09-23 14:00:00,65,30,108.5,10,58,42
2024-09-23 15:00:00,63,32,111.0,10,59,41
2024-09-23 16:00:00,63,28,101.5,9,60,39
2024-09-23 17:00:00,61,29,108.9,9,57,40
2024-09-23 18:00:00,63,31,105.4,9,60,43
2024-09-23 19:00:00,54,26,101.3,7,56,38
2024-09-23 20:00:00,57,21,97.6,8,57,37
2024-09-23 21:00:00,55,22,103.6,7,54,38
2024-09-23 22:00:00,47,17,91.0,5,50,33
2024-09-23 23:00:00,49,14,88.2,7,52,35
2024-09-24 00:00:00,46,12,90.5,6,49,35
2024-09-24 01:00:00,46,18,94.8,6,48,35
2024-09-24 02:00:00,40,9,87.7,4,48,33
2024-09-24 03:00:00,45,18,90.5,6,50,36
2024-09-24 04:00:00,49,15,94.3,6,53,36
2024-09-24 05:00:00,48,9,88.5,5,50,29
2024-09-24 06:00:00,49,17,94.9,6,52,36
2024-09-24 07:00:00,51,11,93.2,7,48,39
2024-09-24 08:00:00,57,22,90.9,9,57,37
2024-09-24 09:00:00,57,25,97.8,9,55,37
2024-09-24 10:00:00,55,22,99.3,7,55,39
2024-09-24 11:00:00,61,26,104.0,8,58,39
2024-09-24 12:00:00,64,34,108.2,8,60,42
2024-09-24 13:00:00,63,26,105.1,8,59,41
2024-09-24 14:00:00,63,24,108.1,8,59,44
2024-09-24 15:00:00,60,33,106.3,9,59,37
2024-09-24 16:00:00,61,34,99.7,10,57,36
2024-09-24 17:00:00,55,26,105.4,7,57,38
2024-09-24 18:00:00,61,28,98.3,7,58,39
2024-09-24 19:00:00,57,27,104.0,8,57,41
2024-09-24 20:00:00,54,17,91.5,7,54,35
2024-09-24 21:00:00,47,16,95.7,7,49,32
2024-09-24 22:00:00,54,20,96.5,6,60,39
2024-09-24 23:00:00,46,20,93.4,6,52,35
2024-09-25 00:00:00,49,15,86.1,7,49,33
2024-09-25 01:00:00,45,9,89.7,4,49,29
2024-09-25 02:00:00,47,19,93.3,7,51,37
2024-09-25 03:00:00,44,10,89.4,5,49,33
2024-09-25 04:00:00,45,12,91.0,6,46,36
2024-09-25 05:00:00,51,16,94.4,7,53,37
2024-09-25 06:00:00,51,21,95.0,7,52,34
2024-09-25 07:00:00,49,21,91.8,7,56,35
2024-09-25 08:00:00,53,21,95.7,7,54,38
2024-09-25 09:00:00,57,24,103.6,7,57,35
2024-09-25 10:00:00,60,24,99.9,8,59,40
2024-09-25 11:00:00,58,28,97.1,7,58,34
2024-09-25 12:00:00,57,18,95.4,7,56,34
2024-09-25 13:00:00,61,27,106.0,7,60,38
2024-09-25 14:00:00,64,29,106.0,11,58,45
2024-09-25 15:00:00,57,24,102.2,8,58,39
2024-09-25 16:00:00,62,28,99.4,9,58,34
2024-09-25 17:00:00,58,25,92.5,7,57,34
2024-09-25 18:00:00,59,30,104.5,9,55,38
2024-09-25 19:00:00,62,28,108.1,9,56,41
2024-09-25 20:00:00,53,18,90.5,8,53,33
2024-09-25 21:00:00,53,17,97.3,7,56,33
2024-09-25 22:00:00,51,16,97.4,8,52,39
2024-09-25 23:00:00,44,13,88.3,5,53,33
2024-09-26 00:00:00,42,14,89.8,6,50,33
2024-09-26 01:00:00,47,10,89.5,6,50,37
2024-09-26 02:00:00,42,8,84.0,4,51,35
2024-09-26 03:00:00,42,14,89.9,4,51,33
2024-09-26 04:00:00,50,15,98.4,6,49,34
2024-09-26 05:00:00,44,12,86.2,5,49,32
2024-09-26 06:00:00,48,19,92.9,6,53,39
2024-09-26 07:00:00,56,16,93.8,8,56,34
2024-09-26 08:00:00,50,21,95.1,8,54,33
2024-09-26 09:00:00,53,25,98.0,8,55,37
2024-09-26 10:00:00,57,24,103.6,8,55,39
2024-09-26 11:00:00,59,27,107.3,8,57,41
2024-09-26 12:00:00,58,25,103.9,8,55,39
2024-09-26 13:00:00,58,27,105.6,9,54,39
2024-09-26 14:00:00,65,27,105.0,9,61,39
2024-09-26 15:00:00,61,25,100.9,9,59,38
2024-09-26 16:00:00,62,26,105.8,9,62,38
2024-09-26 17:00:00,58,20,99.6,7,55,37
2024-09-26 18:00:00,58,22,106.5,8,57,40
2024-09-26 19:00:00,58,21,94.2,8,56,35
2024-09-26 20:00:00,51,19,96.6,8,53,37
2024-09-26 21:00:00,52,17,96.5,7,52,36
2024-09-26 22:00:00,51,16,91.5,9,53,35
2024-09-26 23:00:00,52,16,91.6,8,56,34
2024-09-27 00:00:00,52,16,93.6,6,52,35
2024-09-27 01:00:00,45,10,82.9,7,50,29
2024-09-27 02:00:00,47,8,92.7,6,49,32
2024-09-27 03:00:00,38,9,90.8,5,43,35
2024-09-27 04:00:00,50,11,90.4,8,51,35
2024-09-27 05:00:00,46,13,87.3,5,54,30
2024-09-27 06:00:00,48,13,87.0,6,49,29
2024-09-27 07:00:00,51,13,89.7,7,50,36
2024-09-27 08:00:00,53,18,94.0,7,52,37
2024-09-27 09:00:00,56,23,103.2,6,59,38
2024-09-27 10:00:00,62,26,114.2,9,61,43
2024-09-27 11:00:00,58,24,98.8,8,58,38
2024-09-27 12:00:00,58,25,98.7,8,59,36
2024-09-27 13:00:00,65,24,102.4,9,61,39
2024-09-27 14:00:00,63,28,107.1,11,59,40
2024-09-27 15:00:00,66,25,107.3,10,59,39
2024-09-27 16:00:00,63,29,106.7,8,61,41
2024-09-27 17:00:00,54,19,95.8,7,55,37
2024-09-27 18:00:00,59,23,105.4,9,55,37
2024-09-27 19:00:00,54,23,100.2,8,56,39
2024-09-27 20:00:00,54,21,99.4,6,54,36
2024-09-27 21:00:00,54,27,100.7,7,58,36
2024-09-27 22:00:00,46,17,90.2,5,49,35
2024-09-27 23:00:00,45,11,85.7,6,51,33
2024-09-28 00:00:00,52,13,94.7,6,42,34
2024-09-28 01:00:00,44,6,87.3,7,39,33
2024-09-28 02:00:00,45,12,90.0,7,40,34
2024-09-28 03:00:00,49,9,85.7,6,41,32
2024-09-28 04:00:00,46,16,91.9,5,41,35
2024-09-28 05:00:00,47,12,89.0,5,41,29
2024-09-28 06:00:00,52,16,91.5,7,43,33
2024-09-28 07:00:00,50,16,95.1,7,44,37
2024-09-28 08:00:00,53,26,99.4,8,42,36
2024-09-28 09:00:00,50,21,101.8,5,43,35
2024-09-28 10:00:00,57,30,104.3,9,46,34
2024-09-28 11:00:00,58,29,101.7,7,47,40
2024-09-28 12:00:00,62,29,104.7,7,48,38
2024-09-28 13:00:00,60,29,100.9,9,48,35
2024-09-28 14:00:00,68,29,112.9,9,48,44
2024-09-28 15:00:00,57,21,100.4,8,44,41
2024-09-28 16:00:00,64,26,106.7,9,48,41
2024-09-28 17:00:00,61,29,101.3,8,49,35
2024-09-28 18:00:00,60,24,104.5,8,45,38
2024-09-28 19:00:00,56,17,94.7,7,42,38
2024-09-28 20:00:00,48,20,91.5,7,43,35
2024-09-28 21:00:00,53,24,98.3,7,42,34
2024-09-28 22:00:00,50,20,92.9,6,43,40
2024-09-28 23:00:00,45,14,86.7,5,38,31
2024-09-29 00:00:00,49,16,92.1,6,41,34
2024-09-29 01:00:00,50,11,94.1,7,41,34
2024-09-29 02:00:00,37,6,83.9,4,36,32
2024-09-29 03:00:00,43,9,88.5,4,39,32
2024-09-29 04:00:00,45,19,92.1,6,41,30
2024-09-29 05:00:00,48,13,89.3,6,40,30
2024-09-29 06:00:00,48,15,95.1,6,40,34
2024-09-29 07:00:00,50,17,88.0,7,44,34
2024-09-29 08:00:00,57,27,102.8,8,45,38
2024-09-29 09:00:00,61,28,107.2,8,47,42
2024-09-29 10:00:00,67,32,109.1,10,47,44
2024-09-29 11:00:00,57,25,98.9,8,48,35
2024-09-29 12:00:00,56,28,101.4,8,46,38
2024-09-29 13:00:00,61,22,100.5,9,43,37
2024-09-29 14:00:00,67,33,111.9,11,48,41
2024-09-29 15:00:00,62,24,106.7,9,45,39
2024-09-29 16:00:00,65,28,108.3,9,51,43
2024-09-29 17:00:00,58,22,101.4,8,49,38
2024-09-29 18:00:00,56,22,101.1,7,45,37
2024-09-29 19:00:00,55,19,100.2,6,46,41
2024-09-29 20:00:00,52,18,92.8,7,45,34
2024-09-29 21:00:00,53,16,90.2,7,41,35
2024-09-29 22:00:00,51,14,94.2,6,42,35
2024-09-29 23:00:00,51,17,97.1,7,42,33
2024-09-30 00:00:00,47,9,83.8,7,53,31
2024-09-30 01:00:00,46,13,90.0,7,55,32
2024-09-30 02:00:00,49,16,95.6,6,56,35
2024-09-30 03:00:00,40,10,84.5,5,49,35
2024-09-30 04:00:00,46,11,93.3,6,51,33
2024-09-30 05:00:00,48,14,94.7,7,50,35
2024-09-30 06:00:00,51,20,94.8,8,53,37
2024-09-30 07:00:00,51,19,93.8,9,55,34
2024-09-30 08:00:00,54,18,95.5,8,56,34
2024-09-30 09:00:00,55,24,99.3,8,56,38
2024-09-30 10:00:00,59,20,97.2,8,55,37
2024-09-30 11:00:00,61,28,100.6,11,62,39
2024-09-30 12:00:00,62,28,98.1,8,60,34
2024-09-30 13:00:00,60,27,102.9,9,58,42
2024-09-30 14:00:00,63,25,110.9,9,61,42
2024-09-30 15:00:00,61,25,97.4,7,57,39
2024-09-30 16:00:00,59,29,103.1,10,56,44
2024-09-30 17:00:00,60,30,104.2,7,58,39
2024-09-30 18:00:00,59,22,100.3,6,54,36
2024-09-30 19:00:00,58,24,104.5,9,57,38
2024-09-30 20:00:00,53,13,91.1,6,49,34
2024-09-30 21:00:00,51,16,88.0,7,52,34
2024-09-30 22:00:00,52,16,92.8,7,49,37
2024-09-30 23:00:00,50,11,89.4,7,51,34
2024-10-01 00:00:00,47,10,82.5,6,50,34
2024-10-01 01:00:00,44,10,87.5,6,51,35
2024-10-01 02:00:00,43,13,84.0,6,50,31
2024-10-01 03:00:00,44,12,87.5,7,48,29
2024-10-01 04:00:00,49,5,87.7,7,50,35
2024-10-01 05:00:00,46,7,84.4,5,52,33
2024-10-01 06:00:00,54,14,97.8,7,51,36
2024-10-01 07:00:00,52,20,94.5,7,58,33
2024-10-01 08:00:00,50,10,91.5,7,52,34
2024-10-01 09:00:00,55,20,99.7,6,52,38
2024-10-01 10:00:00,57,22,100.7,8,54,35
2024-10-01 11:00:00,59,31,104.4,9,59,37
2024-10-01 12:00:00,57,26,98.8,10,58,44
2024-10-01 13:00:00,63,29,102.9,10,60,37
2024-10-01 14:00:00,65,28,107.4,9,60,39
2024-10-01 15:00:00,66,20,101.8,9,59,42
2024-10-01 16:00:00,60,30,107.0,8,57,38
2024-10-01 17:00:00,59,26,102.0,10,58,36
2024-10-01 18:00:00,56,26,102.6,7,59,40
2024-10-01 19:00:00,62,36,105.1,8,60,36
2024-10-01 20:00:00,54,13,90.9,7,54,33
2024-10-01 21:00:00,51,24,101.6,7,56,39
2024-10-01 22:00:00,47,15,90.3,6,50,37
2024-10-01 23:00:00,50,15,95.9,7,53,37
2024-10-02 00:00:00,47,13,86.1,5,52,33
2024-10-02 01:00:00,47,11,88.6,6,49,33
2024-10-02 02:00:00,43,10,90.1,5,46,36
2024-10-02 03:00:00,41,13,81.8,5,48,33
2024-10-02 04:00:00,43,8,92.4,6,50,35
2024-10-02 05:00:00,50,17,94.2,7,50,36
2024-10-02 06:00:00,54,15,93.0,5,54,33
2024-10-02 07:00:00,49,14,93.0,7,51,33
2024-10-02 08:00:00,59,18,103.0,9,56,35
2024-10-02 09:00:00,59,26,100.2,7,58,38
2024-10-02 10:00:00,54,22,95.6,7,51,34
2024-10-02 11:00:00,60,27,104.4,9,60,38
2024-10-02 12:00:00,62,24,105.3,8,57,42
2024-10-02 13:00:00,56,30,101.6,7,57,40
2024-10-02 14:00:00,64,30,108.5,10,61,40
2024-10-02 15:00:00,66,34,112.6,10,64,42
2024-10-02 16:00:00,62,26,104.7,9,58,44
2024-10-02 17:00:00,60,28,101.7,9,55,37
2024-10-02 18:00:00,57,24,100.8,9,53,39
2024-10-02 19:00:00,56,27,106.3,7,59,43
2024-10-02 20:00:00,50,17,94.6,7,51,36
2024-10-02 21:00:00,50,21,98.7,8,52,37
2024-10-02 22:00:00,48,15,90.2,5,49,30
2024-10-02 23:00:00,48,14,91.9,6,50,33
2024-10-03 00:00:00,45,13,91.4,7,53,34
2024-10-03 01:00:00,44,13,92.5,7,49,37
2024-10-03 02:00:00,47,12,93.4,5,49,33
2024-10-03 03:00:00,47,13,86.6,5,53,33
2024-10-03 04:00:00,47,19,95.3,7,46,38
2024-10-03 05:00:00,50,18,98.8,7,52,39
2024-10-03 06:00:00,49,19,91.9,7,52,35
2024-10-03 07:00:00,51,16,91.3,9,52,33
2024-10-03 08:00:00,55,17,96.7,8,52,38
2024-10-03 09:00:00,55,25,100.3,7,55,38
2024-10-03 10:00:00,56,27,99.6,9,55,35
2024-10-03 11:00:00,61,31,101.6,9,57,38
2024-10-03 12:00:00,57,25,105.0,7,55,40
2024-10-03 13:00:00,61,27,101.3,9,54,41
2024-10-03 14:00:00,60,22,100.0,9,61,36
2024-10-03 15:00:00,55,26,100.3,8,49,39
2024-10-03 16:00:00,63,30,102.2,8,59,38
2024-10-03 17:00:00,59,24,96.8,8,56,37
2024-10-03 18:00:00,61,26,102.7,8,57,38
2024-10-03 19:00:00,56,21,101.4,8,55,42
2024-10-03 20:00:00,56,21,99.2,8,57,39
2024-10-03 21:00:00,53,14,88.3,5,51,35
2024-10-03 22:00:00,49,16,96.9,7,48,35
2024-10-03 23:00:00,45,4,87.9,5,47,34
2024-10-04 00:00:00,42,12,87.4,5,43,30
2024-10-04 01:00:00,47,7,88.4,5,48,28
2024-10-04 02:00:00,46,16,92.7,5,50,33
2024-10-04 03:00:00,44,15,95.8,7,50,38
2024-10-04 04:00:00,49,15,94.5,7,54,34
2024-10-04 05:00:00,44,20,91.3,7,51,35
2024-10-04 06:00:00,47,13,86.6,5,51,38
2024-10-04 07:00:00,55,24,100.0,9,54,37
2024-10-04 08:00:00,53,23,100.2,7,53,41
2024-10-04 09:00:00,54,21,97.0,7,53,32
2024-10-04 10:00:00,58,28,100.8,7,57,37
2024-10-04 11:00:00,53,22,98.9,7,53,38
2024-10-04 12:00:00,62,24,100.6,8,59,38
2024-10-04 13:00:00,61,26,106.0,8,59,41
2024-10-04 14:00:00,61,26,102.3,9,60,37
2024-10-04 15:00:00,60,24,95.9,10,58,41
2024-10-04 16:00:00,62,31,104.8,9,60,43
2024-10-04 17:00:00,61,25,103.0,8,60,40
2024-10-04 18:00:00,58,25,103.1,7,58,37
2024-10-04 19:00:00,52,20,97.0,6,53,36
2024-10-04 20:00:00,53,14,90.5,5,51,36
2024-10-04 21:00:00,53,19,96.4,8,53,35
2024-10-04 22:00:00,48,9,87.9,7,49,36
2024-10-04 23:00:00,50,14,91.6,6,52,35
2024-10-05 00:00:00,45,8,84.3,5,40,31
2024-10-05 01:00:00,50,19,94.3,7,42,37
2024-10-05 02:00:00,50,15,102.1,7,41,36
2024-10-05 03:00:00,47,13,95.7,6,36,35
2024-10-05 04:00:00,46,17,87.9,8,40,32
2024-10-05 05:00:00,47,11,89.5,5,45,30
2024-10-05 06:00:00,53,18,94.8,8,45,32
2024-10-05 07:00:00,48,19,93.1,6,44,33
2024-10-05 08:00:00,53,21,99.4,6,44,36
2024-10-05 09:00:00,56,27,100.4,9,46,39
2024-10-05 10:00:00,56,27,98.7,10,44,36
2024-10-05 11:00:00,62,27,108.0,9,45,42
2024-10-05 12:00:00,60,21,97.7,8,48,34
2024-10-05 13:00:00,59,24,102.3,7,44,39
2024-10-05 14:00:00,63,28,101.3,9,48,36
2024-10-05 15:00:00,61,28,101.6,7,50,38
2024-10-05 16:00:00,57,23,102.6,9,46,40
2024-10-05 17:00:00,60,34,103.9,9,47,39
2024-10-05 18:00:00,60,29,98.8,8,49,36
2024-10-05 19:00:00,59,24,99.4,7,46,40
2024-10-05 20:00:00,52,20,93.7,6,43,37
2024-10-05 21:00:00,53,17,91.4,7,44,37
2024-10-05 22:00:00,53,13,95.2,7,41,33
2024-10-05 23:00:00,45,15,84.5,6,38,28
2024-10-06 00:00:00,48,14,89.1,7,40,36
2024-10-06 01:00:00,47,8,88.4,6,39,30
2024-10-06 02:00:00,45,13,88.1,6,38,33
2024-10-06 03:00:00,49,12,89.5,5,41,33
2024-10-06 04:00:00,50,6,87.6,6,40,32
2024-10-06 05:00:00,48,11,86.4,7,39,30
2024-10-06 06:00:00,48,15,89.7,7,41,33
2024-10-06 07:00:00,56,25,101.8,8,43,40
2024-10-06 08:00:00,56,22,97.9,7,46,36
2024-10-06 09:00:00,48,17,92.9,6,44,32
2024-10-06 10:00:00,58,26,105.2,8,47,40
2024-10-06 11:00:00,57,20,100.9,8,44,34
2024-10-06 12:00:00,63,31,102.7,7,48,40
2024-10-06 13:00:00,61,26,104.9,10,45,41
2024-10-06 14:00:00,62,28,107.8,10,48,40
2024-10-06 15:00:00,61,32,104.0,10,48,41
2024-10-06 16:00:00,61,22,97.9,9,47,37
2024-10-06 17:00:00,62,21,101.4,8,46,38
2024-10-06 18:00:00,55,22,99.0,8,45,35
2024-10-06 19:00:00,53,26,100.4,7,45,39
2024-10-06 20:00:00,52,15,92.5,8,43,34
2024-10-06 21:00:00,49,8,83.3,6,41,31
2024-10-06 22:00:00,52,14,90.0,6,41,35
2024-10-06 23:00:00,45,16,91.2,6,41,32
2024-10-07 00:00:00,46,17,97.1,6,50,34
2024-10-07 01:00:00,40,11,84.5,6,45,31
2024-10-07 02:00:00,48,11,94.1,6,49,32
2024-10-07 03:00:00,47,16,88.3,6,52,34
2024-10-07 04:00:00,43,7,83.6,6,47,31
2024-10-07 05:00:00,44,13,81.2,7,48,27
2024-10-07 06:00:00,47,17,92.2,5,47,30
2024-10-07 07:00:00,53,20,93.6,8,56,34
2024-10-07 08:00:00,50,18,95.9,6,50,35
2024-10-07 09:00:00,56,22,97.7,6,56,39
2024-10-07 10:00:00,60,15,105.7,7,55,44
2024-10-07 11:00:00,58,23,106.2,8,57,38
2024-10-07 12:00:00,59,29,96.3,8,58,35
2024-10-07 13:00:00,62,24,105.3,9,58,43
2024-10-07 14:00:00,59,28,100.9,8,58,39
2024-10-07 15:00:00,66,29,110.3,8,61,49
2024-10-07 16:00:00,64,26,101.5,9,56,38
2024-10-07 17:00:00,59,26,107.0,7,60,42
2024-10-07 18:00:00,55,21,100.8,7,58,42
2024-10-07 19:00:00,54,21,93.6,6,53,33
2024-10-07 20:00:00,53,22,97.0,8,51,34
2024-10-07 21:00:00,53,18,96.1,8,56,37
2024-10-07 22:00:00,52,14,95.5,5,50,36
2024-10-07 23:00:00,45,15,89.8,4,53,34
2024-10-08 00:00:00,50,16,95.1,6,54,34
2024-10-08 01:00:00,45,5,85.9,6,48,32
2024-10-08 02:00:00,45,16,91.9,6,50,33
2024-10-08 03:00:00,43,11,82.5,5,47,32
2024-10-08 04:00:00,47,15,90.7,5,51,36
2024-10-08 05:00:00,46,19,95.0,7,52,32
2024-10-08 06:00:00,51,11,96.1,8,53,38
2024-10-08 07:00:00,48,15,92.1,5,53,34
2024-10-08 08:00:00,55,19,96.9,8,57,38
2024-10-08 09:00:00,55,19,101.5,9,55,38
2024-10-08 10:00:00,58,30,102.9,8,63,41
2024-10-08 11:00:00,58,23,104.3,8,57,41
2024-10-08 12:00:00,63,25,104.3,9,59,40
2024-10-08 13:00:00,59,28,103.3,8,58,39
2024-10-08 14:00:00,60,24,98.8,9,58,39
2024-10-08 15:00:00,59,26,99.0,10,58,41
2024-10-08 16:00:00,61,28,107.4,7,60,43
2024-10-08 17:00:00,57,24,106.0,7,51,41
2024-10-08 18:00:00,53,24,98.2,8,54,36
2024-10-08 19:00:00,53,20,95.8,8,51,35
2024-10-08 20:00:00,56,15,99.7,8,57,36
2024-10-08 21:00:00,52,19,96.7,8,51,34
2024-10-08 22:00:00,52,22,89.2,7,52,35
2024-10-08 23:00:00,47,14,93.6,7,50,35
2024-10-09 00:00:00,47,14,86.1,6,48,33
2024-10-09 01:00:00,45,15,89.5,6,50,30
2024-10-09 02:00:00,45,8,85.9,5,45,31
2024-10-09 03:00:00,48,18,90.4,6,55,33
2024-10-09 04:00:00,44,14,88.4,6,50,30
2024-10-09 05:00:00,50,20,97.2,7,51,34
2024-10-09 06:00:00,43,13,87.5,4,50,30
2024-10-09 07:00:00,54,24,103.0,7,56,39
2024-10-09 08:00:00,51,23,100.6,7,52,32
2024-10-09 09:00:00,56,24,104.4,9,57,39
2024-10-09 10:00:00,55,25,99.2,8,55,40
2024-10-09 11:00:00,59,25,100.7,8,59,40
2024-10-09 12:00:00,63,31,107.0,9,59,43
2024-10-09 13:00:00,65,28,110.8,10,57,41
2024-10-09 14:00:00,56,21,102.0,7,57,42
2024-10-09 15:00:00,63,24,96.4,8,58,36
2024-10-09 16:00:00,61,26,104.7,8,58,40
2024-10-09 17:00:00,59,27,95.3,8,58,37
2024-10-09 18:00:00,60,24,102.0,7,55,36
2024-10-09 19:00:00,56,26,99.3,9,56,33
2024-10-09 20:00:00,53,13,91.9,7,52,37
2024-10-09 21:00:00,49,18,95.9,7,51,34
2024-10-09 22:00:00,46,10,86.4,7,52,32
2024-10-09 23:00:00,51,17,94.0,6,51,36
2024-10-10 00:00:00,50,13,89.2,7,50,34
2024-10-10 01:00:00,46,14,89.9,6,53,35
2024-10-10 02:00:00,38,9,85.4,6,44,32
2024-10-10 03:00:00,46,17,88.4,7,51,34
2024-10-10 04:00:00,48,17,93.7,6,53,35
2024-10-10 05:00:00,48,16,92.0,7,53,31
2024-10-10 06:00:00,50,16,93.2,6,49,35
2024-10-10 07:00:00,51,20,94.0,7,52,36
2024-10-10 08:00:00,55,18,99.2,7,51,42
2024-10-10 09:00:00,54,25,100.7,7,57,38
2024-10-10 10:00:00,62,30,105.6,8,61,40
2024-10-10 11:00:00,64,29,107.7,7,62,42
2024-10-10 12:00:00,58,24,103.3,8,56,37
2024-10-10 13:00:00,60,29,105.5,9,57,43
2024-10-10 14:00:00,62,23,102.3,9,57,39
2024-10-10 15:00:00,59,30,107.4,10,55,40
2024-10-10 16:00:00,60,29,106.5,7,59,37
2024-10-10 17:00:00,60,19,107.3,9,55,39
2024-10-10 18:00:00,58,20,95.2,10,52,36
2024-10-10 19:00:00,60,21,103.7,10,60,43
2024-10-10 20:00:00,54,19,100.0,7,53,37
2024-10-10 21:00:00,49,14,94.5,7,52,35
2024-10-10 22:00:00,50,17,92.8,6,52,36
2024-10-10 23:00:00,48,15,87.2,6,53,31
2024-10-11 00:00:00,46,12,93.8,7,47,34
2024-10-11 01:00:00,45,10,86.1,6,51,35
2024-10-11 02:00:00,44,16,88.2,6,50,30
2024-10-11 03:00:00,48,18,98.7,6,53,35
2024-10-11 04:00:00,42,11,82.8,4,48,31
2024-10-11 05:00:00,45,12,91.2,7,49,35
2024-10-11 06:00:00,50,18,91.2,7,54,39
2024-10-11 07:00:00,45,17,88.1,6,49,33
2024-10-11 08:00:00,55,20,98.3,9,54,36
2024-10-11 09:00:00,51,25,99.0,8,53,36
2024-10-11 10:00:00,58,17,101.3,7,53,40
2024-10-11 11:00:00,57,30,106.2,7,57,38
2024-10-11 12:00:00,60,27,101.3,9,57,38
2024-10-11 13:00:00,62,26,101.4,8,60,41
2024-10-11 14:00:00,67,28,107.4,9,60,40
2024-10-11 15:00:00,62,28,105.9,9,55,41
2024-10-11 16:00:00,54,21,96.8,9,55,33
2024-10-11 17:00:00,63,31,96.0,10,59,35
2024-10-11 18:00:00,57,24,95.1,8,54,35
2024-10-11 19:00:00,56,24,99.2,8,56,34
2024-10-11 20:00:00,56,23,102.1,8,56,36
2024-10-11 21:00:00,45,14,86.5,7,51,31
2024-10-11 22:00:00,50,18,95.9,7,53,40
2024-10-11 23:00:00,46,13,85.4,6,52,33
2024-10-12 00:00:00,50,16,94.1,6,42,37
2024-10-12 01:00:00,45,5,87.0,5,42,34
2024-10-12 02:00:00,41,12,87.3,4,41,27
2024-10-12 03:00:00,48,10,86.9,6,41,33
2024-10-12 04:00:00,48,15,86.7,7,38,31
2024-10-12 05:00:00,44,16,91.6,7,43,31
2024-10-12 06:00:00,49,14,87.0,6,41,34
2024-10-12 07:00:00,53,15,92.8,8,44,31
2024-10-12 08:00:00,50,20,98.8,8,43,37
2024-10-12 09:00:00,58,19,100.0,8,45,37
2024-10-12 10:00:00,55,27,101.1,10,44,36
2024-10-12 11:00:00,57,24,102.5,9,44,40
2024-10-12 12:00:00,56,17,98.7,7,39,37
2024-10-12 13:00:00,65,26,106.2,11,46,41
2024-10-12 14:00:00,60,24,99.6,8,45,39
2024-10-12 15:00:00,57,22,107.8,9,45,42
2024-10-12 16:00:00,61,23,101.4,9,47,39
2024-10-12 17:00:00,61,26,104.9,9,46,38
2024-10-12 18:00:00,61,29,105.8,10,48,40
2024-10-12 19:00:00,55,23,97.5,8,44,38
2024-10-12 20:00:00,54,18,94.8,7,43,34
2024-10-12 21:00:00,50,20,99.0,7,42,38
2024-10-12 22:00:00,53,14,92.4,6,44,34
2024-10-12 23:00:00,50,12,92.9,7,41,36
2024-10-13 00:00:00,48,9,92.1,5,41,34
2024-10-13 01:00:00,46,6,86.3,6,41,30
2024-10-13 02:00:00,46,11,88.5,6,41,38
2024-10-13 03:00:00,43,13,90.1,6,38,33
2024-10-13 04:00:00,48,13,90.2,6,40,29
2024-10-13 05:00:00,48,13,84.3,6,42,30
2024-10-13 06:00:00,52,13,97.6,7,42,39
2024-10-13 07:00:00,54,20,94.2,8,42,37
2024-10-13 08:00:00,54,15,95.9,6,43,38
2024-10-13 09:00:00,52,25,93.7,7,45,35
2024-10-13 10:00:00,57,20,97.4,9,46,38
2024-10-13 11:00:00,57,23,99.0,10,47,37
2024-10-13 12:00:00,60,22,102.1,7,46,39
2024-10-13 13:00:00,60,26,100.5,9,47,36
2024-10-13 14:00:00,62,31,112.3,9,49,42
2024-10-13 15:00:00,63,30,106.5,9,47,35
2024-10-13 16:00:00,61,30,107.7,8,48,40
2024-10-13 17:00:00,60,27,103.8,8,47,37
2024-10-13 18:00:00,53,20,99.4,6,44,37
2024-10-13 19:00:00,53,21,90.7,8,41,32
2024-10-13 20:00:00,54,17,94.3,9,42,35
2024-10-13 21:00:00,50,23,93.6,7,41,41
2024-10-13 22:00:00,51,12,91.0,7,44,34
2024-10-13 23:00:00,51,17,95.9,6,41,35
2024-10-14 00:00:00,47,16,92.8,5,49,35
2024-10-14 01:00:00,55,19,97.0,7,52,30
2024-10-14 02:00:00,48,11,89.8,5,50,33
2024-10-14 03:00:00,44,15,96.1,7,50,35
2024-10-14 04:00:00,51,21,96.2,7,57,36
2024-10-14 05:00:00,47,12,83.4,5,50,34
2024-10-14 06:00:00,46,11,91.0,8,48,34
2024-10-14 07:00:00,47,11,91.2,7,53,32
2024-10-14 08:00:00,57,22,103.3,7,59,35
2024-10-14 09:00:00,52,15,96.3,6,50,38
2024-10-14 10:00:00,57,23,97.3,8,55,36
2024-10-14 11:00:00,58,27,104.6,8,57,40
2024-10-14 12:00:00,59,28,103.3,8,58,42
2024-10-14 13:00:00,62,29,108.4,10,63,41
2024-10-14 14:00:00,63,29,110.7,9,58,39
2024-10-14 15:00:00,56,32,102.5,8,55,39
2024-10-14 16:00:00,60,24,104.8,8,56,39
2024-10-14 17:00:00,57,23,103.2,7,58,36
2024-10-14 18:00:00,60,21,102.2,8,57,41
2024-10-14 19:00:00,64,25,111.2,8,62,43
2024-10-14 20:00:00,54,23,101.1,6,56,42
2024-10-14 21:00:00,48,20,91.0,7,50,34
2024-10-14 22:00:00,51,20,95.9,8,55,34
2024-10-14 23:00:00,46,10,91.1,5,52,34
2024-10-15 00:00:00,53,19,101.8,8,57,37
2024-10-15 01:00:00,51,18,96.4,7,50,39
2024-10-15 02:00:00,48,15,92.3,5,52,35
2024-10-15 03:00:00,46,19,95.1,5,49,34
2024-10-15 04:00:00,47,7,87.1,6,49,33
2024-10-15 05:00:00,48,13,87.6,6,50,33
2024-10-15 06:00:00,49,13,93.9,5,52,35
2024-10-15 07:00:00,48,20,92.4,6,53,34
2024-10-15 08:00:00,55,16,104.8,8,53,39
2024-10-15 09:00:00,57,25,101.3,9,59,37
2024-10-15 10:00:00,59,29,105.4,9,60,40
2024-10-15 11:00:00,59,28,101.0,8,58,36
2024-10-15 12:00:00,59,28,106.9,8,61,39
2024-10-15 13:00:00,61,24,103.3,10,58,43
2024-10-15 14:00:00,57,25,100.2,8,52,37
2024-10-15 15:00:00,65,32,108.0,9,59,42
2024-10-15 16:00:00,59,30,99.8,9,57,35
2024-10-15 17:00:00,54,26,98.4,7,57,36
2024-10-15 18:00:00,62,23,104.7,8,56,41
2024-10-15 19:00:00,52,15,89.1,6,53,34
2024-10-15 20:00:00,51,16,96.7,6,58,33
2024-10-15 21:00:00,56,25,99.3,7,56,36
2024-10-15 22:00:00,53,12,94.1,5,56,37
2024-10-15 23:00:00,44,15,82.2,5,47,28
2024-10-16 00:00:00,45,17,90.8,6,46,35
2024-10-16 01:00:00,42,8,82.1,4,45,31
2024-10-16 02:00:00,48,13,89.5,7,53,30
2024-10-16 03:00:00,51,16,88.7,5,52,35
2024-10-16 04:00:00,44,13,85.4,5,49,33
2024-10-16 05:00:00,54,24,98.2,8,59,37
2024-10-16 06:00:00,46,10,87.7,7,52,33
2024-10-16 07:00:00,53,22,99.9,7,55,36
2024-10-16 08:00:00,50,19,88.8,8,55,33
2024-10-16 09:00:00,56,25,100.0,8,56,38
2024-10-16 10:00:00,58,26,101.3,10,57,40
2024-10-16 11:00:00,58,23,99.4,7,54,39
2024-10-16 12:00:00,62,28,102.2,8,57,38
2024-10-16 13:00:00,57,21,102.9,8,55,38
2024-10-16 14:00:00,60,30,110.8,8,58,42
2024-10-16 15:00:00,63,29,100.8,8,61,38
2024-10-16 16:00:00,65,29,104.5,10,62,40
2024-10-16 17:00:00,60,29,101.5,9,64,33
2024-10-16 18:00:00,59,25,101.6,8,62,37
2024-10-16 19:00:00,58,23,104.2,8,59,43
2024-10-16 20:00:00,55,17,98.1,5,51,38
2024-10-16 21:00:00,48,15,91.4,6,54,35
2024-10-16 22:00:00,49,20,93.8,6,56,36
2024-10-16 23:00:00,47,19,91.7,6,52,35
2024-10-17 00:00:00,51,12,94.7,5,49,36
2024-10-17 01:00:00,47,12,92.5,7,51,37
2024-10-17 02:00:00,46,9,89.5,6,51,34
2024-10-17 03:00:00,48,16,85.2,5,52,29
2024-10-17 04:00:00,44,15,88.9,6,49,31
2024-10-17 05:00:00,55,21,97.3,9,55,35
2024-10-17 06:00:00,50,13,94.9,6,54,40
2024-10-17 07:00:00,53,17,95.9,5,54,36
2024-10-17 08:00:00,49,21,96.1,6,56,38
2024-10-17 09:00:00,58,24,99.9,8,59,37
2024-10-17 10:00:00,57,23,102.8,10,56,39
2024-10-17 11:00:00,55,23,102.5,7,57,38
2024-10-17 12:00:00,59,30,99.1,8,61,37
2024-10-17 13:00:00,59,30,100.1,8,58,36
2024-10-17 14:00:00,58,25,103.5,9,58,39
2024-10-17 15:00:00,63,32,106.8,9,57,39
2024-10-17 16:00:00,61,31,108.5,7,58,41
2024-10-17 17:00:00,60,26,104.1,8,58,38
2024-10-17 18:00:00,62,24,105.9,8,56,42
2024-10-17 19:00:00,56,24,97.5,8,56,35
2024-10-17 20:00:00,47,17,92.6,6,55,34
2024-10-17 21:00:00,51,18,95.4,7,54,35
2024-10-17 22:00:00,50,8,88.6,6,54,33
2024-10-17 23:00:00,48,17,95.6,7,53,37
2024-10-18 00:00:00,49,8,83.7,6,54,28
2024-10-18 01:00:00,48,18,93.1,6,52,31
2024-10-18 02:00:00,40,11,81.2,6,46,29
2024-10-18 03:00:00,46,12,85.7,6,51,36
2024-10-18 04:00:00,47,11,92.0,6,47,35
2024-10-18 05:00:00,50,13,89.0,6,53,36
2024-10-18 06:00:00,55,21,94.9,7,51,38
2024-10-18 07:00:00,51,9,93.3,7,50,32
2024-10-18 08:00:00,56,24,96.6,7,57,36
2024-10-18 09:00:00,58,23,103.7,8,54,37
2024-10-18 10:00:00,56,20,100.3,8,54,36
2024-10-18 11:00:00,55,22,95.9,8,52,33
2024-10-18 12:00:00,62,33,110.0,10,61,40
2024-10-18 13:00:00,62,24,97.7,6,60,38
2024-10-18 14:00:00,58,24,102.3,8,56,40
2024-10-18 15:00:00,66,32,105.3,8,65,41
2024-10-18 16:00:00,64,28,104.6,10,59,38
2024-10-18 17:00:00,55,22,97.3,8,52,36
2024-10-18 18:00:00,61,25,107.4,9,55,38
2024-10-18 19:00:00,54,18,95.0,7,54,39
2024-10-18 20:00:00,53,24,97.4,6,55,38
2024-10-18 21:00:00,55,22,97.1,7,60,33
2024-10-18 22:00:00,50,18,90.7,7,50,35
2024-10-18 23:00:00,53,16,91.7,7,52,32
2024-10-19 00:00:00,46,19,92.6,6,42,35
2024-10-19 01:00:00,41,12,86.1,5,39,33
2024-10-19 02:00:00,44,8,88.3,5,38,27
2024-10-19 03:00:00,48,14,90.4,7,41,38
2024-10-19 04:00:00,46,20,91.5,7,39,36
2024-10-19 05:00:00,43,11,89.3,6,38,31
2024-10-19 06:00:00,50,15,91.3,7,40,34
2024-10-19 07:00:00,48,19,88.8,6,43,35
2024-10-19 08:00:00,54,20,99.8,7,45,33
2024-10-19 09:00:00,54,19,94.5,8,43,36
2024-10-19 10:00:00,60,28,104.0,9,46,40
2024-10-19 11:00:00,58,34,102.8,9,47,41
2024-10-19 12:00:00,64,28,103.5,9,47,38
2024-10-19 13:00:00,60,25,97.0,8,43,38
2024-10-19 14:00:00,62,23,104.4,8,46,42
2024-10-19 15:00:00,64,29,96.6,10,49,35
2024-10-19 16:00:00,59,31,108.0,8,48,42
2024-10-19 17:00:00,62,27,108.0,9,47,39
2024-10-19 18:00:00,54,24,95.9,8,43,35
2024-10-19 19:00:00,52,20,100.4,7,44,34
2024-10-19 20:00:00,57,16,104.2,8,44,34
2024-10-19 21:00:00,55,21,97.3,7,42,38
2024-10-19 22:00:00,56,19,99.1,6,41,39
2024-10-19 23:00:00,45,9,88.0,5,39,34
2024-10-20 00:00:00,48,19,97.4,7,44,34
2024-10-20 01:00:00,48,14,86.7,6,42,34
2024-10-20 02:00:00,47,17,90.6,7,43,34
2024-10-20 03:00:00,42,8,88.0,4,38,33
2024-10-20 04:00:00,43,8,88.2,4,39,33
2024-10-20 05:00:00,48,14,91.0,7,37,33
2024-10-20 06:00:00,47,18,96.1,6,38,36
2024-10-20 07:00:00,50,24,97.0,7,44,35
2024-10-20 08:00:00,55,22,99.1,7,45,38
2024-10-20 09:00:00,55,21,100.4,8,40,39
2024-10-20 10:00:00,59,20,100.3,9,45,37
2024-10-20 11:00:00,60,30,104.4,10,48,41
2024-10-20 12:00:00,58,24,98.8,8,46,38
2024-10-20 13:00:00,64,33,117.2,9,47,44
2024-10-20 14:00:00,60,27,101.7,9,42,38
2024-10-20 15:00:00,61,33,108.8,11,48,42
2024-10-20 16:00:00,60,29,109.9,8,45,41
2024-10-20 17:00:00,59,25,98.0,7,46,37
2024-10-20 18:00:00,62,22,104.7,9,47,43
2024-10-20 19:00:00,52,21,96.1,7,44,38
2024-10-20 20:00:00,57,21,105.1,8,45,42
2024-10-20 21:00:00,53,18,93.3,7,43,38
2024-10-20 22:00:00,53,14,91.9,7,43,35
2024-10-20 23:00:00,55,14,95.7,7,42,41
2024-10-21 00:00:00,50,13,90.8,6,55,35
2024-10-21 01:00:00,46,5,85.1,5,48,29
2024-10-21 02:00:00,43,14,93.5,5,53,33
2024-10-21 03:00:00,42,9,85.6,6,47,28
2024-10-21 04:00:00,46,9,85.9,5,51,34
2024-10-21 05:00:00,42,8,84.0,4,48,32
2024-10-21 06:00:00,49,10,91.6,6,47,33
2024-10-21 07:00:00,45,13,89.7,6,51,34
2024-10-21 08:00:00,56,18,95.7,5,53,36
2024-10-21 09:00:00,57,29,97.2,8,57,35
2024-10-21 10:00:00,58,22,100.0,8,56,42
2024-10-21 11:00:00,58,26,101.5,8,55,39
2024-10-21 12:00:00,56,28,99.6,7,55,38
2024-10-21 13:00:00,65,28,110.8,9,62,42
2024-10-21 14:00:00,65,28,108.7,10,57,39
2024-10-21 15:00:00,60,24,102.3,7,58,35
2024-10-21 16:00:00,64,32,106.6,8,59,43
2024-10-21 17:00:00,60,32,110.5,8,61,40
2024-10-21 18:00:00,57,18,94.8,8,57,32
2024-10-21 19:00:00,57,18,96.8,7,54,34
2024-10-21 20:00:00,55,19,95.9,6,56,37
2024-10-21 21:00:00,54,15,96.0,9,52,37
2024-10-21 22:00:00,51,18,96.5,7,56,35
2024-10-21 23:00:00,47,12,85.8,6,51,34
2024-10-22 00:00:00,47,21,90.5,6,51,31
2024-10-22 01:00:00,46,16,91.7,6,50,37
2024-10-22 02:00:00,48,13,88.4,8,50,30
2024-10-22 03:00:00,43,16,87.2,6,49,33
2024-10-22 04:00:00,50,17,94.2,9,54,36
2024-10-22 05:00:00,47,12,86.6,6,49,34
2024-10-22 06:00:00,47,13,90.7,5,49,30
2024-10-22 07:00:00,49,18,94.9,7,54,35
2024-10-22 08:00:00,56,23,99.7,8,58,40
2024-10-22 09:00:00,56,23,103.5,8,54,37
2024-10-22 10:00:00,60,18,102.7,8,56,42
2024-10-22 11:00:00,55,23,98.9,9,58,33
2024-10-22 12:00:00,59,27,101.9,7,58,35
2024-10-22 13:00:00,61,27,109.7,9,62,39
2024-10-22 14:00:00,62,35,105.5,9,61,41
2024-10-22 15:00:00,60,23,101.3,8,58,41
2024-10-22 16:00:00,62,29,104.1,9,58,38
2024-10-22 17:00:00,62,31,107.4,10,57,41
2024-10-22 18:00:00,64,32,114.4,10,58,45
2024-10-22 19:00:00,52,21,96.8,7,54,37
2024-10-22 20:00:00,55,22,97.3,6,58,41
2024-10-22 21:00:00,50,20,95.3,8,51,34
2024-10-22 22:00:00,51,17,89.9,6,52,36
2024-10-22 23:00:00,49,14,91.0,7,48,32
2024-10-23 00:00:00,44,15,94.1,7,53,35
2024-10-23 01:00:00,41,3,84.8,5,45,31
2024-10-23 02:00:00,47,14,94.5,5,55,36
2024-10-23 03:00:00,46,13,92.3,7,51,32
2024-10-23 04:00:00,46,12,86.9,7,53,31
2024-10-23 05:00:00,51,22,101.7,8,50,36
2024-10-23 06:00:00,51,14,87.4,6,47,32
2024-10-23 07:00:00,50,17,94.1,8,51,35
2024-10-23 08:00:00,53,27,93.0,7,55,33
2024-10-23 09:00:00,52,19,90.2,7,55,33
2024-10-23 10:00:00,57,22,102.8,9,59,40
2024-10-23 11:00:00,56,25,97.9,8,55,38
2024-10-23 12:00:00,62,30,109.4,7,58,45
2024-10-23 13:00:00,65,28,100.6,9,59,39
2024-10-23 14:00:00,60,23,101.7,9,58,42
2024-10-23 15:00:00,60,26,99.2,7,55,35
2024-10-23 16:00:00,65,25,105.0,10,56,36
2024-10-23 17:00:00,63,25,109.6,7,59,41
2024-10-23 18:00:00,56,25,105.8,8,53,39
2024-10-23 19:00:00,56,24,101.5,8,58,37
2024-10-23 20:00:00,53,14,89.3,7,49,33
2024-10-23 21:00:00,53,22,93.4,8,53,37
2024-10-23 22:00:00,54,17,96.7,6,51,35
2024-10-23 23:00:00,49,19,91.4,7,51,36
2024-10-24 00:00:00,47,15,93.0,6,49,37
2024-10-24 01:00:00,48,16,97.2,6,54,37
2024-10-24 02:00:00,49,14,88.5,7,57,33
2024-10-24 03:00:00,49,17,90.3,6,50,33
2024-10-24 04:00:00,48,15,88.1,7,50,36
2024-10-24 05:00:00,44,14,87.6,6,49,36
2024-10-24 06:00:00,50,24,96.4,7,51,37
2024-10-24 07:00:00,54,21,97.8,7,56,38
2024-10-24 08:00:00,55,22,101.0,8,52,39
2024-10-24 09:00:00,57,18,99.1,7,56,36
2024-10-24 10:00:00,61,19,101.4,8,57,39
2024-10-24 11:00:00,57,27,101.4,9,58,39
2024-10-24 12:00:00,64,27,106.3,9,59,43
2024-10-24 13:00:00,60,26,102.9,7,59,39
2024-10-24 14:00:00,64,28,104.7,10,61,38
2024-10-24 15:00:00,63,33,104.0,10,60,39
2024-10-24 16:00:00,67,29,109.1,11,62,41
2024-10-24 17:00:00,59,22,99.2,9,59,36
2024-10-24 18:00:00,56,24,101.2,8,52,40
2024-10-24 19:00:00,56,19,98.4,8,51,39
2024-10-24 20:00:00,54,19,96.7,8,57,31
2024-10-24 21:00:00,54,16,98.8,7,56,40
2024-10-24 22:00:00,50,14,88.4,4,55,34
2024-10-24 23:00:00,53,10,98.1,6,52,37
2024-10-25 00:00:00,46,13,82.8,6,54,32
2024-10-25 01:00:00,45,10,92.1,6,55,30
2024-10-25 02:00:00,41,3,83.5,4,49,30
2024-10-25 03:00:00,48,19,91.4,6,53,35
2024-10-25 04:00:00,48,17,87.8,6,53,34
2024-10-25 05:00:00,48,13,89.0,6,51,33
2024-10-25 06:00:00,50,16,92.4,7,53,35
2024-10-25 07:00:00,49,14,92.1,6,52,35
2024-10-25 08:00:00,53,26,102.9,8,59,39
2024-10-25 09:00:00,57,29,102.1,9,55,43
2024-10-25 10:00:00,61,25,104.0,8,57,36
2024-10-25 11:00:00,64,29,107.8,9,60,39
2024-10-25 12:00:00,61,28,103.1,9,59,39
2024-10-25 13:00:00,58,23,100.1,7,57,39
2024-10-25 14:00:00,61,27,103.8,9,56,39
2024-10-25 15:00:00,67,28,110.2,8,61,40
2024-10-25 16:00:00,63,25,101.9,9,58,40
2024-10-25 17:00:00,61,25,101.6,10,58,39
2024-10-25 18:00:00,60,24,103.4,8,59,40
2024-10-25 19:00:00,60,22,98.1,7,59,36
2024-10-25 20:00:00,51,20,95.4,8,51,37
2024-10-25 21:00:00,49,14,90.5,6,56,36
2024-10-25 22:00:00,47,13,92.1,6,48,36
2024-10-25 23:00:00,48,10,93.8,6,49,33
2024-10-26 00:00:00,48,16,90.2,5,41,32
2024-10-26 01:00:00,45,5,88.5,6,40,34
2024-10-26 02:00:00,45,16,90.6,5,38,32
2024-10-26 03:00:00,50,17,92.6,6,46,32
2024-10-26 04:00:00,46,12,89.1,5,37,32
2024-10-26 05:00:00,47,5,91.2,6,42,33
2024-10-26 06:00:00,52,15,93.5,5,42,35
2024-10-26 07:00:00,54,18,100.3,9,43,37
2024-10-26 08:00:00,54,16,95.2,7,39,32
2024-10-26 09:00:00,57,20,95.1,6,46,37
2024-10-26 10:00:00,64,29,106.2,8,47,41
2024-10-26 11:00:00,61,28,100.2,9,49,38
2024-10-26 12:00:00,58,24,100.0,9,43,39
2024-10-26 13:00:00,61,22,101.6,8,48,40
2024-10-26 14:00:00,61,27,109.8,9,44,39
2024-10-26 15:00:00,55,27,105.3,7,45,39
2024-10-26 16:00:00,62,29,105.8,10,45,41
2024-10-26 17:00:00,59,24,105.4,9,49,40
2024-10-26 18:00:00,61,26,102.6,9,48,42
2024-10-26 19:00:00,56,29,97.1,8,48,37
2024-10-26 20:00:00,51,23,97.5,8,42,36
2024-10-26 21:00:00,52,18,96.0,6,42,38
2024-10-26 22:00:00,50,15,90.2,7,42,36
2024-10-26 23:00:00,48,13,87.9,7,40,33
2024-10-27 00:00:00,48,17,94.8,6,41,38
2024-10-27 01:00:00,42,10,81.0,5,38,31
2024-10-27 02:00:00,45,12,90.2,4,42,32
2024-10-27 03:00:00,45,12,87.5,4,41,34
2024-10-27 04:00:00,49,11,92.3,7,39,33
2024-10-27 05:00:00,47,10,92.1,7,41,37
2024-10-27 06:00:00,49,17,90.3,7,39,33
2024-10-27 07:00:00,56,18,94.0,6,46,34
2024-10-27 08:00:00,53,22,101.7,9,42,36
2024-10-27 09:00:00,57,20,98.7,8,46,39
2024-10-27 10:00:00,58,28,103.9,8,47,38
2024-10-27 11:00:00,63,23,106.4,9,46,39
2024-10-27 12:00:00,63,33,104.3,8,47,39
2024-10-27 13:00:00,60,22,104.4,8,45,34
2024-10-27 14:00:00,62,30,107.5,9,48,43
2024-10-27 15:00:00,63,29,110.3,9,49,39
2024-10-27 16:00:00,63,24,108.7,10,50,43
2024-10-27 17:00:00,62,27,105.0,8,50,42
2024-10-27 18:00:00,59,28,105.6,8,47,41
2024-10-27 19:00:00,58,14,97.7,6,45,37
2024-10-27 20:00:00,56,22,99.6,9,44,37
2024-10-27 21:00:00,48,9,86.0,6,41,36
2024-10-27 22:00:00,45,13,88.0,6,42,37
2024-10-27 23:00:00,48,20,88.0,7,44,29
2024-10-28 00:00:00,47,11,89.0,5,51,35
2024-10-28 01:00:00,46,8,91.7,7,48,33
2024-10-28 02:00:00,49,11,92.9,6,51,39
2024-10-28 03:00:00,45,20,91.4,6,52,34
2024-10-28 04:00:00,44,7,85.0,6,51,30
2024-10-28 05:00:00,44,11,85.6,5,49,30
2024-10-28 06:00:00,48,21,90.6,8,54,34
2024-10-28 07:00:00,52,24,99.6,9,56,33
2024-10-28 08:00:00,54,20,92.6,7,54,33
2024-10-28 09:00:00,56,18,93.2,7,54,33
2024-10-28 10:00:00,57,31,106.0,9,61,34
2024-10-28 11:00:00,59,31,104.9,10,59,41
2024-10-28 12:00:00,57,29,102.4,10,58,40
2024-10-28 13:00:00,61,25,104.2,9,57,41
2024-10-28 14:00:00,60,28,109.7,9,54,39
2024-10-28 15:00:00,66,27,107.3,9,61,42
2024-10-28 16:00:00,62,28,106.1,7,60,40
2024-10-28 17:00:00,60,31,111.2,8,60,40
2024-10-28 18:00:00,57,27,101.3,8,57,37
2024-10-28 19:00:00,51,18,99.7,5,52,34
2024-10-28 20:00:00,52,25,90.9,7,55,31
2024-10-28 21:00:00,50,19,90.8,6,55,32
2024-10-28 22:00:00,48,18,90.9,8,53,33
2024-10-28 23:00:00,47,19,93.9,6,49,36
2024-10-29 00:00:00,46,9,93.6,5,49,33
2024-10-29 01:00:00,47,12,88.0,6,49,35
2024-10-29 02:00:00,44,10,89.9,5,52,35
2024-10-29 03:00:00,49,7,95.9,6,50,36
2024-10-29 04:00:00,42,14,92.3,5,52,33
2024-10-29 05:00:00,50,23,94.6,7,54,33
2024-10-29 06:00:00,47,10,91.6,6,49,32
2024-10-29 07:00:00,50,18,94.8,7,51,37
2024-10-29 08:00:00,52,22,94.9,8,53,37
2024-10-29 09:00:00,56,23,100.5,7,56,37
2024-10-29 10:00:00,57,24,98.9,8,54,38
2024-10-29 11:00:00,57,21,99.9,9,57,35
2024-10-29 12:00:00,58,28,98.1,9,55,36
2024-10-29 13:00:00,57,25,95.4,6,53,37
2024-10-29 14:00:00,59,20,99.6,8,54,36
2024-10-29 15:00:00,62,32,107.2,8,58,38
2024-10-29 16:00:00,61,30,102.0,8,60,37
2024-10-29 17:00:00,59,26,104.1,9,61,36
2024-10-29 18:00:00,57,25,100.6,7,56,36
2024-10-29 19:00:00,56,26,102.6,7,57,40
2024-10-29 20:00:00,52,21,98.7,7,53,40
2024-10-29 21:00:00,56,21,102.9,7,51,42
2024-10-29 22:00:00,47,15,92.7,5,52,34
2024-10-29 23:00:00,48,19,92.0,7,52,34
2024-10-30 00:00:00,45,14,89.8,7,47,35
2024-10-30 01:00:00,44,13,95.1,6,53,32
2024-10-30 02:00:00,44,8,89.3,5,50,31
2024-10-30 03:00:00,46,13,89.5,6,47,32
2024-10-30 04:00:00,44,10,87.0,5,50,35
2024-10-30 05:00:00,46,12,87.6,5,56,32
2024-10-30 06:00:00,47,13,86.5,5,51,35
2024-10-30 07:00:00,51,14,98.5,4,54,35
2024-10-30 08:00:00,61,27,105.6,8,57,38
2024-10-30 09:00:00,55,27,96.2,7,55,40
2024-10-30 10:00:00,61,31,104.8,9,62,40
2024-10-30 11:00:00,58,21,104.2,8,58,38
2024-10-30 12:00:00,62,27,103.8,7,61,36
2024-10-30 13:00:00,62,23,101.0,9,58,37
2024-10-30 14:00:00,62,26,105.1,8,59,43
2024-10-30 15:00:00,61,25,104.9,8,58,39
2024-10-30 16:00:00,61,31,104.2,7,60,34
2024-10-30 17:00:00,57,24,98.8,7,56,37
2024-10-30 18:00:00,59,28,104.1,8,61,41
2024-10-30 19:00:00,53,24,94.6,8,54,35
2024-10-30 20:00:00,54,28,98.5,8,57,38
2024-10-30 21:00:00,53,13,93.4,6,49,36
2024-10-30 22:00:00,51,20,97.5,7,56,36
2024-10-30 23:00:00,51,18,93.4,7,51,33
2024-10-31 00:00:00,49,10,92.0,5,50,33
2024-10-31 01:00:00,46,16,94.0,6,48,34
2024-10-31 02:00:00,46,13,88.1,5,47,30
2024-10-31 03:00:00,45,11,97.7,6,51,37
2024-10-31 04:00:00,44,10,91.2,5,47,32
2024-10-31 05:00:00,45,12,89.0,5,47,35
2024-10-31 06:00:00,54,23,97.4,9,52,39
2024-10-31 07:00:00,52,18,93.4,7,56,34
2024-10-31 08:00:00,59,23,106.3,8,56,40
2024-10-31 09:00:00,57,19,99.7,8,56,37
2024-10-31 10:00:00,55,21,94.0,8,57,33
2024-10-31 11:00:00,63,29,100.9,9,60,37
2024-10-31 12:00:00,59,22,101.2,9,57,38
2024-10-31 13:00:00,64,26,106.3,7,62,42
2024-10-31 14:00:00,61,28,101.5,9,56,42
2024-10-31 15:00:00,59,28,98.7,9,57,36
2024-10-31 16:00:00,59,26,96.4,9,59,35
2024-10-31 17:00:00,58,27,99.9,7,61,40
2024-10-31 18:00:00,56,26,99.8,7,60,32
2024-10-31 19:00:00,55,25,101.5,7,53,36
2024-10-31 20:00:00,55,17,96.0,8,54,38
2024-10-31 21:00:00,56,17,100.3,8,56,36
2024-10-31 22:00:00,47,20,94.6,5,51,34
2024-10-31 23:00:00,52,17,96.3,7,55,36
2024-11-01 00:00:00,44,8,89.4,5,53,34
2024-11-01 01:00:00,47,14,86.0,7,49,32
2024-11-01 02:00:00,39,5,80.7,5,44,30
2024-11-01 03:00:00,47,12,97.1,6,52,35
2024-11-01 04:00:00,43,20,84.3,6,49,31
2024-11-01 05:00:00,48,11,88.9,7,52,32
2024-11-01 06:00:00,49,13,93.1,6,52,33
2024-11-01 07:00:00,53,21,90.8,6,54,37
2024-11-01 08:00:00,50,15,90.5,8,51,33
2024-11-01 09:00:00,56,20,104.7,8,56,39
2024-11-01 10:00:00,59,26,103.2,8,57,41
2024-11-01 11:00:00,58,23,99.4,9,59,33
2024-11-01 12:00:00,62,26,105.2,8,59,37
2024-11-01 13:00:00,62,30,104.2,8,57,39
2024-11-01 14:00:00,64,29,111.8,9,62,42
2024-11-01 15:00:00,62,29,102.0,9,58,36
2024-11-01 16:00:00,61,26,102.1,9,62,35
2024-11-01 17:00:00,61,27,99.8,9,58,35
2024-11-01 18:00:00,57,24,99.2,8,54,38
2024-11-01 19:00:00,53,24,97.3,9,54,38
2024-11-01 20:00:00,54,18,100.0,9,54,38
2024-11-01 21:00:00,54,17,93.3,7,54,32
2024-11-01 22:00:00,49,13,92.9,6,50,32
2024-11-01 23:00:00,49,14,91.8,6,50,34
2024-11-02 00:00:00,46,10,82.5,4,42,31
2024-11-02 01:00:00,46,8,85.9,6,39,31
2024-11-02 02:00:00,45,13,86.6,5,43,31
2024-11-02 03:00:00,45,13,93.7,5,41,35
2024-11-02 04:00:00,50,16,94.7,7,42,39
2024-11-02 05:00:00,46,13,89.8,4,41,35
2024-11-02 06:00:00,52,17,82.1,7,42,31
2024-11-02 07:00:00,55,20,91.8,8,45,35
2024-11-02 08:00:00,55,22,100.8,6,46,38
2024-11-02 09:00:00,52,19,97.7,8,44,35
2024-11-02 10:00:00,58,25,99.0,8,44,40
2024-11-02 11:00:00,59,27,103.0,9,47,41
2024-11-02 12:00:00,60,27,103.0,9,45,39
2024-11-02 13:00:00,60,20,101.6,8,43,42
2024-11-02 14:00:00,64,29,105.4,10,48,39
2024-11-02 15:00:00,63,35,110.5,10,45,43
2024-11-02 16:00:00,60,26,106.3,10,45,43
2024-11-02 17:00:00,58,23,98.0,8,46,38
2024-11-02 18:00:00,61,25,99.9,8,49,41
2024-11-02 19:00:00,55,23,96.7,7,43,38
2024-11-02 20:00:00,52,24,97.2,7,42,36
2024-11-02 21:00:00,46,14,90.9,7,42,31
2024-11-02 22:00:00,51,19,97.1,9,43,35
2024-11-02 23:00:00,46,16,93.9,7,41,36
2024-11-03 00:00:00,48,13,91.7,6,38,36
2024-11-03 01:00:00,43,13,88.1,6,41,28
2024-11-03 02:00:00,45,16,94.7,6,37,34
2024-11-03 03:00:00,43,15,88.4,5,40,34
2024-11-03 04:00:00,46,9,90.1,5,42,34
2024-11-03 05:00:00,50,17,94.6,6,42,34
2024-11-03 06:00:00,50,16,92.7,7,41,38
2024-11-03 07:00:00,49,18,92.6,8,40,36
2024-11-03 08:00:00,52,20,99.7,8,42,41
2024-11-03 09:00:00,56,22,98.8,9,48,37
2024-11-03 10:00:00,55,28,99.3,9,44,34
2024-11-03 11:00:00,59,25,99.8,8,46,38
2024-11-03 12:00:00,63,23,105.6,8,46,44
2024-11-03 13:00:00,61,26,102.2,9,46,39
2024-11-03 14:00:00,58,29,103.9,7,43,40
2024-11-03 15:00:00,61,32,106.6,9,47,41
2024-11-03 16:00:00,60,29,102.7,8,46,36
2024-11-03 17:00:00,64,23,100.3,10,49,37
2024-11-03 18:00:00,64,33,105.2,8,47,39
2024-11-03 19:00:00,58,23,98.0,9,44,37
2024-11-03 20:00:00,54,24,95.6,8,45,38
2024-11-03 21:00:00,54,17,97.8,7,43,35
2024-11-03 22:00:00,47,18,98.3,6,41,31
2024-11-03 23:00:00,51,17,92.9,6,42,33
2024-11-04 00:00:00,50,17,92.4,7,50,34
2024-11-04 01:00:00,46,16,88.9,7,50,36
2024-11-04 02:00:00,49,15,94.7,7,52,34
2024-11-04 03:00:00,44,11,88.9,5,47,26
2024-11-04 04:00:00,43,11,86.6,5,47,30
2024-11-04 05:00:00,51,16,89.6,6,55,34
2024-11-04 06:00:00,50,19,91.5,7,54,30
2024-11-04 07:00:00,53,17,95.8,6,54,37
2024-11-04 08:00:00,59,24,102.5,7,56,40
2024-11-04 09:00:00,55,27,100.4,7,56,38
2024-11-04 10:00:00,56,21,101.0,8,51,39
2024-11-04 11:00:00,63,23,99.9,9,56,37
2024-11-04 12:00:00,62,26,105.6,10,60,39
2024-11-04 13:00:00,60,29,104.9,7,57,38
2024-11-04 14:00:00,59,26,99.6,9,57,37
2024-11-04 15:00:00,62,32,104.6,10,60,44
2024-11-04 16:00:00,59,28,105.6,9,56,38
2024-11-04 17:00:00,60,26,99.7,9,56,39
2024-11-04 18:00:00,57,19,105.8,8,55,38
2024-11-04 19:00:00,55,17,98.6,7,55,37
2024-11-04 20:00:00,52,21,95.8,6,50,36
2024-11-04 21:00:00,49,10,89.9,5,52,27
2024-11-04 22:00:00,45,20,93.7,6,51,35
2024-11-04 23:00:00,48,14,89.8,6,51,32
2024-11-05 00:00:00,53,24,96.6,8,53,33
2024-11-05 01:00:00,44,20,95.3,6,50,35
2024-11-05 02:00:00,46,11,87.7,5,52,35
2024-11-05 03:00:00,44,12,88.2,4,51,33
2024-11-05 04:00:00,49,17,90.7,6,55,36
2024-11-05 05:00:00,50,20,95.3,7,51,40
2024-11-05 06:00:00,49,10,92.1,6,52,34
2024-11-05 07:00:00,50,12,96.6,7,50,36
2024-11-05 08:00:00,56,18,95.0,6,50,37
2024-11-05 09:00:00,57,24,96.3,8,58,38
2024-11-05 10:00:00,56,26,99.9,8,58,36
2024-11-05 11:00:00,61,29,102.9,10,61,41
2024-11-05 12:00:00,59,23,101.0,8,54,40
2024-11-05 13:00:00,60,20,102.2,9,57,39
2024-11-05 14:00:00,62,31,112.7,11,59,45
2024-11-05 15:00:00,59,25,100.7,8,59,40
2024-11-05 16:00:00,59,20,93.8,9,54,34
2024-11-05 17:00:00,60,26,102.3,8,57,39
2024-11-05 18:00:00,61,27,105.2,8,58,41
2024-11-05 19:00:00,55,22,95.1,7,56,38
2024-11-05 20:00:00,48,18,93.5,6,53,30
2024-11-05 21:00:00,50,17,94.3,6,53,35
2024-11-05 22:00:00,45,15,90.2,5,49,36
2024-11-05 23:00:00,47,10,91.6,6,50,36
2024-11-06 00:00:00,42,11,85.5,6,50,28
2024-11-06 01:00:00,44,14,90.0,4,48,31
2024-11-06 02:00:00,45,13,83.3,6,49,32
2024-11-06 03:00:00,50,13,88.9,6,51,33
2024-11-06 04:00:00,43,10,85.2,6,44,31
2024-11-06 05:00:00,48,14,87.7,6,47,33
2024-11-06 06:00:00,49,8,89.7,7,48,33
2024-11-06 07:00:00,55,19,96.4,7,54,36
2024-11-06 08:00:00,57,25,99.4,8,57,39
2024-11-06 09:00:00,57,17,100.6,8,54,39
2024-11-06 10:00:00,59,22,101.5,9,54,39
2024-11-06 11:00:00,57,27,98.0,8,58,40
2024-11-06 12:00:00,63,31,105.0,9,60,39
2024-11-06 13:00:00,63,26,107.5,9,59,41
2024-11-06 14:00:00,59,26,102.8,9,58,38
2024-11-06 15:00:00,58,21,103.7,8,54,36
2024-11-06 16:00:00,59,27,105.3,8,59,41
2024-11-06 17:00:00,63,33,106.5,10,61,43
2024-11-06 18:00:00,58,25,105.6,8,56,41
2024-11-06 19:00:00,55,22,102.9,8,54,39
2024-11-06 20:00:00,51,21,90.0,9,53,31
2024-11-06 21:00:00,51,18,94.7,5,54,37
2024-11-06 22:00:00,47,13,88.7,5,47,37
2024-11-06 23:00:00,49,17,92.2,6,51,34
2024-11-07 00:00:00,44,14,85.9,5,49,32
2024-11-07 01:00:00,46,12,86.5,7,49,35
2024-11-07 02:00:00,43,9,88.9,3,47,33
2024-11-07 03:00:00,44,17,85.9,6,51,31
2024-11-07 04:00:00,44,15,89.1,5,48,33
2024-11-07 05:00:00,44,12,84.1,6,47,33
2024-11-07 06:00:00,50,20,98.1,7,52,38
2024-11-07 07:00:00,51,16,94.1,7,56,31
2024-11-07 08:00:00,54,17,98.1,7,54,38
2024-11-07 09:00:00,56,19,98.6,7,54,37
2024-11-07 10:00:00,54,18,95.6,6,53,34
2024-11-07 11:00:00,63,27,105.4,11,55,43
2024-11-07 12:00:00,58,21,104.3,8,56,40
2024-11-07 13:00:00,61,23,100.5,9,58,36
2024-11-07 14:00:00,59,21,93.2,9,58,37
2024-11-07 15:00:00,62,27,102.8,9,58,41
2024-11-07 16:00:00,60,26,99.6,9,56,36
2024-11-07 17:00:00,60,25,105.5,9,59,40
2024-11-07 18:00:00,57,20,98.4,6,55,37
2024-11-07 19:00:00,57,18,100.6,8,53,38
2024-11-07 20:00:00,52,22,96.5,9,52,35
2024-11-07 21:00:00,47,16,90.9,8,50,33
2024-11-07 22:00:00,47,17,92.3,8,51,35
2024-11-07 23:00:00,50,11,95.6,8,50,36
2024-11-08 00:00:00,46,14,90.4,5,51,35
2024-11-08 01:00:00,47,17,94.9,6,51,37
2024-11-08 02:00:00,43,14,91.2,5,51,37
2024-11-08 03:00:00,45,11,87.8,8,50,31
2024-11-08 04:00:00,44,14,88.4,6,49,35
2024-11-08 05:00:00,45,14,88.1,5,49,34
2024-11-08 06:00:00,48,16,96.0,6,51,36
2024-11-08 07:00:00,52,17,92.0,7,51,35
2024-11-08 08:00:00,55,19,95.3,6,54,36
2024-11-08 09:00:00,57,23,99.5,9,57,34
2024-11-08 10:00:00,53,21,93.0,8,56,37
2024-11-08 11:00:00,58,22,98.9,8,57,39
2024-11-08 12:00:00,59,22,104.4,7,63,40
2024-11-08 13:00:00,56,22,101.2,7,56,35
2024-11-08 14:00:00,61,24,101.5,9,54,39
2024-11-08 15:00:00,61,28,107.0,9,59,41
2024-11-08 16:00:00,61,24,109.3,7,60,45
2024-11-08 17:00:00,60,27,104.6,8,57,40
2024-11-08 18:00:00,56,24,104.4,8,53,36
2024-11-08 19:00:00,56,15,99.3,8,51,38
2024-11-08 20:00:00,49,22,93.6,9,52,37
2024-11-08 21:00:00,52,21,96.7,5,52,36
2024-11-08 22:00:00,44,13,89.6,6,49,30
2024-11-08 23:00:00,46,16,88.1,6,50,37
2024-11-09 00:00:00,47,10,81.2,6,42,31
2024-11-09 01:00:00,43,13,84.6,6,40,30
2024-11-09 02:00:00,41,8,77.5,5,37,30
2024-11-09 03:00:00,50,6,87.2,5,40,31
2024-11-09 04:00:00,43,12,81.7,6,40,29
2024-11-09 05:00:00,52,14,96.2,7,42,35
2024-11-09 06:00:00,49,15,88.2,7,42,34
2024-11-09 07:00:00,49,14,93.3,8,43,34
2024-11-09 08:00:00,55,19,99.3,7,42,38
2024-11-09 09:00:00,59,23,103.7,9,47,41
2024-11-09 10:00:00,55,24,93.4,8,44,35
2024-11-09 11:00:00,58,26,105.5,9,42,39
2024-11-09 12:00:00,62,25,105.3,10,45,42
2024-11-09 13:00:00,63,32,109.8,8,46,43
2024-11-09 14:00:00,63,24,110.1,9,49,39
2024-11-09 15:00:00,63,29,108.8,8,47,44
2024-11-09 16:00:00,66,31,105.5,9,48,42
2024-11-09 17:00:00,60,27,105.8,8,49,39
2024-11-09 18:00:00,58,23,96.4,8,44,33
2024-11-09 19:00:00,56,20,98.3,7,44,38
2024-11-09 20:00:00,54,24,97.0,7,44,37
2024-11-09 21:00:00,52,13,93.5,7,42,36
2024-11-09 22:00:00,49,13,86.8,7,42,35
2024-11-09 23:00:00,49,13,87.4,7,42,33
2024-11-10 00:00:00,50,17,92.3,7,41,35
2024-11-10 01:00:00,47,14,89.7,7,38,35
2024-11-10 02:00:00,46,9,86.4,7,40,31
2024-11-10 03:00:00,43,11,91.1,5,36,35
2024-11-10 04:00:00,44,11,89.0,5,40,36
2024-11-10 05:00:00,49,12,92.3,6,42,34
2024-11-10 06:00:00,54,19,95.8,7,45,32
2024-11-10 07:00:00,45,13,84.8,6,40,30
2024-11-10 08:00:00,54,26,98.9,8,47,37
2024-11-10 09:00:00,57,25,106.0,8,43,36
2024-11-10 10:00:00,57,28,102.2,8,48,37
2024-11-10 11:00:00,57,24,103.7,8,44,39
2024-11-10 12:00:00,62,26,108.1,8,47,42
2024-11-10 13:00:00,64,23,106.3,8,47,42
2024-11-10 14:00:00,56,26,101.4,9,47,39
2024-11-10 15:00:00,62,29,102.4,10,45,39
2024-11-10 16:00:00,63,31,106.4,10,51,40
2024-11-10 17:00:00,60,22,100.7,9,42,38
2024-11-10 18:00:00,58,23,101.7,8,45,40
2024-11-10 19:00:00,60,22,97.3,8,47,38
2024-11-10 20:00:00,52,15,92.7,6,44,35
2024-11-10 21:00:00,55,20,99.2,7,42,40
2024-11-10 22:00:00,47,13,88.3,6,37,32
2024-11-10 23:00:00,48,14,88.1,5,43,35
2024-11-11 00:00:00,43,11,84.6,6,49,30
2024-11-11 01:00:00,47,10,88.1,5,46,31
2024-11-11 02:00:00,45,12,81.3,6,49,31
2024-11-11 03:00:00,46,12,86.9,6,49,29
2024-11-11 04:00:00,45,12,91.4,6,52,33
2024-11-11 05:00:00,49,12,91.6,7,50,36
2024-11-11 06:00:00,51,17,95.3,6,52,37
2024-11-11 07:00:00,51,24,90.7,7,53,37
2024-11-11 08:00:00,51,20,94.3,7,57,34
2024-11-11 09:00:00,57,26,100.4,9,58,36
2024-11-11 10:00:00,58,19,100.8,9,57,39
2024-11-11 11:00:00,64,26,109.3,9,60,40
2024-11-11 12:00:00,60,23,105.2,9,58,40
2024-11-11 13:00:00,63,23,101.8,7,56,37
2024-11-11 14:00:00,57,25,99.3,8,58,37
2024-11-11 15:00:00,68,32,114.4,10,61,42
2024-11-11 16:00:00,63,30,105.6,10,57,40
2024-11-11 17:00:00,60,27,99.7,8,57,38
2024-11-11 18:00:00,56,19,97.2,7,55,37
2024-11-11 19:00:00,53,21,100.8,6,57,38
2024-11-11 20:00:00,52,21,93.4,7,55,36
2024-11-11 21:00:00,56,19,96.9,7,53,36
2024-11-11 22:00:00,45,10,85.1,7,51,33
2024-11-11 23:00:00,44,11,90.6,6,44,36
2024-11-12 00:00:00,45,13,89.4,6,50,31
2024-11-12 01:00:00,43,14,90.8,6,48,31
2024-11-12 02:00:00,43,4,89.3,6,45,34
2024-11-12 03:00:00,48,12,85.9,5,49,34
2024-11-12 04:00:00,45,14,86.8,5,53,32
2024-11-12 05:00:00,45,17,89.1,8,51,34
2024-11-12 06:00:00,51,18,94.7,6,54,35
2024-11-12 07:00:00,52,20,97.2,8,55,36
2024-11-12 08:00:00,55,17,95.5,8,54,36
2024-11-12 09:00:00,53,15,92.6,7,56,35
2024-11-12 10:00:00,57,23,102.6,8,55,41
2024-11-12 11:00:00,60,29,105.9,8,52,45
2024-11-12 12:00:00,62,32,107.6,11,63,38
2024-11-12 13:00:00,61,30,99.0,9,53,37
2024-11-12 14:00:00,61,30,108.5,8,58,39
2024-11-12 15:00:00,57,29,103.0,9,58,41
2024-11-12 16:00:00,59,25,101.5,9,52,41
2024-11-12 17:00:00,61,25,101.1,9,58,40
2024-11-12 18:00:00,61,30,103.5,9,58,38
2024-11-12 19:00:00,54,19,93.8,7,56,36
2024-11-12 20:00:00,58,26,96.0,8,58,33
2024-11-12 21:00:00,51,17,91.6,6,50,36
2024-11-12 22:00:00,47,21,88.3,7,51,34
2024-11-12 23:00:00,42,9,85.6,5,46,31
2024-11-13 00:00:00,50,15,89.4,5,48,35
2024-11-13 01:00:00,44,10,89.2,5,48,33
2024-11-13 02:00:00,41,7,79.1,5,50,26
2024-11-13 03:00:00,40,13,89.3,6,49,35
2024-11-13 04:00:00,46,17,93.5,6,52,38
2024-11-13 05:00:00,48,11,87.0,7,48,30
2024-11-13 06:00:00,46,11,88.6,5,46,33
2024-11-13 07:00:00,49,18,90.3,7,53,37
2024-11-13 08:00:00,52,20,97.5,8,56,34
2024-11-13 09:00:00,59,24,107.4,8,57,36
2024-11-13 10:00:00,55,27,104.0,8,57,38
2024-11-13 11:00:00,58,25,99.4,8,56,38
2024-11-13 12:00:00,66,33,109.7,10,61,44
2024-11-13 13:00:00,63,29,110.5,8,58,46
2024-11-13 14:00:00,62,27,106.2,8,59,42
2024-11-13 15:00:00,58,22,103.7,7,56,36
2024-11-13 16:00:00,61,26,105.4,9,59,41
2024-11-13 17:00:00,58,24,101.3,9,58,38
2024-11-13 18:00:00,57,27,101.1,7,56,40
2024-11-13 19:00:00,53,24,94.4,6,56,32
2024-11-13 20:00:00,54,16,93.6,6,53,37
2024-11-13 21:00:00,51,19,92.2,8,57,38
2024-11-13 22:00:00,51,18,93.5,8,56,35
2024-11-13 23:00:00,50,20,94.5,7,53,38
2024-11-14 00:00:00,48,16,91.8,8,50,36
2024-11-14 01:00:00,46,15,90.6,7,51,29
2024-11-14 02:00:00,44,12,90.0,5,47,34
2024-11-14 03:00:00,44,14,87.1,5,50,33
2024-11-14 04:00:00,44,17,92.0,7,46,32
2024-11-14 05:00:00,44,10,90.2,3,47,34
2024-11-14 06:00:00,48,15,92.8,6,52,31
2024-11-14 07:00:00,47,15,89.1,7,54,33
2024-11-14 08:00:00,51,21,98.1,7,54,37
2024-11-14 09:00:00,60,26,104.4,9,57,44
2024-11-14 10:00:00,58,22,102.0,6,54,37
2024-11-14 11:00:00,56,17,102.0,8,54,40
2024-11-14 12:00:00,66,25,109.0,9,56,39
2024-11-14 13:00:00,58,31,108.5,8,57,43
2024-11-14 14:00:00,65,30,107.1,9,65,41
2024-11-14 15:00:00,62,29,104.0,10,59,41
2024-11-14 16:00:00,62,26,108.1,9,59,39
2024-11-14 17:00:00,58,21,97.4,8,53,38
2024-11-14 18:00:00,54,26,104.5,9,58,38
2024-11-14 19:00:00,55,19,101.5,7,58,38
2024-11-14 20:00:00,57,28,101.7,8,57,36
2024-11-14 21:00:00,47,20,95.8,6,53,35
2024-11-14 22:00:00,54,14,96.8,6,52,37
2024-11-14 23:00:00,48,12,86.6,6,50,32
2024-11-15 00:00:00,48,13,88.2,6,56,36
2024-11-15 01:00:00,42,11,87.5,7,48,31
2024-11-15 02:00:00,48,16,92.4,8,55,38
2024-11-15 03:00:00,49,13,95.0,6,55,35
2024-11-15 04:00:00,46,11,89.7,5,51,37
2024-11-15 05:00:00,50,21,90.8,7,53,35
2024-11-15 06:00:00,47,16,89.8,7,49,38
2024-11-15 07:00:00,52,21,98.0,6,55,37
2024-11-15 08:00:00,52,18,89.4,8,53,31
2024-11-15 09:00:00,58,23,96.3,8,56,36
2024-11-15 10:00:00,56,25,99.0,7,55,37
2024-11-15 11:00:00,59,19,102.8,7,57,42
2024-11-15 12:00:00,61,34,105.6,9,60,36
2024-11-15 13:00:00,62,32,108.1,8,59,39
2024-11-15 14:00:00,63,27,105.3,8,61,40
2024-11-15 15:00:00,59,24,101.1,8,57,39
2024-11-15 16:00:00,63,28,103.6,9,59,42
2024-11-15 17:00:00,61,26,106.2,10,56,36
2024-11-15 18:00:00,57,25,97.4,8,56,35
2024-11-15 19:00:00,59,23,100.5,8,57,40
2024-11-15 20:00:00,54,22,101.3,8,50,38
2024-11-15 21:00:00,56,23,96.9,7,57,38
2024-11-15 22:00:00,55,18,92.1,8,56,35
2024-11-15 23:00:00,46,11,82.4,5,54,33
2024-11-16 00:00:00,49,18,95.4,6,40,34
2024-11-16 01:00:00,46,18,93.2,7,40,34
2024-11-16 02:00:00,46,23,91.8,9,42,34
2024-11-16 03:00:00,44,8,82.7,5,39,29
2024-11-16 04:00:00,43,14,87.6,4,38,33
2024-11-16 05:00:00,43,7,89.2,5,36,32
2024-11-16 06:00:00,52,18,90.9,7,43,35
2024-11-16 07:00:00,50,16,96.1,6,44,36
2024-11-16 08:00:00,57,27,96.5,8,45,35
2024-11-16 09:00:00,56,19,94.6,6,44,37
2024-11-16 10:00:00,61,18,101.1,8,46,39
2024-11-16 11:00:00,60,24,105.4,10,47,39
2024-11-16 12:00:00,62,20,106.5,10,46,42
2024-11-16 13:00:00,63,30,109.7,9,46,42
2024-11-16 14:00:00,61,21,106.3,8,46,42
2024-11-16 15:00:00,65,28,107.2,9,47,44
2024-11-16 16:00:00,60,20,99.3,8,44,36
2024-11-16 17:00:00,60,25,105.9,8,44,43
2024-11-16 18:00:00,60,30,108.4,9,46,42
2024-11-16 19:00:00,57,23,103.3,9,44,39
2024-11-16 20:00:00,51,17,96.0,7,42,34
2024-11-16 21:00:00,50,18,97.7,6,40,37
2024-11-16 22:00:00,53,16,96.1,7,44,32
2024-11-16 23:00:00,53,16,94.9,8,42,33
2024-11-17 00:00:00,43,8,88.0,6,38,29
2024-11-17 01:00:00,45,15,90.5,5,37,33
2024-11-17 02:00:00,46,3,88.4,5,42,36
2024-11-17 03:00:00,46,10,88.4,7,38,33
2024-11-17 04:00:00,48,12,92.8,6,41,36
2024-11-17 05:00:00,51,17,96.4,8,43,35
2024-11-17 06:00:00,49,16,93.2,7,41,35
2024-11-17 07:00:00,51,13,90.5,8,42,30
2024-11-17 08:00:00,53,17,99.2,7,44,39
2024-11-17 09:00:00,54,23,94.4,8,45,37
2024-11-17 10:00:00,58,24,98.5,9,46,39
2024-11-17 11:00:00,62,24,104.2,9,46,40
2024-11-17 12:00:00,59,25,95.1,9,45,35
2024-11-17 13:00:00,63,30,111.0,10,51,43
2024-11-17 14:00:00,62,26,104.5,8,49,39
2024-11-17 15:00:00,61,28,108.8,9,45,41
2024-11-17 16:00:00,65,35,114.6,8,49,45
2024-11-17 17:00:00,56,21,98.5,7,45,39
2024-11-17 18:00:00,59,18,103.8,7,45,38
2024-11-17 19:00:00,58,25,98.4,8,48,38
2024-11-17 20:00:00,51,18,95.5,8,42,38
2024-11-17 21:00:00,55,17,95.6,8,44,33
2024-11-17 22:00:00,49,13,93.8,7,43,35
2024-11-17 23:00:00,46,14,92.2,6,39,34
2024-11-18 00:00:00,51,19,94.4,7,52,32
2024-11-18 01:00:00,48,16,93.2,5,54,33
2024-11-18 02:00:00,42,16,90.6,4,49,31
2024-11-18 03:00:00,43,8,86.3,4,47,32
2024-11-18 04:00:00,46,10,96.0,5,50,36
2024-11-18 05:00:00,40,5,82.2,5,47,27
2024-11-18 06:00:00,49,14,96.7,5,54,34
2024-11-18 07:00:00,53,22,100.5,7,56,37
2024-11-18 08:00:00,51,22,90.6,7,54,38
2024-11-18 09:00:00,56,22,103.8,9,59,38
2024-11-18 10:00:00,58,25,104.4,8,59,39
2024-11-18 11:00:00,56,24,100.0,8,56,38
2024-11-18 12:00:00,63,28,107.2,9,58,44
2024-11-18 13:00:00,65,31,109.3,10,64,42
2024-11-18 14:00:00,60,23,106.0,8,60,43
2024-11-18 15:00:00,62,29,104.0,7,56,36
2024-11-18 16:00:00,64,31,111.9,9,59,44
2024-11-18 17:00:00,59,25,98.6,9,54,36
2024-11-18 18:00:00,54,27,94.1,8,53,35
2024-11-18 19:00:00,60,33,107.1,9,61,39
2024-11-18 20:00:00,52,20,99.4,7,54,35
2024-11-18 21:00:00,51,20,94.6,5,52,38
2024-11-18 22:00:00,53,14,87.3,5,54,31
2024-11-18 23:00:00,48,16,87.0,7,53,31
2024-11-19 00:00:00,47,16,92.5,7,54,34
2024-11-19 01:00:00,47,14,90.7,6,52,32
2024-11-19 02:00:00,46,10,92.0,6,51,35
2024-11-19 03:00:00,44,14,88.6,6,48,29
2024-11-19 04:00:00,48,19,90.8,8,52,32
2024-11-19 05:00:00,49,17,93.5,6,52,33
2024-11-19 06:00:00,51,20,98.6,8,49,35
2024-11-19 07:00:00,52,18,99.4,9,54,40
2024-11-19 08:00:00,61,24,102.7,8,54,38
2024-11-19 09:00:00,53,24,98.3,8,56,36
2024-11-19 10:00:00,60,22,103.7,7,56,39
2024-11-19 11:00:00,63,28,103.5,8,58,41
2024-11-19 12:00:00,61,25,105.6,9,57,39
2024-11-19 13:00:00,60,27,102.4,9,56,39
2024-11-19 14:00:00,66,30,108.4,10,60,39
2024-11-19 15:00:00,57,30,102.3,7,59,39
2024-11-19 16:00:00,58,24,101.5,8,54,38
2024-11-19 17:00:00,64,30,112.8,10,60,40
2024-11-19 18:00:00,58,27,100.6,6,61,34
2024-11-19 19:00:00,59,21,99.6,8,55,40
2024-11-19 20:00:00,49,16,96.4,8,52,38
2024-11-19 21:00:00,49,19,94.6,8,54,36
2024-11-19 22:00:00,48,16,93.9,4,56,37
2024-11-19 23:00:00,49,16,89.4,7,55,35
2024-11-20 00:00:00,46,14,90.4,6,50,32
2024-11-20 01:00:00,43,7,87.8,5,49,33
2024-11-20 02:00:00,49,12,89.1,6,51,36
2024-11-20 03:00:00,50,13,93.6,6,54,34
2024-11-20 04:00:00,47,17,90.6,4,51,33
2024-11-20 05:00:00,43,14,86.0,6,53,33
2024-11-20 06:00:00,46,24,96.3,7,48,38
2024-11-20 07:00:00,51,13,95.9,6,53,37
2024-11-20 08:00:00,57,26,101.6,9,58,37
2024-11-20 09:00:00,56,23,100.9,6,51,38
2024-11-20 10:00:00,59,29,107.3,7,54,40
2024-11-20 11:00:00,58,28,101.2,8,60,39
2024-11-20 12:00:00,64,33,109.0,9,61,39
2024-11-20 13:00:00,66,28,106.5,10,62,38
2024-11-20 14:00:00,56,26,97.2,8,59,36
2024-11-20 15:00:00,63,34,107.0,10,59,41
2024-11-20 16:00:00,59,28,99.6,8,61,36
2024-11-20 17:00:00,56,28,102.8,8,62,39
2024-11-20 18:00:00,57,30,100.0,7,59,38
2024-11-20 19:00:00,56,20,94.4,8,56,39
2024-11-20 20:00:00,56,24,101.7,8,55,37
2024-11-20 21:00:00,55,18,98.9,8,55,35
2024-11-20 22:00:00,50,17,92.4,5,53,37
2024-11-20 23:00:00,44,16,91.4,6,50,33
2024-11-21 00:00:00,45,10,85.5,7,47,33
2024-11-21 01:00:00,42,12,85.4,7,49,34
2024-11-21 02:00:00,44,19,91.7,5,51,37
2024-11-21 03:00:00,49,18,95.9,6,55,36
2024-11-21 04:00:00,48,15,90.1,5,52,31
2024-11-21 05:00:00,50,18,92.0,5,51,35
2024-11-21 06:00:00,49,17,95.9,6,50,35
2024-11-21 07:00:00,55,25,101.7,7,56,36
2024-11-21 08:00:00,53,22,97.5,9,53,38
2024-11-21 09:00:00,59,25,106.0,9,58,42
2024-11-21 10:00:00,60,30,110.7,9,57,44
2024-11-21 11:00:00,59,25,103.2,9,60,39
2024-11-21 12:00:00,63,35,106.7,10,61,37
2024-11-21 13:00:00,61,25,104.6,9,60,43
2024-11-21 14:00:00,68,36,109.4,10,62,39
2024-11-21 15:00:00,62,29,109.4,9,59,39
2024-11-21 16:00:00,61,28,102.6,9,60,38
2024-11-21 17:00:00,58,21,99.4,8,57,39
2024-11-21 18:00:00,60,25,100.2,8,59,37
2024-11-21 19:00:00,57,21,100.0,9,54,39
2024-11-21 20:00:00,53,20,97.2,7,56,34
2024-11-21 21:00:00,49,20,96.1,6,51,35
2024-11-21 22:00:00,49,22,94.7,7,57,37
2024-11-21 23:00:00,48,17,92.6,7,52,37
2024-11-22 00:00:00,51,17,92.5,6,55,36
2024-11-22 01:00:00,45,12,87.4,5,49,33
2024-11-22 02:00:00,44,12,83.6,5,49,30
2024-11-22 03:00:00,44,22,95.3,8,50,33
2024-11-22 04:00:00,50,14,92.3,7,49,36
2024-11-22 05:00:00,52,23,101.7,9,49,38
2024-11-22 06:00:00,52,18,95.0,7,53,34
2024-11-22 07:00:00,55,21,92.3,8,51,37
2024-11-22 08:00:00,55,27,98.9,8,56,36
2024-11-22 09:00:00,58,30,103.2,8,57,42
2024-11-22 10:00:00,62,27,105.0,9,53,39
2024-11-22 11:00:00,60,28,105.9,8,57,39
2024-11-22 12:00:00,63,30,107.0,9,59,39
2024-11-22 13:00:00,65,32,107.5,8,63,40
2024-11-22 14:00:00,65,34,106.7,10,60,42
2024-11-22 15:00:00,62,31,105.0,8,56,40
2024-11-22 16:00:00,62,32,108.5,9,56,44
2024-11-22 17:00:00,64,35,111.2,10,59,42
2024-11-22 18:00:00,61,29,102.6,10,56,37
2024-11-22 19:00:00,60,26,106.2,9,57,40
2024-11-22 20:00:00,54,18,98.3,7,55,41
2024-11-22 21:00:00,51,12,89.9,6,53,34
2024-11-22 22:00:00,50,21,95.2,7,54,32
2024-11-22 23:00:00,47,17,92.8,6,50,33
2024-11-23 00:00:00,49,15,89.1,6,42,34
2024-11-23 01:00:00,46,17,86.6,6,38,28
2024-11-23 02:00:00,46,16,92.1,5,41,37
2024-11-23 03:00:00,51,20,94.1,7,43,34
2024-11-23 04:00:00,51,17,98.6,6,42,31
2024-11-23 05:00:00,49,16,97.5,6,40,41
2024-11-23 06:00:00,51,24,97.7,9,41,39
2024-11-23 07:00:00,52,21,99.2,7,44,36
2024-11-23 08:00:00,57,26,98.3,9,45,35
2024-11-23 09:00:00,56,25,96.2,9,46,36
2024-11-23 10:00:00,57,26,100.6,9,44,41
2024-11-23 11:00:00,64,30,103.1,9,52,39
2024-11-23 12:00:00,62,31,107.3,8,47,38
2024-11-23 13:00:00,62,34,104.5,9,49,42
2024-11-23 14:00:00,64,31,108.0,8,52,42
2024-11-23 15:00:00,63,25,104.5,8,49,37
2024-11-23 16:00:00,59,30,105.6,8,46,38
2024-11-23 17:00:00,61,33,106.9,8,47,40
2024-11-23 18:00:00,58,27,100.9,9,40,38
2024-11-23 19:00:00,58,25,97.3,8,42,39
2024-11-23 20:00:00,57,28,102.4,8,45,41
2024-11-23 21:00:00,51,20,89.5,6,41,34
2024-11-23 22:00:00,45,15,93.4,6,38,37
2024-11-23 23:00:00,51,18,96.2,7,42,37
2024-11-24 00:00:00,45,16,92.3,5,39,32
2024-11-24 01:00:00,47,14,87.4,6,39,33
2024-11-24 02:00:00,46,16,91.9,6,42,33
2024-11-24 03:00:00,48,19,90.9,7,39,36
2024-11-24 04:00:00,52,18,95.6,7,44,34
2024-11-24 05:00:00,57,21,96.3,8,45,37
2024-11-24 06:00:00,49,27,95.9,8,45,34
2024-11-24 07:00:00,55,22,94.3,8,43,32
2024-11-24 08:00:00,55,26,99.3,7,42,37
2024-11-24 09:00:00,59,25,97.5,8,45,38
2024-11-24 10:00:00,61,26,108.8,8,46,43
2024-11-24 11:00:00,64,29,107.0,8,49,42
2024-11-24 12:00:00,62,30,106.2,7,49,38
2024-11-24 13:00:00,61,34,108.7,9,47,41
2024-11-24 14:00:00,68,41,109.7,10,50,40
2024-11-24 15:00:00,63,30,103.9,11,49,38
2024-11-24 16:00:00,61,31,107.1,10,49,41
2024-11-24 17:00:00,60,31,104.9,9,47,41
2024-11-24 18:00:00,62,30,103.8,9,48,36
2024-11-24 19:00:00,61,28,106.7,8,47,41
2024-11-24 20:00:00,53,30,100.9,8,45,38
2024-11-24 21:00:00,52,15,95.4,7,43,33
2024-11-24 22:00:00,48,13,91.6,6,39,34
2024-11-24 23:00:00,45,18,88.4,5,38,31
2024-11-25 00:00:00,50,23,95.1,7,51,32
2024-11-25 01:00:00,44,13,82.4,5,48,33
2024-11-25 02:00:00,40,8,82.3,7,48,32
2024-11-25 03:00:00,46,20,91.3,8,51,33
2024-11-25 04:00:00,46,20,93.7,7,52,35
2024-11-25 05:00:00,47,17,92.8,5,51,32
2024-11-25 06:00:00,47,19,89.8,5,52,35
2024-11-25 07:00:00,51,21,93.2,7,53,35
2024-11-25 08:00:00,54,27,103.1,7,54,36
2024-11-25 09:00:00,58,26,100.8,10,53,39
2024-11-25 10:00:00,61,32,106.4,10,60,41
2024-11-25 11:00:00,59,22,103.3,8,51,38
2024-11-25 12:00:00,61,30,105.0,10,59,37
2024-11-25 13:00:00,62,30,105.0,9,61,39
2024-11-25 14:00:00,61,33,105.5,9,59,42
2024-11-25 15:00:00,61,32,104.1,10,59,41
2024-11-25 16:00:00,65,36,110.2,9,60,42
2024-11-25 17:00:00,55,25,94.1,9,56,34
2024-11-25 18:00:00,59,30,103.1,9,58,38
2024-11-25 19:00:00,57,30,104.4,8,58,37
2024-11-25 20:00:00,59,33,105.8,10,57,40
2024-11-25 21:00:00,49,22,99.0,7,50,37
2024-11-25 22:00:00,52,23,99.2,6,55,39
2024-11-25 23:00:00,49,14,92.8,6,51,32
2024-11-26 00:00:00,41,12,86.2,4,47,31
2024-11-26 01:00:00,46,23,91.3,7,53,32
2024-11-26 02:00:00,47,19,93.9,8,56,35
2024-11-26 03:00:00,50,24,96.8,7,54,37
2024-11-26 04:00:00,48,16,90.3,8,53,32
2024-11-26 05:00:00,52,23,94.2,8,54,37
2024-11-26 06:00:00,51,30,98.2,5,57,38
2024-11-26 07:00:00,50,27,100.3,8,55,36
2024-11-26 08:00:00,56,28,101.7,8,55,40
2024-11-26 09:00:00,55,29,100.9,8,57,39
2024-11-26 10:00:00,56,26,101.7,8,57,37
2024-11-26 11:00:00,65,38,112.0,12,61,41
2024-11-26 12:00:00,63,32,107.7,10,62,42
2024-11-26 13:00:00,63,37,108.5,10,58,40
2024-11-26 14:00:00,61,30,103.3,10,59,40
2024-11-26 15:00:00,64,31,110.4,8,59,40
2024-11-26 16:00:00,65,39,109.5,11,58,44
2024-11-26 17:00:00,58,32,108.6,8,58,37
2024-11-26 18:00:00,56,36,104.8,8,57,36
2024-11-26 19:00:00,62,29,105.9,10,58,39
2024-11-26 20:00:00,51,21,97.6,6,51,39
2024-11-26 21:00:00,56,28,99.2,9,60,39
2024-11-26 22:00:00,55,21,99.7,7,50,39
2024-11-26 23:00:00,51,24,96.8,7,49,37
2024-11-27 00:00:00,47,22,94.6,5,53,34
2024-11-27 01:00:00,43,15,86.2,6,50,29
2024-11-27 02:00:00,44,21,89.1,6,48,36
2024-11-27 03:00:00,51,28,92.7,7,53,37
2024-11-27 04:00:00,53,23,96.2,7,56,34
2024-11-27 05:00:00,49,23,93.3,8,52,35
2024-11-27 06:00:00,52,28,96.4,8,56,36
2024-11-27 07:00:00,56,27,100.4,8,56,36
2024-11-27 08:00:00,54,29,100.8,7,55,35
2024-11-27 09:00:00,58,27,103.4,8,54,39
2024-11-27 10:00:00,60,33,107.6,9,59,40
2024-11-27 11:00:00,62,38,110.3,11,59,41
2024-11-27 12:00:00,62,32,108.9,8,61,41
2024-11-27 13:00:00,70,41,115.6,10,66,44
2024-11-27 14:00:00,66,36,110.5,11,61,43
2024-11-27 15:00:00,66,33,112.1,10,61,45
2024-11-27 16:00:00,62,39,110.9,10,59,44
2024-11-27 17:00:00,64,33,103.9,10,59,41
2024-11-27 18:00:00,62,35,107.4,11,58,40
2024-11-27 19:00:00,54,30,95.1,7,56,34
2024-11-27 20:00:00,57,28,96.6,10,56,35
2024-11-27 21:00:00,53,28,97.8,8,58,38
2024-11-27 22:00:00,48,25,94.9,7,52,37
2024-11-27 23:00:00,49,16,90.8,6,56,30
2024-11-28 00:00:00,49,19,88.4,8,56,35
2024-11-28 01:00:00,50,25,98.4,8,52,37
2024-11-28 02:00:00,48,21,91.3,7,52,34
2024-11-28 03:00:00,47,20,94.1,6,49,37
2024-11-28 04:00:00,54,18,94.4,7,53,36
2024-11-28 05:00:00,46,20,90.8,5,52,32
2024-11-28 06:00:00,52,19,96.9,8,54,35
2024-11-28 07:00:00,54,27,98.7,7,54,37
2024-11-28 08:00:00,54,28,100.0,8,55,38
2024-11-28 09:00:00,57,28,103.1,9,58,40
2024-11-28 10:00:00,57,33,99.4,9,57,42
2024-11-28 11:00:00,61,37,108.9,10,62,43
2024-11-28 12:00:00,65,44,110.1,10,62,40
2024-11-28 13:00:00,59,32,101.2,9,55,38
2024-11-28 14:00:00,67,42,111.0,10,59,42
2024-11-28 15:00:00,63,41,112.6,10,60,43
2024-11-28 16:00:00,59,34,100.5,8,56,36
2024-11-28 17:00:00,60,36,108.4,10,56,38
2024-11-28 18:00:00,65,32,109.8,10,60,39
2024-11-28 19:00:00,54,32,101.5,8,58,33
2024-11-28 20:00:00,59,35,106.3,9,58,38
2024-11-28 21:00:00,53,30,98.9,8,56,41
2024-11-28 22:00:00,52,28,100.4,8,57,36
2024-11-28 23:00:00,52,23,95.2,8,55,36
2024-11-29 00:00:00,49,19,88.9,8,51,31
2024-11-29 01:00:00,47,23,93.1,7,52,33
2024-11-29 02:00:00,46,27,97.0,7,51,34
2024-11-29 03:00:00,49,18,94.5,6,53,34
2024-11-29 04:00:00,50,20,100.0,8,53,37
2024-11-29 05:00:00,50,26,96.0,7,53,38
2024-11-29 06:00:00,53,24,97.1,9,55,39
2024-11-29 07:00:00,53,26,97.7,8,54,38
2024-11-29 08:00:00,54,30,98.3,9,53,38
2024-11-29 09:00:00,58,28,100.9,9,53,37
2024-11-29 10:00:00,61,32,102.7,9,61,43
2024-11-29 11:00:00,64,39,103.4,11,63,38
2024-11-29 12:00:00,64,33,106.4,8,61,40
2024-11-29 13:00:00,61,33,106.5,9,61,39
2024-11-29 14:00:00,68,37,114.2,10,66,45
2024-11-29 15:00:00,65,41,109.7,9,61,41
2024-11-29 16:00:00,63,37,107.5,10,59,41
2024-11-29 17:00:00,59,35,108.6,10,60,42
2024-11-29 18:00:00,60,35,102.6,8,62,37
2024-11-29 19:00:00,58,27,102.0,8,56,40
2024-11-29 20:00:00,59,33,107.8,9,61,41
2024-11-29 21:00:00,59,30,101.7,9,57,37
2024-11-29 22:00:00,53,26,94.1,8,55,34
2024-11-29 23:00:00,53,29,104.4,8,54,38
2024-11-30 00:00:00,48,22,96.0,7,42,36
2024-11-30 01:00:00,49,29,99.1,7,41,39
2024-11-30 02:00:00,51,25,96.9,7,45,40
2024-11-30 03:00:00,51,24,98.4,7,40,35
2024-11-30 04:00:00,47,25,87.1,6,40,38
2024-11-30 05:00:00,53,26,97.4,7,46,36
2024-11-30 06:00:00,56,33,105.6,8,49,43
2024-11-30 07:00:00,51,27,93.4,7,42,38
2024-11-30 08:00:00,58,30,101.9,10,48,36
2024-11-30 09:00:00,58,38,106.8,10,49,37
2024-11-30 10:00:00,55,34,100.1,9,46,38
2024-11-30 11:00:00,63,41,110.7,10,48,44
2024-11-30 12:00:00,67,45,115.3,11,53,44
2024-11-30 13:00:00,64,39,111.3,10,49,42
2024-11-30 14:00:00,73,43,116.3,12,53,45
2024-11-30 15:00:00,65,36,107.3,10,45,38
2024-11-30 16:00:00,65,42,113.4,9,49,43
2024-11-30 17:00:00,64,39,111.3,10,48,40
2024-11-30 18:00:00,61,38,108.6,9,48,40
2024-11-30 19:00:00,61,32,106.2,9,47,38
2024-11-30 20:00:00,56,27,102.0,9,44,36
2024-11-30 21:00:00,56,32,105.4,7,46,40
2024-11-30 22:00:00,49,21,95.5,8,41,35
2024-11-30 23:00:00,47,26,94.9,8,39,38
2024-12-01 00:00:00,50,30,96.5,8,43,35
2024-12-01 01:00:00,50,27,101.3,8,43,39
2024-12-01 02:00:00,50,33,95.6,9,45,38
2024-12-01 03:00:00,51,30,98.1,8,43,37
2024-12-01 04:00:00,49,25,94.0,8,43,35
2024-12-01 05:00:00,53,28,93.7,7,43,38
2024-12-01 06:00:00,51,30,99.5,8,44,40
2024-12-01 07:00:00,54,26,98.9,8,42,38
2024-12-01 08:00:00,55,31,101.5,9,44,41
2024-12-01 09:00:00,55,34,102.3,9,41,39
2024-12-01 10:00:00,59,31,106.5,9,44,38
2024-12-01 11:00:00,67,40,115.2,10,48,44
2024-12-01 12:00:00,61,40,105.2,9,49,38
2024-12-01 13:00:00,64,36,114.5,10,49,46
2024-12-01 14:00:00,68,43,113.7,11,52,43
2024-12-01 15:00:00,72,44,118.9,13,50,47
2024-12-01 16:00:00,64,42,111.5,10,50,40
2024-12-01 17:00:00,61,38,108.7,9,47,39
2024-12-01 18:00:00,59,40,109.2,10,50,40
2024-12-01 19:00:00,63,38,113.4,9,48,40
2024-12-01 20:00:00,56,35,105.7,10,48,41
2024-12-01 21:00:00,54,29,99.3,7,49,40
2024-12-01 22:00:00,49,31,97.4,7,44,37
2024-12-01 23:00:00,55,32,100.4,7,48,40
2024-12-02 00:00:00,53,26,100.9,8,54,39
2024-12-02 01:00:00,54,35,104.2,9,59,38
2024-12-02 02:00:00,45,26,92.3,8,52,34
2024-12-02 03:00:00,52,28,102.2,7,56,38
2024-12-02 04:00:00,46,26,97.2,7,53,38
2024-12-02 05:00:00,52,31,105.2,6,55,39
2024-12-02 06:00:00,53,25,95.7,8,52,34
2024-12-02 07:00:00,56,31,102.1,8,54,36
2024-12-02 08:00:00,58,32,103.3,9,60,38
2024-12-02 09:00:00,60,38,115.2,10,60,43
2024-12-02 10:00:00,58,43,107.8,10,61,38
2024-12-02 11:00:00,66,43,116.7,10,61,46
2024-12-02 12:00:00,63,34,110.9,9,59,41
2024-12-02 13:00:00,66,50,115.0,10,63,45
2024-12-02 14:00:00,63,44,111.4,10,58,40
2024-12-02 15:00:00,69,40,115.5,11,63,46
2024-12-02 16:00:00,68,43,118.2,9,63,43
2024-12-02 17:00:00,66,42,111.8,10,62,41
2024-12-02 18:00:00,60,37,105.2,10,59,39
2024-12-02 19:00:00,54,38,106.2,8,60,39
2024-12-02 20:00:00,59,33,101.7,9,57,41
2024-12-02 21:00:00,56,32,103.5,8,59,40
2024-12-02 22:00:00,52,29,102.2,6,56,36
2024-12-02 23:00:00,53,25,99.7,7,55,35
2024-12-03 00:00:00,53,31,98.7,7,57,37
2024-12-03 01:00:00,51,31,96.4,8,54,35
2024-12-03 02:00:00,51,31,102.3,8,54,38
2024-12-03 03:00:00,51,32,99.1,7,54,34
2024-12-03 04:00:00,53,31,97.8,9,56,41
2024-12-03 05:00:00,50,29,101.1,8,50,34
2024-12-03 06:00:00,56,36,106.4,8,57,39
2024-12-03 07:00:00,53,30,96.6,8,57,35
2024-12-03 08:00:00,61,34,113.9,8,59,40
2024-12-03 09:00:00,61,36,105.4,7,60,41
2024-12-03 10:00:00,62,45,113.2,10,62,42
2024-12-03 11:00:00,65,46,119.5,9,63,42
2024-12-03 12:00:00,64,46,115.1,10,59,42
2024-12-03 13:00:00,71,48,119.0,12,68,46
2024-12-03 14:00:00,70,42,110.7,9,69,44
2024-12-03 15:00:00,68,46,121.6,11,67,49
2024-12-03 16:00:00,69,43,117.8,11,63,45
2024-12-03 17:00:00,65,46,109.2,9,61,40
2024-12-03 18:00:00,64,41,115.6,11,64,42
2024-12-03 19:00:00,63,38,109.4,11,61,42
2024-12-03 20:00:00,59,39,106.0,9,61,42
2024-12-03 21:00:00,57,38,103.8,10,56,35
2024-12-03 22:00:00,56,31,102.6,7,58,38
2024-12-03 23:00:00,54,31,103.5,9,57,36
2024-12-04 00:00:00,49,28,95.0,8,56,35
2024-12-04 01:00:00,43,22,91.0,6,52,37
2024-12-04 02:00:00,50,31,108.8,8,55,36
2024-12-04 03:00:00,46,33,98.0,8,57,33
2024-12-04 04:00:00,49,33,101.4,8,54,40
2024-12-04 05:00:00,49,26,93.0,6,56,35
2024-12-04 06:00:00,53,33,97.0,8,57,36
2024-12-04 07:00:00,57,29,106.2,8,58,41
2024-12-04 08:00:00,63,43,114.5,9,67,46
2024-12-04 09:00:00,61,37,112.8,9,55,43
2024-12-04 10:00:00,66,47,113.9,11,60,43
2024-12-04 11:00:00,67,48,119.1,10,66,41
2024-12-04 12:00:00,59,42,100.4,10,61,36
2024-12-04 13:00:00,66,42,114.1,11,62,39
2024-12-04 14:00:00,63,48,115.7,10,64,43
2024-12-04 15:00:00,67,43,111.8,11,61,45
2024-12-04 16:00:00,61,46,113.7,11,65,42
2024-12-04 17:00:00,64,43,110.7,9,64,43
2024-12-04 18:00:00,63,36,108.1,8,63,43
2024-12-04 19:00:00,56,33,102.1,8,54,39
2024-12-04 20:00:00,61,39,113.4,10,62,42
2024-12-04 21:00:00,57,35,103.0,8,58,36
2024-12-04 22:00:00,55,33,100.5,7,61,39
2024-12-04 23:00:00,55,35,100.8,10,58,40
2024-12-05 00:00:00,52,37,101.0,7,54,38
2024-12-05 01:00:00,51,32,100.0,8,56,36
2024-12-05 02:00:00,51,31,100.7,8,51,39
2024-12-05 03:00:00,52,34,98.4,9,58,37
2024-12-05 04:00:00,49,29,98.0,8,53,40
2024-12-05 05:00:00,51,35,102.0,7,55,37
2024-12-05 06:00:00,55,38,101.2,9,58,39
2024-12-05 07:00:00,57,41,106.3,9,58,41
2024-12-05 08:00:00,56,33,102.5,9,60,38
2024-12-05 09:00:00,63,40,109.9,11,60,40
2024-12-05 10:00:00,60,41,106.5,8,61,42
2024-12-05 11:00:00,65,46,112.8,11,63,46
2024-12-05 12:00:00,70,49,117.5,11,65,41
2024-12-05 13:00:00,71,53,125.3,12,64,48
2024-12-05 14:00:00,70,46,116.9,13,60,46
2024-12-05 15:00:00,65,46,117.6,12,65,42
2024-12-05 16:00:00,69,51,122.3,12,63,47
2024-12-05 17:00:00,63,47,108.2,10,66,42
2024-12-05 18:00:00,64,49,112.7,10,61,44
2024-12-05 19:00:00,61,43,114.2,10,63,42
2024-12-05 20:00:00,57,36,105.0,8,58,37
2024-12-05 21:00:00,55,33,102.1,8,60,38
2024-12-05 22:00:00,52,31,102.1,7,56,41
2024-12-05 23:00:00,52,37,104.7,7,57,40
2024-12-06 00:00:00,56,39,104.9,9,56,37
2024-12-06 01:00:00,53,41,102.9,9,58,38
2024-12-06 02:00:00,53,37,95.1,9,58,36
2024-12-06 03:00:00,53,38,103.2,9,57,40
2024-12-06 04:00:00,52,33,99.3,8,58,37
2024-12-06 05:00:00,53,32,97.7,8,57,36
2024-12-06 06:00:00,56,41,104.9,10,60,38
2024-12-06 07:00:00,62,41,108.2,9,61,46
2024-12-06 08:00:00,62,42,110.4,9,63,38
2024-12-06 09:00:00,62,45,110.5,10,62,42
2024-12-06 10:00:00,63,47,113.8,9,66,43
2024-12-06 11:00:00,67,52,117.0,11,63,45
2024-12-06 12:00:00,69,53,122.5,11,65,45
2024-12-06 13:00:00,72,52,118.2,11,65,44
2024-12-06 14:00:00,65,53,121.3,11,63,46
2024-12-06 15:00:00,70,51,121.6,12,64,45
2024-12-06 16:00:00,69,47,121.0,11,68,44
2024-12-06 17:00:00,63,50,114.0,11,66,45
2024-12-06 18:00:00,62,41,108.8,10,60,39
2024-12-06 19:00:00,60,48,109.2,10,64,40
2024-12-06 20:00:00,60,38,112.2,9,59,43
2024-12-06 21:00:00,57,41,109.6,10,59,42
2024-12-06 22:00:00,54,35,99.6,8,60,37
2024-12-06 23:00:00,53,38,106.0,9,56,40
2024-12-07 00:00:00,55,37,101.0,9,44,38
2024-12-07 01:00:00,51,30,99.9,8,45,37
2024-12-07 02:00:00,53,37,104.9,7,44,37
2024-12-07 03:00:00,52,34,105.1,8,45,41
2024-12-07 04:00:00,55,40,105.6,9,47,37
2024-12-07 05:00:00,54,38,102.8,7,47,44
2024-12-07 06:00:00,61,41,108.9,10,49,40
2024-12-07 07:00:00,54,38,106.7,9,46,43
2024-12-07 08:00:00,55,42,107.9,11,48,42
2024-12-07 09:00:00,57,44,107.7,10,50,40
2024-12-07 10:00:00,60,51,106.1,10,50,42
2024-12-07 11:00:00,69,55,112.1,13,54,45
2024-12-07 12:00:00,68,48,116.5,11,50,43
2024-12-07 13:00:00,72,55,117.7,12,54,41
2024-12-07 14:00:00,64,44,110.2,10,50,39
2024-12-07 15:00:00,69,47,115.6,11,55,45
2024-12-07 16:00:00,67,47,121.0,10,47,45
2024-12-07 17:00:00,65,45,113.3,11,51,43
2024-12-07 18:00:00,64,42,113.7,10,50,45
2024-12-07 19:00:00,61,47,112.6,12,50,41
2024-12-07 20:00:00,66,43,105.9,9,48,42
2024-12-07 21:00:00,62,43,109.0,9,49,40
2024-12-07 22:00:00,55,42,102.1,7,49,38
2024-12-07 23:00:00,52,39,107.5,11,43,40
2024-12-08 00:00:00,54,41,98.9,8,47,35
2024-12-08 01:00:00,53,37,101.4,9,44,38
2024-12-08 02:00:00,54,33,100.9,9,48,39
2024-12-08 03:00:00,51,41,99.6,8,46,38
2024-12-08 04:00:00,54,36,102.9,9,46,41
2024-12-08 05:00:00,50,36,100.2,7,43,36
2024-12-08 06:00:00,57,41,107.1,8,47,43
2024-12-08 07:00:00,57,40,107.9,8,46,41
2024-12-08 08:00:00,65,44,113.4,11,48,42
2024-12-08 09:00:00,59,49,111.7,8,48,42
2024-12-08 10:00:00,69,51,120.6,12,48,44
2024-12-08 11:00:00,61,48,106.7,10,50,41
2024-12-08 12:00:00,64,51,116.4,12,49,40
2024-12-08 13:00:00,66,57,114.3,11,50,46
2024-12-08 14:00:00,70,55,117.9,12,50,43
2024-12-08 15:00:00,68,60,120.5,12,53,45
2024-12-08 16:00:00,66,56,118.6,11,54,47
2024-12-08 17:00:00,68,55,120.1,12,51,44
2024-12-08 18:00:00,65,44,109.7,11,52,43
2024-12-08 19:00:00,64,50,118.8,11,51,47
2024-12-08 20:00:00,60,45,108.7,9,48,41
2024-12-08 21:00:00,63,41,108.0,10,52,42
2024-12-08 22:00:00,57,42,103.0,10,44,41
2024-12-08 23:00:00,58,43,103.5,8,48,37
2024-12-09 00:00:00,55,42,101.2,9,57,40
2024-12-09 01:00:00,50,36,100.9,6,56,34
2024-12-09 02:00:00,55,42,107.2,8,56,39
2024-12-09 03:00:00,51,37,98.6,8,57,41
2024-12-09 04:00:00,54,41,101.0,10,54,40
2024-12-09 05:00:00,56,40,104.8,10,59,39
2024-12-09 06:00:00,52,42,103.9,8,56,43
2024-12-09 07:00:00,56,48,108.8,9,60,38
2024-12-09 08:00:00,62,44,107.9,11,60,42
2024-12-09 09:00:00,64,56,115.4,9,62,43
2024-12-09 10:00:00,62,45,115.7,10,64,43
2024-12-09 11:00:00,67,51,112.6,10,67,44
2024-12-09 12:00:00,68,55,118.3,11,63,46
2024-12-09 13:00:00,71,57,122.4,13,67,46
2024-12-09 14:00:00,69,55,116.3,10,67,46
2024-12-09 15:00:00,70,55,121.2,12,65,49
2024-12-09 16:00:00,67,56,114.0,12,65,44
2024-12-09 17:00:00,67,52,118.8,11,66,46
2024-12-09 18:00:00,69,56,119.9,12,67,46
2024-12-09 19:00:00,63,52,109.8,11,61,40
2024-12-09 20:00:00,64,50,116.5,11,64,44
2024-12-09 21:00:00,58,42,104.6,8,59,41
2024-12-09 22:00:00,59,43,107.8,9,59,37
2024-12-09 23:00:00,55,40,107.1,10,56,40
2024-12-10 00:00:00,54,39,100.4,8,55,39
2024-12-10 01:00:00,55,43,104.0,9,58,39
2024-12-10 02:00:00,56,39,108.4,8,55,38
2024-12-10 03:00:00,55,44,99.8,9,55,39
2024-12-10 04:00:00,55,38,108.2,8,57,39
2024-12-10 05:00:00,57,49,104.7,10,60,43
2024-12-10 06:00:00,61,42,107.0,10,58,42
2024-12-10 07:00:00,61,48,112.4,10,65,43
2024-12-10 08:00:00,63,52,115.7,9,61,43
2024-12-10 09:00:00,63,49,114.0,10,61,40
2024-12-10 10:00:00,69,56,119.6,11,64,49
2024-12-10 11:00:00,65,50,113.4,10,65,42
2024-12-10 12:00:00,66,61,123.8,12,68,50
2024-12-10 13:00:00,70,57,122.6,13,64,42
2024-12-10 14:00:00,72,55,124.8,10,68,47
2024-12-10 15:00:00,73,56,120.9,11,68,45
2024-12-10 16:00:00,69,59,113.7,12,64,41
2024-12-10 17:00:00,67,53,120.1,11,65,46
2024-12-10 18:00:00,66,50,116.8,11,61,47
2024-12-10 19:00:00,63,50,114.1,10,62,42
2024-12-10 20:00:00,62,45,109.2,11,59,42
2024-12-10 21:00:00,61,53,112.3,11,61,41
2024-12-10 22:00:00,60,43,107.0,10,60,38
2024-12-10 23:00:00,59,46,109.3,10,63,37
2024-12-11 00:00:00,57,45,104.5,8,59,38
2024-12-11 01:00:00,53,40,105.5,9,55,39
2024-12-11 02:00:00,59,43,114.3,10,60,40
2024-12-11 03:00:00,56,46,105.8,9,55,43
2024-12-11 04:00:00,56,43,101.4,9,60,39
2024-12-11 05:00:00,56,49,108.1,9,58,42
2024-12-11 06:00:00,59,50,111.8,9,64,39
2024-12-11 07:00:00,61,52,114.4,9,64,44
2024-12-11 08:00:00,60,49,115.9,12,61,46
2024-12-11 09:00:00,63,49,115.3,11,61,43
2024-12-11 10:00:00,65,53,110.5,11,63,43
2024-12-11 11:00:00,68,57,115.7,11,65,43
2024-12-11 12:00:00,65,60,119.7,12,65,46
2024-12-11 13:00:00,68,51,115.5,11,63,44
2024-12-11 14:00:00,70,59,125.3,12,67,46
2024-12-11 15:00:00,70,59,118.6,14,69,46
2024-12-11 16:00:00,72,57,124.3,14,67,47
2024-12-11 17:00:00,74,61,122.8,11,71,47
2024-12-11 18:00:00,68,56,120.0,12,63,45
2024-12-11 19:00:00,63,57,113.3,11,64,45
2024-12-11 20:00:00,61,50,113.9,11,62,46
2024-12-11 21:00:00,63,52,117.1,10,59,44
2024-12-11 22:00:00,61,53,113.7,10,61,44
2024-12-11 23:00:00,60,50,117.2,9,63,43
2024-12-12 00:00:00,54,42,102.8,10,52,40
2024-12-12 01:00:00,54,44,105.6,10,57,36
2024-12-12 02:00:00,59,43,110.8,11,59,42
2024-12-12 03:00:00,55,47,104.5,9,59,37
2024-12-12 04:00:00,54,48,107.0,9,60,42
2024-12-12 05:00:00,60,44,111.3,11,61,43
2024-12-12 06:00:00,55,49,110.6,9,61,41
2024-12-12 07:00:00,50,44,106.1,8,58,40
2024-12-12 08:00:00,66,58,115.6,12,64,47
2024-12-12 09:00:00,67,53,117.7,12,59,44
2024-12-12 10:00:00,68,57,115.1,11,66,44
2024-12-12 11:00:00,65,57,115.1,13,62,44
2024-12-12 12:00:00,71,64,122.8,12,68,48
2024-12-12 13:00:00,67,50,119.8,12,61,44
2024-12-12 14:00:00,70,61,123.1,12,65,48
2024-12-12 15:00:00,74,60,124.3,12,69,47
2024-12-12 16:00:00,67,58,120.1,12,64,45
2024-12-12 17:00:00,71,64,125.3,12,64,46
2024-12-12 18:00:00,69,54,119.7,10,62,47
2024-12-12 19:00:00,67,57,116.7,11,67,42
2024-12-12 20:00:00,66,54,114.0,12,63,40
2024-12-12 21:00:00,63,55,114.7,11,62,39
2024-12-12 22:00:00,59,46,107.2,10,59,42
2024-12-12 23:00:00,57,44,109.6,9,56,40
2024-12-13 00:00:00,59,51,115.8,9,60,42
2024-12-13 01:00:00,55,48,109.2,9,61,40
2024-12-13 02:00:00,50,41,96.7,8,54,34
2024-12-13 03:00:00,57,45,106.0,9,55,40
2024-12-13 04:00:00,59,49,110.8,9,62,46
2024-12-13 05:00:00,59,52,107.1,11,61,42
2024-12-13 06:00:00,57,48,109.1,10,60,41
2024-12-13 07:00:00,54,42,106.6,8,58,41
2024-12-13 08:00:00,64,56,120.6,11,60,50
2024-12-13 09:00:00,61,52,118.3,10,61,43
2024-12-13 10:00:00,62,52,109.6,10,62,40
2024-12-13 11:00:00,66,50,115.3,10,63,42
2024-12-13 12:00:00,69,64,122.3,14,67,43
2024-12-13 13:00:00,72,63,121.8,11,70,46
2024-12-13 14:00:00,71,62,123.0,11,68,47
2024-12-13 15:00:00,71,67,124.5,13,69,48
2024-12-13 16:00:00,67,64,122.6,12,65,44
2024-12-13 17:00:00,69,66,126.7,12,62,44
2024-12-13 18:00:00,64,54,115.8,12,62,40
2024-12-13 19:00:00,62,57,113.8,11,63,43
2024-12-13 20:00:00,61,49,108.6,9,61,42
2024-12-13 21:00:00,58,52,117.0,11,60,47
2024-12-13 22:00:00,59,50,113.1,10,61,44
2024-12-13 23:00:00,59,51,112.2,11,63,39
2024-12-14 00:00:00,55,50,107.4,9,46,38
2024-12-14 01:00:00,58,51,115.1,11,48,44
2024-12-14 02:00:00,53,51,106.7,7,49,40
2024-12-14 03:00:00,55,56,105.4,10,45,41
2024-12-14 04:00:00,56,48,109.2,9,47,43
2024-12-14 05:00:00,59,48,106.2,10,45,41
2024-12-14 06:00:00,62,53,114.8,10,49,43
2024-12-14 07:00:00,65,52,119.3,12,51,43
2024-12-14 08:00:00,64,62,113.4,12,49,41
2024-12-14 09:00:00,65,58,114.9,11,52,45
2024-12-14 10:00:00,65,58,120.2,12,50,42
2024-12-14 11:00:00,66,60,117.6,11,54,43
2024-12-14 12:00:00,72,66,126.3,13,55,45
2024-12-14 13:00:00,70,64,123.8,13,53,45
2024-12-14 14:00:00,75,62,127.9,13,54,48
2024-12-14 15:00:00,70,70,122.9,11,57,46
2024-12-14 16:00:00,71,60,114.8,13,53,45
2024-12-14 17:00:00,67,62,121.6,13,50,48
2024-12-14 18:00:00,67,63,115.5,10,50,43
2024-12-14 19:00:00,66,53,119.0,11,51,42
2024-12-14 20:00:00,63,58,115.9,10,52,43
2024-12-14 21:00:00,59,51,110.4,11,48,43
2024-12-14 22:00:00,58,55,114.4,11,47,40
2024-12-14 23:00:00,62,47,106.4,9,49,38
2024-12-15 00:00:00,56,54,109.9,9,49,38
2024-12-15 01:00:00,58,55,112.9,10,49,45
2024-12-15 02:00:00,56,53,111.1,9,45,37
2024-12-15 03:00:00,57,52,108.7,11,49,38
2024-12-15 04:00:00,55,51,107.3,9,48,38
2024-12-15 05:00:00,57,51,114.7,11,47,42
2024-12-15 06:00:00,63,60,119.3,12,53,43
2024-12-15 07:00:00,59,54,110.5,12,50,42
2024-12-15 08:00:00,66,55,121.1,12,50,44
2024-12-15 09:00:00,70,63,124.8,12,54,45
2024-12-15 10:00:00,69,60,122.3,11,50,45
2024-12-15 11:00:00,69,61,123.0,13,52,44
2024-12-15 12:00:00,63,60,113.3,12,50,45
2024-12-15 13:00:00,73,64,129.4,13,56,51
2024-12-15 14:00:00,72,66,127.5,12,59,44
2024-12-15 15:00:00,72,67,125.9,12,54,48
2024-12-15 16:00:00,68,69,123.7,12,56,47
2024-12-15 17:00:00,72,66,124.5,12,57,47
2024-12-15 18:00:00,65,62,116.9,11,49,43
2024-12-15 19:00:00,67,60,120.8,11,54,44
2024-12-15 20:00:00,67,60,117.3,12,51,46
2024-12-15 21:00:00,62,61,117.2,11,51,46
2024-12-15 22:00:00,63,55,115.7,10,54,44
2024-12-15 23:00:00,56,51,110.6,10,49,38
2024-12-16 00:00:00,58,50,113.2,10,59,42
2024-12-16 01:00:00,52,48,106.8,9,58,39
2024-12-16 02:00:00,60,55,115.1,10,59,43
2024-12-16 03:00:00,60,55,107.1,10,64,40
2024-12-16 04:00:00,59,55,114.4,10,60,42
2024-12-16 05:00:00,58,54,111.9,10,56,44
2024-12-16 06:00:00,59,61,115.7,10,61,42
2024-12-16 07:00:00,61,57,113.1,10,61,44
2024-12-16 08:00:00,69,64,125.3,13,67,46
2024-12-16 09:00:00,67,62,121.3,11,63,47
2024-12-16 10:00:00,65,62,116.5,12,65,46
2024-12-16 11:00:00,68,68,121.6,13,66,47
2024-12-16 12:00:00,76,69,130.9,13,70,48
2024-12-16 13:00:00,74,69,127.4,14,72,45
2024-12-16 14:00:00,70,69,124.6,13,70,48
2024-12-16 15:00:00,68,68,122.6,12,69,45
2024-12-16 16:00:00,73,76,131.8,13,68,50
2024-12-16 17:00:00,67,70,124.7,14,67,49
2024-12-16 18:00:00,69,67,119.9,14,68,44
2024-12-16 19:00:00,73,63,121.7,14,71,47
2024-12-16 20:00:00,62,64,117.6,12,63,41
2024-12-16 21:00:00,63,60,114.9,10,61,44
2024-12-16 22:00:00,64,56,109.9,11,65,40
2024-12-16 23:00:00,61,54,110.9,10,64,37
2024-12-17 00:00:00,58,55,111.0,11,61,42
2024-12-17 01:00:00,54,43,104.1,11,55,44
2024-12-17 02:00:00,55,55,111.8,10,64,41
2024-12-17 03:00:00,56,53,103.4,11,60,37
2024-12-17 04:00:00,60,61,113.3,11,61,44
2024-12-17 05:00:00,62,57,117.8,11,65,43
2024-12-17 06:00:00,59,54,110.0,10,64,42
2024-12-17 07:00:00,63,60,113.2,12,60,41
2024-12-17 08:00:00,62,59,113.8,12,64,40
2024-12-17 09:00:00,69,66,124.0,13,69,47
2024-12-17 10:00:00,72,67,124.4,13,68,46
2024-12-17 11:00:00,74,71,125.7,14,70,46
2024-12-17 12:00:00,69,66,124.5,12,67,49
2024-12-17 13:00:00,74,70,128.6,13,72,48
2024-12-17 14:00:00,71,65,120.0,13,65,46
2024-12-17 15:00:00,77,72,130.4,12,70,48
2024-12-17 16:00:00,73,71,123.2,12,73,49
2024-12-17 17:00:00,68,70,127.0,12,66,51
2024-12-17 18:00:00,69,66,126.7,11,64,49
2024-12-17 19:00:00,69,66,122.1,13,67,44
2024-12-17 20:00:00,68,68,125.9,12,69,49
2024-12-17 21:00:00,62,59,113.6,12,63,43
2024-12-17 22:00:00,60,59,114.1,12,61,43
2024-12-17 23:00:00,56,53,108.2,10,61,40
2024-12-18 00:00:00,57,54,110.9,10,65,40
2024-12-18 01:00:00,56,57,111.5,11,60,42
2024-12-18 02:00:00,61,60,115.8,12,67,47
2024-12-18 03:00:00,56,56,110.3,8,61,41
2024-12-18 04:00:00,59,56,113.4,10,60,42
2024-12-18 05:00:00,60,57,117.7,11,65,42
2024-12-18 06:00:00,64,58,110.8,11,63,41
2024-12-18 07:00:00,67,63,126.3,11,62,50
2024-12-18 08:00:00,66,59,117.6,10,65,43
2024-12-18 09:00:00,70,71,125.2,13,67,46
2024-12-18 10:00:00,67,66,125.5,11,70,45
2024-12-18 11:00:00,70,72,127.5,13,69,49
2024-12-18 12:00:00,70,67,125.3,13,66,48
2024-12-18 13:00:00,76,74,134.4,14,73,53
2024-12-18 14:00:00,75,75,129.4,13,70,50
2024-12-18 15:00:00,76,73,133.1,14,71,50
2024-12-18 16:00:00,75,68,123.4,13,65,50
2024-12-18 17:00:00,70,71,126.6,14,66,50
2024-12-18 18:00:00,69,64,124.0,12,67,47
2024-12-18 19:00:00,68,65,125.4,14,64,48
2024-12-18 20:00:00,66,68,123.9,11,65,43
2024-12-18 21:00:00,63,65,119.5,11,66,45
2024-12-18 22:00:00,65,60,117.3,11,65,44
2024-12-18 23:00:00,59,55,111.9,10,64,42
2024-12-19 00:00:00,60,61,114.6,11,63,44
2024-12-19 01:00:00,57,58,108.3,10,59,38
2024-12-19 02:00:00,58,50,115.2,9,63,47
2024-12-19 03:00:00,57,61,116.3,12,61,44
2024-12-19 04:00:00,60,59,115.8,11,60,45
2024-12-19 05:00:00,63,65,121.1,12,68,46
2024-12-19 06:00:00,60,58,116.8,12,62,45
2024-12-19 07:00:00,62,53,110.9,12,64,42
2024-12-19 08:00:00,67,67,124.1,11,67,45
2024-12-19 09:00:00,69,69,127.8,14,69,45
2024-12-19 10:00:00,69,64,120.3,12,68,48
2024-12-19 11:00:00,72,68,120.8,15,68,47
2024-12-19 12:00:00,77,83,130.3,15,72,47
2024-12-19 13:00:00,74,73,128.5,13,71,46
2024-12-19 14:00:00,73,77,125.4,15,70,44
2024-12-19 15:00:00,73,72,127.3,14,69,47
2024-12-19 16:00:00,72,66,123.0,12,67,49
2024-12-19 17:00:00,72,71,127.0,14,68,45
2024-12-19 18:00:00,73,69,125.0,14,66,47
2024-12-19 19:00:00,70,67,123.6,13,68,44
2024-12-19 20:00:00,64,66,121.6,11,64,42
2024-12-19 21:00:00,64,65,116.6,13,65,42
2024-12-19 22:00:00,61,62,117.4,12,63,47
2024-12-19 23:00:00,59,56,110.7,10,62,40
2024-12-20 00:00:00,60,63,116.2,11,63,40
2024-12-20 01:00:00,59,53,111.6,11,62,41
2024-12-20 02:00:00,57,53,111.8,9,59,40
2024-12-20 03:00:00,63,63,118.5,12,64,44
2024-12-20 04:00:00,61,63,120.4,12,63,43
2024-12-20 05:00:00,59,62,115.1,12,61,42
2024-12-20 06:00:00,60,59,113.1,10,60,43
2024-12-20 07:00:00,66,63,122.7,11,64,46
2024-12-20 08:00:00,63,67,120.3,11,65,43
2024-12-20 09:00:00,64,65,122.0,12,63,47
2024-12-20 10:00:00,70,69,124.8,12,70,51
2024-12-20 11:00:00,76,76,127.0,15,70,49
2024-12-20 12:00:00,79,80,141.0,14,73,55
2024-12-20 13:00:00,74,74,127.3,13,71,47
2024-12-20 14:00:00,79,79,130.2,15,70,50
2024-12-20 15:00:00,73,69,129.0,14,72,46
2024-12-20 16:00:00,71,77,125.4,12,67,42
2024-12-20 17:00:00,72,71,125.5,13,71,46
2024-12-20 18:00:00,70,73,126.4,13,69,47
2024-12-20 19:00:00,71,69,125.1,12,65,45
2024-12-20 20:00:00,68,73,123.7,13,67,46
2024-12-20 21:00:00,61,63,121.4,11,62,42
2024-12-20 22:00:00,60,66,116.7,10,66,47
2024-12-20 23:00:00,61,61,113.4,11,63,40
2024-12-21 00:00:00,54,62,115.1,9,45,41
2024-12-21 01:00:00,58,62,112.2,10,52,40
2024-12-21 02:00:00,59,59,113.7,11,50,44
2024-12-21 03:00:00,57,62,111.1,10,50,43
2024-12-21 04:00:00,63,63,118.5,12,51,44
2024-12-21 05:00:00,65,65,120.2,12,50,44
2024-12-21 06:00:00,61,66,117.8,11,53,38
2024-12-21 07:00:00,65,71,122.8,13,52,44
2024-12-21 08:00:00,71,73,129.2,14,57,49
2024-12-21 09:00:00,69,68,125.7,12,54,46
2024-12-21 10:00:00,69,77,123.7,14,54,49
2024-12-21 11:00:00,72,71,124.7,14,52,48
2024-12-21 12:00:00,73,79,133.0,14,55,48
2024-12-21 13:00:00,79,80,131.9,15,60,51
2024-12-21 14:00:00,75,71,130.5,15,57,46
2024-12-21 15:00:00,75,78,133.5,15,58,51
2024-12-21 16:00:00,75,75,124.9,14,57,49
2024-12-21 17:00:00,69,73,124.4,14,54,48
2024-12-21 18:00:00,71,79,131.2,15,55,48
2024-12-21 19:00:00,73,70,126.4,12,54,49
2024-12-21 20:00:00,67,67,120.8,12,52,42
2024-12-21 21:00:00,68,68,125.5,13,54,45
2024-12-21 22:00:00,65,68,124.3,13,51,44
2024-12-21 23:00:00,65,64,117.5,11,52,40
2024-12-22 00:00:00,57,69,121.6,12,50,47
2024-12-22 01:00:00,60,66,111.9,11,50,45
2024-12-22 02:00:00,62,56,110.4,11,47,41
2024-12-22 03:00:00,62,62,115.8,11,49,46
2024-12-22 04:00:00,64,63,117.5,10,51,42
2024-12-22 05:00:00,63,68,118.7,10,48,43
2024-12-22 06:00:00,60,59,113.0,10,51,41
2024-12-22 07:00:00,66,79,123.2,12,56,44
2024-12-22 08:00:00,66,74,123.0,13,55,47
2024-12-22 09:00:00,72,74,126.4,13,56,47
2024-12-22 10:00:00,75,80,133.6,14,55,49
2024-12-22 11:00:00,76,86,134.6,14,58,51
2024-12-22 12:00:00,77,82,133.3,15,60,52
2024-12-22 13:00:00,77,83,134.1,16,56,50
2024-12-22 14:00:00,79,80,137.7,15,62,56
2024-12-22 15:00:00,78,79,132.2,15,59,52
2024-12-22 16:00:00,72,77,125.1,14,54,48
2024-12-22 17:00:00,74,75,126.2,14,54,48
2024-12-22 18:00:00,67,73,123.8,11,53,50
2024-12-22 19:00:00,69,69,125.7,13,54,48
2024-12-22 20:00:00,70,72,127.9,12,54,48
2024-12-22 21:00:00,61,64,122.0,12,46,43
2024-12-22 22:00:00,63,69,122.3,13,50,46
2024-12-22 23:00:00,62,66,116.0,11,51,44
2024-12-23 00:00:00,62,67,118.4,12,65,48
2024-12-23 01:00:00,59,64,109.7,12,65,41
2024-12-23 02:00:00,61,77,120.2,11,64,45
2024-12-23 03:00:00,62,71,118.2,12,65,43
2024-12-23 04:00:00,56,62,106.4,9,61,41
2024-12-23 05:00:00,62,69,126.1,13,63,48
2024-12-23 06:00:00,63,68,118.4,13,66,43
2024-12-23 07:00:00,65,68,114.9,12,67,43
2024-12-23 08:00:00,66,69,121.2,12,71,46
2024-12-23 09:00:00,67,77,130.9,13,70,49
2024-12-23 10:00:00,71,75,133.4,12,66,52
2024-12-23 11:00:00,78,83,134.7,14,75,54
2024-12-23 12:00:00,80,84,136.7,15,71,49
2024-12-23 13:00:00,84,86,143.5,16,79,56
2024-12-23 14:00:00,80,79,134.3,15,73,49
2024-12-23 15:00:00,74,83,133.6,15,72,51
2024-12-23 16:00:00,75,83,135.5,15,74,52
2024-12-23 17:00:00,74,78,127.1,15,71,47
2024-12-23 18:00:00,72,75,132.6,14,71,53
2024-12-23 19:00:00,73,81,128.0,14,69,47
2024-12-23 20:00:00,75,75,127.9,14,69,50
2024-12-23 21:00:00,64,74,123.1,12,66,46
2024-12-23 22:00:00,62,67,121.5,11,65,42
2024-12-23 23:00:00,66,64,122.1,12,65,45
2024-12-24 00:00:00,60,67,117.2,10,67,45
2024-12-24 01:00:00,62,67,119.8,12,65,44
2024-12-24 02:00:00,62,64,121.2,12,63,43
2024-12-24 03:00:00,62,68,119.4,12,64,46
2024-12-24 04:00:00,61,63,114.1,12,62,42
2024-12-24 05:00:00,65,66,118.3,12,66,44
2024-12-24 06:00:00,63,74,124.9,13,65,44
2024-12-24 07:00:00,66,76,122.2,13,68,49
2024-12-24 08:00:00,70,74,121.9,13,72,49
2024-12-24 09:00:00,65,74,122.4,11,67,45
2024-12-24 10:00:00,76,76,130.7,15,71,48
2024-12-24 11:00:00,75,80,134.6,14,71,55
2024-12-24 12:00:00,77,85,130.6,15,75,50
2024-12-24 13:00:00,74,87,134.4,14,73,49
2024-12-24 14:00:00,74,82,135.0,12,72,51
2024-12-24 15:00:00,75,79,129.1,16,70,49
2024-12-24 16:00:00,79,84,135.6,15,70,54
2024-12-24 17:00:00,69,78,120.9,12,71,50
2024-12-24 18:00:00,75,78,133.5,13,73,50
2024-12-24 19:00:00,72,82,132.8,14,68,51
2024-12-24 20:00:00,69,79,127.6,14,70,47
2024-12-24 21:00:00,68,74,121.1,13,70,43
2024-12-24 22:00:00,64,67,122.4,12,64,46
2024-12-24 23:00:00,62,71,119.2,11,65,41
2024-12-25 00:00:00,65,74,115.0,12,70,48
2024-12-25 01:00:00,56,68,117.4,11,64,45
2024-12-25 02:00:00,62,74,124.6,12,64,47
2024-12-25 03:00:00,63,74,126.2,13,64,43
2024-12-25 04:00:00,63,76,119.1,14,66,45
2024-12-25 05:00:00,60,73,113.5,12,65,39
2024-12-25 06:00:00,68,76,124.5,13,69,48
2024-12-25 07:00:00,66,80,127.5,12,65,50
2024-12-25 08:00:00,70,79,125.3,14,68,47
2024-12-25 09:00:00,72,78,124.1,13,66,44
2024-12-25 10:00:00,73,80,132.9,14,72,47
2024-12-25 11:00:00,79,84,134.5,15,73,48
2024-12-25 12:00:00,75,80,133.9,16,71,49
2024-12-25 13:00:00,79,85,135.8,15,72,49
2024-12-25 14:00:00,79,89,137.0,16,74,51
2024-12-25 15:00:00,77,78,132.0,14,72,53
2024-12-25 16:00:00,82,90,138.5,15,73,51
2024-12-25 17:00:00,77,87,134.1,16,72,49
2024-12-25 18:00:00,75,80,128.6,15,69,49
2024-12-25 19:00:00,76,81,134.4,14,67,52
2024-12-25 20:00:00,73,78,133.4,12,74,52
2024-12-25 21:00:00,68,80,125.5,14,70,51
2024-12-25 22:00:00,69,77,132.5,14,67,48
2024-12-25 23:00:00,63,67,120.6,12,65,45
2024-12-26 00:00:00,66,74,125.0,14,65,43
2024-12-26 01:00:00,63,71,123.0,12,66,43
2024-12-26 02:00:00,63,72,123.8,12,70,45
2024-12-26 03:00:00,63,69,118.5,10,67,43
2024-12-26 04:00:00,65,79,126.7,14,63,45
2024-12-26 05:00:00,66,77,128.2,11,64,46
2024-12-26 06:00:00,65,73,121.6,14,63,47
2024-12-26 07:00:00,66,73,123.4,14,66,43
2024-12-26 08:00:00,74,78,128.3,12,70,51
2024-12-26 09:00:00,74,83,130.6,16,74,47
2024-12-26 10:00:00,73,84,131.0,14,68,52
2024-12-26 11:00:00,77,89,133.4,16,73,48
2024-12-26 12:00:00,81,89,138.5,15,69,50
2024-12-26 13:00:00,77,90,137.9,15,72,52
2024-12-26 14:00:00,75,88,136.1,14,70,51
2024-12-26 15:00:00,73,82,129.0,14,67,50
2024-12-26 16:00:00,73,86,130.5,15,73,47
2024-12-26 17:00:00,74,89,136.6,16,71,50
2024-12-26 18:00:00,71,83,128.7,15,71,48
2024-12-26 19:00:00,76,83,136.2,14,69,52
2024-12-26 20:00:00,70,78,125.6,13,71,48
2024-12-26 21:00:00,66,74,124.9,11,65,48
2024-12-26 22:00:00,62,75,124.0,13,68,48
2024-12-26 23:00:00,64,75,115.0,14,68,43
2024-12-27 00:00:00,59,72,120.9,13,64,47
2024-12-27 01:00:00,62,73,124.4,12,66,46
2024-12-27 02:00:00,67,70,121.9,13,64,46
2024-12-27 03:00:00,66,77,125.7,13,64,47
2024-12-27 04:00:00,63,73,118.9,13,66,44
2024-12-27 05:00:00,68,81,128.5,15,69,49
2024-12-27 06:00:00,67,83,134.7,13,68,50
2024-12-27 07:00:00,67,79,119.2,13,66,42
2024-12-27 08:00:00,74,78,128.8,14,69,45
2024-12-27 09:00:00,68,76,128.1,13,65,48
2024-12-27 10:00:00,73,80,133.9,14,72,48
2024-12-27 11:00:00,76,82,128.9,14,70,50
2024-12-27 12:00:00,77,93,135.6,15,72,48
2024-12-27 13:00:00,80,89,136.8,15,76,52
2024-12-27 14:00:00,79,91,135.8,15,73,50
2024-12-27 15:00:00,78,81,133.9,15,71,52
2024-12-27 16:00:00,78,84,130.9,16,75,47
2024-12-27 17:00:00,77,90,135.6,16,71,52
2024-12-27 18:00:00,79,86,134.0,16,72,53
2024-12-27 19:00:00,71,83,129.9,13,66,50
2024-12-27 20:00:00,75,83,130.5,13,71,50
2024-12-27 21:00:00,73,85,131.7,14,70,51
2024-12-27 22:00:00,71,76,124.7,14,73,49
2024-12-27 23:00:00,65,76,126.9,13,66,43
2024-12-28 00:00:00,62,77,121.4,12,54,47
2024-12-28 01:00:00,71,84,130.3,16,55,52
2024-12-28 02:00:00,60,68,117.3,10,52,45
2024-12-28 03:00:00,62,78,122.4,12,55,43
2024-12-28 04:00:00,64,76,122.7,12,52,43
2024-12-28 05:00:00,63,79,126.4,12,53,42
2024-12-28 06:00:00,68,77,125.0,13,54,49
2024-12-28 07:00:00,68,81,125.0,13,55,49
2024-12-28 08:00:00,71,85,131.3,13,58,50
2024-12-28 09:00:00,79,96,138.0,16,59,54
2024-12-28 10:00:00,78,90,136.7,15,61,51
2024-12-28 11:00:00,76,86,131.4,16,58,51
2024-12-28 12:00:00,78,88,140.0,16,62,53
2024-12-28 13:00:00,79,89,135.0,15,60,52
2024-12-28 14:00:00,77,85,138.0,16,56,52
2024-12-28 15:00:00,79,90,137.4,15,60,53
2024-12-28 16:00:00,80,92,142.1,16,60,52
2024-12-28 17:00:00,75,84,131.2,14,57,47
2024-12-28 18:00:00,77,91,131.1,14,60,53
2024-12-28 19:00:00,72,87,127.0,14,55,50
2024-12-28 20:00:00,69,80,135.5,15,55,52
2024-12-28 21:00:00,67,80,125.0,14,54,47
2024-12-28 22:00:00,67,85,131.6,14,56,47
2024-12-28 23:00:00,69,80,124.1,14,55,48
2024-12-29 00:00:00,66,78,125.9,14,54,45
2024-12-29 01:00:00,61,76,122.2,11,52,47
2024-12-29 02:00:00,65,77,132.5,13,54,46
2024-12-29 03:00:00,62,75,120.8,12,52,45
2024-12-29 04:00:00,61,70,117.0,11,53,45
2024-12-29 05:00:00,64,86,127.9,14,56,48
2024-12-29 06:00:00,70,81,126.3,14,59,49
2024-12-29 07:00:00,67,84,128.9,13,53,46
2024-12-29 08:00:00,72,84,130.9,13,57,50
2024-12-29 09:00:00,71,84,128.2,14,54,47
2024-12-29 10:00:00,78,88,137.7,15,57,52
2024-12-29 11:00:00,75,85,133.8,16,59,47
2024-12-29 12:00:00,81,100,144.6,16,61,56
2024-12-29 13:00:00,78,88,141.6,15,57,51
2024-12-29 14:00:00,80,89,136.5,16,61,52
2024-12-29 15:00:00,79,91,137.1,17,60,54
2024-12-29 16:00:00,80,96,136.6,16,57,56
2024-12-29 17:00:00,76,90,137.8,14,60,53
2024-12-29 18:00:00,71,84,128.5,14,56,49
2024-12-29 19:00:00,72,91,134.9,15,56,52
2024-12-29 20:00:00,74,87,137.3,14,55,50
2024-12-29 21:00:00,69,84,127.6,15,56,48
2024-12-29 22:00:00,67,83,126.0,13,54,49
2024-12-29 23:00:00,65,87,130.7,15,54,48
2024-12-30 00:00:00,63,87,128.5,13,67,44
2024-12-30 01:00:00,62,76,123.7,12,66,48
2024-12-30 02:00:00,68,84,127.3,15,69,49
2024-12-30 03:00:00,63,80,119.8,13,70,42
2024-12-30 04:00:00,67,81,124.5,13,64,44
2024-12-30 05:00:00,63,75,119.2,11,65,45
2024-12-30 06:00:00,70,82,130.5,13,71,56
2024-12-30 07:00:00,68,81,128.8,14,73,48
2024-12-30 08:00:00,70,89,129.9,15,73,47
2024-12-30 09:00:00,75,92,134.5,14,74,47
2024-12-30 10:00:00,79,83,136.8,15,75,52
2024-12-30 11:00:00,82,92,139.8,17,78,54
2024-12-30 12:00:00,82,97,140.4,17,75,52
2024-12-30 13:00:00,80,93,145.4,17,76,54
2024-12-30 14:00:00,82,97,140.5,15,74,53
2024-12-30 15:00:00,81,95,143.2,16,76,52
2024-12-30 16:00:00,80,95,141.0,16,74,51
2024-12-30 17:00:00,79,91,133.6,16,75,45
2024-12-30 18:00:00,76,86,132.3,14,71,48
2024-12-30 19:00:00,72,85,134.1,15,71,51
2024-12-30 20:00:00,70,89,131.1,15,68,47
2024-12-30 21:00:00,69,84,124.9,14,69,48
2024-12-30 22:00:00,70,82,130.3,14,72,45
2024-12-30 23:00:00,66,79,123.8,13,64,47
2024-12-31 00:00:00,66,80,127.2,12,68,46
2024-12-31 01:00:00,65,84,134.7,13,71,48
2024-12-31 02:00:00,61,79,123.7,11,67,48
2024-12-31 03:00:00,63,76,124.1,11,66,41
2024-12-31 04:00:00,64,84,124.9,13,69,47
2024-12-31 05:00:00,64,82,121.8,11,66,47
2024-12-31 06:00:00,72,84,134.1,14,72,49
2024-12-31 07:00:00,71,92,131.4,15,74,46
2024-12-31 08:00:00,71,88,131.1,14,71,49
2024-12-31 09:00:00,79,91,143.7,17,76,53
2024-12-31 10:00:00,78,88,135.2,16,71,53
2024-12-31 11:00:00,77,93,141.4,15,72,55
2024-12-31 12:00:00,81,97,143.1,17,78,54
2024-12-31 13:00:00,79,90,136.0,14,79,49
2024-12-31 14:00:00,79,97,141.5,17,75,53
2024-12-31 15:00:00,82,96,139.7,16,78,53
2024-12-31 16:00:00,79,95,142.4,17,69,53
2024-12-31 17:00:00,80,97,144.6,17,77,54
2024-12-31 18:00:00,80,93,139.6,16,74,51
2024-12-31 19:00:00,79,95,143.4,15,79,51
2024-12-31 20:00:00,70,85,130.8,13,72,48
2024-12-31 21:00:00,72,86,134.7,13,71,51
2024-12-31 22:00:00,66,84,136.1,12,67,50
2024-12-31 23:00:00,67,79,133.4,13,70,49
2025-01-01 00:00:00,67,85,127.7,13,71,44
2025-01-01 01:00:00,68,89,131.2,15,68,47
2025-01-01 02:00:00,64,80,121.4,12,69,48
2025-01-01 03:00:00,71,83,132.1,16,72,51
2025-01-01 04:00:00,63,82,126.1,12,67,46
2025-01-01 05:00:00,69,80,125.4,13,70,47
2025-01-01 06:00:00,64,78,127.7,11,68,45
2025-01-01 07:00:00,71,84,129.9,14,68,47
2025-01-01 08:00:00,73,84,130.0,14,72,48
2025-01-01 09:00:00,77,97,139.8,16,74,52
2025-01-01 10:00:00,76,92,134.9,16,71,50
2025-01-01 11:00:00,79,93,138.5,17,73,52
2025-01-01 12:00:00,81,99,147.7,16,73,55
2025-01-01 13:00:00,84,92,140.1,16,73,54
2025-01-01 14:00:00,78,94,140.6,16,73,49
2025-01-01 15:00:00,79,96,138.6,15,77,57
2025-01-01 16:00:00,82,99,139.8,19,74,53
2025-01-01 17:00:00,78,96,139.3,18,72,52
2025-01-01 18:00:00,77,93,145.7,15,78,54
2025-01-01 19:00:00,78,91,139.6,15,72,52
2025-01-01 20:00:00,66,90,130.8,13,69,48
2025-01-01 21:00:00,69,87,129.0,14,71,47
2025-01-01 22:00:00,63,81,123.3,13,66,46
2025-01-01 23:00:00,64,83,121.2,11,67,47
2025-01-02 00:00:00,71,79,134.4,13,68,50
2025-01-02 01:00:00,67,83,128.2,13,67,48
2025-01-02 02:00:00,67,80,127.2,12,69,49
2025-01-02 03:00:00,68,91,131.5,14,67,50
2025-01-02 04:00:00,68,83,134.5,14,72,53
2025-01-02 05:00:00,62,80,123.8,12,62,43
2025-01-02 06:00:00,72,86,130.9,14,71,47
2025-01-02 07:00:00,70,90,137.0,14,68,49
2025-01-02 08:00:00,74,96,136.0,16,74,47
2025-01-02 09:00:00,76,90,130.9,14,71,48
2025-01-02 10:00:00,77,89,131.2,15,74,51
2025-01-02 11:00:00,80,99,141.0,17,77,56
2025-01-02 12:00:00,76,92,137.3,16,75,52
2025-01-02 13:00:00,81,96,143.8,17,75,58
2025-01-02 14:00:00,84,97,140.6,17,80,52
2025-01-02 15:00:00,80,98,140.3,16,76,54
2025-01-02 16:00:00,84,99,142.2,17,78,55
2025-01-02 17:00:00,76,93,140.5,16,75,53
2025-01-02 18:00:00,77,93,141.6,15,71,53
2025-01-02 19:00:00,79,92,144.6,16,74,54
2025-01-02 20:00:00,72,91,134.4,15,72,52
2025-01-02 21:00:00,74,88,139.5,14,71,53
2025-01-02 22:00:00,74,88,132.0,14,72,50
2025-01-02 23:00:00,69,87,130.9,14,73,50
2025-01-03 00:00:00,66,86,124.6,13,67,46
2025-01-03 01:00:00,64,86,128.4,14,69,49
2025-01-03 02:00:00,67,78,126.8,13,67,46
2025-01-03 03:00:00,69,84,121.9,14,70,46
2025-01-03 04:00:00,71,86,134.5,14,71,50
2025-01-03 05:00:00,68,89,133.1,15,71,49
2025-01-03 06:00:00,71,85,129.6,14,71,49
2025-01-03 07:00:00,71,87,132.4,14,72,48
2025-01-03 08:00:00,71,90,128.0,14,71,53
2025-01-03 09:00:00,79,96,137.6,16,74,54
2025-01-03 10:00:00,83,99,148.6,17,79,58
2025-01-03 11:00:00,77,96,134.8,14,70,52
2025-01-03 12:00:00,79,102,142.1,16,75,55
2025-01-03 13:00:00,82,100,138.9,18,76,55
2025-01-03 14:00:00,84,99,145.5,17,78,54
2025-01-03 15:00:00,79,99,142.3,16,77,53
2025-01-03 16:00:00,82,101,146.0,17,77,53
2025-01-03 17:00:00,78,98,141.8,15,75,55
2025-01-03 18:00:00,82,104,148.7,17,79,52
2025-01-03 19:00:00,73,91,132.5,16,72,50
2025-01-03 20:00:00,76,93,134.0,15,74,50
2025-01-03 21:00:00,71,88,129.8,15,74,45
2025-01-03 22:00:00,66,85,123.7,15,70,47
2025-01-03 23:00:00,68,86,129.5,13,75,48
2025-01-04 00:00:00,62,87,125.4,12,51,47
2025-01-04 01:00:00,68,96,133.9,15,58,49
2025-01-04 02:00:00,67,85,123.0,13,57,43
2025-01-04 03:00:00,61,81,122.9,12,51,45
2025-01-04 04:00:00,61,87,128.7,13,53,46
2025-01-04 05:00:00,60,80,124.1,14,52,42
2025-01-04 06:00:00,73,89,128.0,15,57,50
2025-01-04 07:00:00,72,91,133.5,14,57,49
2025-01-04 08:00:00,74,96,134.2,16,64,50
2025-01-04 09:00:00,80,99,141.3,17,61,49
2025-01-04 10:00:00,77,95,137.1,17,60,51
2025-01-04 11:00:00,80,98,146.9,16,61,56
2025-01-04 12:00:00,81,97,141.7,17,61,49
2025-01-04 13:00:00,80,97,141.7,18,59,53
2025-01-04 14:00:00,83,102,144.8,18,64,53
2025-01-04 15:00:00,83,96,144.0,18,61,56
2025-01-04 16:00:00,80,99,141.1,16,58,52
2025-01-04 17:00:00,78,95,141.3,17,60,54
2025-01-04 18:00:00,78,99,139.1,16,61,54
2025-01-04 19:00:00,72,102,141.6,15,60,52
2025-01-04 20:00:00,74,89,135.3,14,55,52
2025-01-04 21:00:00,67,85,127.8,13,55,47
2025-01-04 22:00:00,71,89,135.0,14,56,51
2025-01-04 23:00:00,68,88,131.4,13,54,47
2025-01-05 00:00:00,68,88,132.5,13,56,47
2025-01-05 01:00:00,68,85,129.2,13,55,46
2025-01-05 02:00:00,64,86,125.8,14,55,47
2025-01-05 03:00:00,68,88,130.4,15,54,51
2025-01-05 04:00:00,69,91,130.4,16,56,51
2025-01-05 05:00:00,66,82,129.8,13,55,48
2025-01-05 06:00:00,68,89,134.7,14,56,50
2025-01-05 07:00:00,74,93,137.5,16,58,53
2025-01-05 08:00:00,75,91,140.2,14,58,55
2025-01-05 09:00:00,79,103,145.5,16,60,50
2025-01-05 10:00:00,75,96,136.9,14,61,50
2025-01-05 11:00:00,79,100,143.9,17,61,54
2025-01-05 12:00:00,82,104,140.7,16,60,53
2025-01-05 13:00:00,84,100,145.0,18,59,55
2025-01-05 14:00:00,77,96,135.2,15,61,55
2025-01-05 15:00:00,81,101,142.4,17,59,52
2025-01-05 16:00:00,82,105,140.6,17,62,52
2025-01-05 17:00:00,80,99,144.8,17,59,52
2025-01-05 18:00:00,75,96,135.8,15,59,48
2025-01-05 19:00:00,77,100,142.8,17,60,52
2025-01-05 20:00:00,73,93,135.2,15,59,49
2025-01-05 21:00:00,69,91,126.3,15,56,47
2025-01-05 22:00:00,70,91,131.1,15,57,51
2025-01-05 23:00:00,68,92,129.7,13,54,47
2025-01-06 00:00:00,71,97,135.4,16,72,52
2025-01-06 01:00:00,66,91,134.1,13,69,51
2025-01-06 02:00:00,68,92,136.5,15,70,50
2025-01-06 03:00:00,64,87,126.5,14,68,48
2025-01-06 04:00:00,65,86,123.6,12,66,48
2025-01-06 05:00:00,70,91,129.9,14,68,48
2025-01-06 06:00:00,71,92,135.2,15,75,50
2025-01-06 07:00:00,71,90,132.2,14,72,50
2025-01-06 08:00:00,74,95,131.8,15,78,51
2025-01-06 09:00:00,74,100,136.3,16,74,51
2025-01-06 10:00:00,83,101,148.3,17,79,57
2025-01-06 11:00:00,83,103,146.0,17,76,55
2025-01-06 12:00:00,84,104,146.1,17,81,56
2025-01-06 13:00:00,78,102,140.5,16,72,54
2025-01-06 14:00:00,81,102,142.2,16,78,52
2025-01-06 15:00:00,81,100,144.0,17,77,57
2025-01-06 16:00:00,79,109,145.0,15,80,56
2025-01-06 17:00:00,83,102,146.9,17,77,53
2025-01-06 18:00:00,82,99,145.0,17,77,56
2025-01-06 19:00:00,81,95,141.1,16,72,53
2025-01-06 20:00:00,75,106,142.2,15,71,55
2025-01-06 21:00:00,72,90,131.6,15,72,51
2025-01-06 22:00:00,74,91,134.4,15,74,51
2025-01-06 23:00:00,69,92,135.9,14,71,53
2025-01-07 00:00:00,67,93,131.2,13,70,50
2025-01-07 01:00:00,64,93,128.2,14,69,47
2025-01-07 02:00:00,72,96,135.7,16,72,46
2025-01-07 03:00:00,68,91,127.6,14,71,45
2025-01-07 04:00:00,65,87,128.5,13,66,46
2025-01-07 05:00:00,70,91,137.3,15,71,52
2025-01-07 06:00:00,72,94,132.3,15,70,47
2025-01-07 07:00:00,76,103,140.8,17,77,50
2025-01-07 08:00:00,73,93,135.0,15,70,50
2025-01-07 09:00:00,83,104,144.9,15,77,54
2025-01-07 10:00:00,79,102,142.0,15,77,54
2025-01-07 11:00:00,86,106,150.1,17,77,59
2025-01-07 12:00:00,84,104,142.5,18,76,53
2025-01-07 13:00:00,83,102,147.0,17,82,55
2025-01-07 14:00:00,84,108,147.6,18,81,57
2025-01-07 15:00:00,86,107,143.4,17,80,53
2025-01-07 16:00:00,84,108,148.2,19,80,58
2025-01-07 17:00:00,79,103,142.6,16,73,51
2025-01-07 18:00:00,76,99,136.8,16,76,51
2025-01-07 19:00:00,77,94,138.4,15,78,50
2025-01-07 20:00:00,74,100,134.1,15,73,53
2025-01-07 21:00:00,73,97,134.6,16,77,51
2025-01-07 22:00:00,73,90,134.0,15,71,50
2025-01-07 23:00:00,70,90,126.7,12,71,45
2025-01-08 00:00:00,66,90,126.2,14,66,49
2025-01-08 01:00:00,70,86,127.4,14,71,49
2025-01-08 02:00:00,68,88,130.2,14,70,47
2025-01-08 03:00:00,69,87,131.7,15,69,49
2025-01-08 04:00:00,62,90,124.5,13,66,47
2025-01-08 05:00:00,70,90,129.3,16,71,49
2025-01-08 06:00:00,72,89,133.4,15,70,49
2025-01-08 07:00:00,80,104,143.5,15,79,57
2025-01-08 08:00:00,73,103,136.6,16,74,51
2025-01-08 09:00:00,80,98,146.8,17,75,55
2025-01-08 10:00:00,84,104,146.5,16,80,57
2025-01-08 11:00:00,77,106,141.5,16,75,54
2025-01-08 12:00:00,85,110,147.6,19,81,58
2025-01-08 13:00:00,84,104,149.1,17,78,60
2025-01-08 14:00:00,84,111,150.0,18,75,55
2025-01-08 15:00:00,82,105,139.6,18,79,53
2025-01-08 16:00:00,83,101,142.3,16,77,52
2025-01-08 17:00:00,81,107,143.5,17,78,53
2025-01-08 18:00:00,80,107,144.8,16,78,53
2025-01-08 19:00:00,82,110,148.9,17,79,56
2025-01-08 20:00:00,79,95,136.1,16,75,53
2025-01-08 21:00:00,76,99,138.5,17,80,51
2025-01-08 22:00:00,71,93,139.2,15,73,52
2025-01-08 23:00:00,69,96,133.7,14,68,48
2025-01-09 00:00:00,65,88,125.9,14,65,45
2025-01-09 01:00:00,70,88,126.9,15,71,45
2025-01-09 02:00:00,67,89,128.1,12,68,47
2025-01-09 03:00:00,71,93,130.3,15,73,48
2025-01-09 04:00:00,67,91,129.4,14,70,48
2025-01-09 05:00:00,69,97,135.4,15,72,49
2025-01-09 06:00:00,74,100,138.0,17,72,52
2025-01-09 07:00:00,74,100,136.8,15,75,51
2025-01-09 08:00:00,75,106,135.1,17,75,49
2025-01-09 09:00:00,83,103,147.7,18,76,56
2025-01-09 10:00:00,77,100,139.1,16,73,52
2025-01-09 11:00:00,85,110,149.5,18,83,56
2025-01-09 12:00:00,85,105,143.9,18,80,57
2025-01-09 13:00:00,82,111,145.7,18,77,56
2025-01-09 14:00:00,83,113,147.1,19,78,61
2025-01-09 15:00:00,84,109,143.6,17,79,53
2025-01-09 16:00:00,79,102,139.5,16,77,53
2025-01-09 17:00:00,85,102,146.2,16,76,53
2025-01-09 18:00:00,81,109,146.5,19,77,54
2025-01-09 19:00:00,80,101,140.6,15,72,49
2025-01-09 20:00:00,77,100,136.8,17,75,52
2025-01-09 21:00:00,75,101,138.0,16,77,54
2025-01-09 22:00:00,73,98,139.0,15,70,51
2025-01-09 23:00:00,74,95,133.3,14,72,47
2025-01-10 00:00:00,67,93,131.2,14,69,53
2025-01-10 01:00:00,72,92,132.4,15,70,49
2025-01-10 02:00:00,66,96,134.7,14,69,49
2025-01-10 03:00:00,71,95,132.9,13,69,51
2025-01-10 04:00:00,65,93,132.2,14,67,47
2025-01-10 05:00:00,71,99,138.8,14,73,50
2025-01-10 06:00:00,72,97,140.5,16,73,54
2025-01-10 07:00:00,72,96,131.5,15,72,52
2025-01-10 08:00:00,75,98,134.1,15,77,50
2025-01-10 09:00:00,74,100,141.5,17,75,50
2025-01-10 10:00:00,78,104,145.0,16,80,56
2025-01-10 11:00:00,85,111,147.0,18,79,51
2025-01-10 12:00:00,83,105,135.9,17,76,53
2025-01-10 13:00:00,83,110,147.4,18,78,53
2025-01-10 14:00:00,87,107,144.5,18,84,54
2025-01-10 15:00:00,81,108,142.9,18,75,54
2025-01-10 16:00:00,81,103,144.2,17,79,52
2025-01-10 17:00:00,81,106,145.5,16,75,54
2025-01-10 18:00:00,82,104,149.5,18,77,55
2025-01-10 19:00:00,79,105,142.1,16,75,53
2025-01-10 20:00:00,76,102,137.3,17,73,52
2025-01-10 21:00:00,68,95,135.4,15,72,50
2025-01-10 22:00:00,75,101,140.5,18,77,53
2025-01-10 23:00:00,70,96,133.2,15,73,52
2025-01-11 00:00:00,70,96,134.2,15,57,53
2025-01-11 01:00:00,67,94,130.3,14,54,49
2025-01-11 02:00:00,66,92,132.1,13,56,49
2025-01-11 03:00:00,73,95,140.6,14,59,49
2025-01-11 04:00:00,66,97,129.4,15,56,43
2025-01-11 05:00:00,66,90,131.1,15,58,48
2025-01-11 06:00:00,76,96,133.3,16,59,53
2025-01-11 07:00:00,76,99,135.8,15,58,51
2025-01-11 08:00:00,76,103,142.2,16,61,55
2025-01-11 09:00:00,83,108,146.7,17,64,55
2025-01-11 10:00:00,81,104,140.6,17,64,53
2025-01-11 11:00:00,83,106,145.8,16,63,54
2025-01-11 12:00:00,84,107,149.7,17,62,58
2025-01-11 13:00:00,85,107,143.4,17,59,54
2025-01-11 14:00:00,86,109,154.2,18,61,56
2025-01-11 15:00:00,91,113,155.2,18,65,56
2025-01-11 16:00:00,82,105,147.2,19,64,57
2025-01-11 17:00:00,82,109,146.9,18,65,56
2025-01-11 18:00:00,76,100,144.7,16,59,54
2025-01-11 19:00:00,78,102,144.5,17,62,52
2025-01-11 20:00:00,81,101,141.9,17,59,55
2025-01-11 21:00:00,79,106,145.5,16,63,53
2025-01-11 22:00:00,71,97,132.9,16,57,51
2025-01-11 23:00:00,69,89,129.9,14,57,47
2025-01-12 00:00:00,65,89,132.7,13,56,46
2025-01-12 01:00:00,67,96,132.9,15,57,49
2025-01-12 02:00:00,70,97,136.4,14,55,52
2025-01-12 03:00:00,68,97,136.7,15,56,52
2025-01-12 04:00:00,67,97,134.3,15,58,50
2025-01-12 05:00:00,73,102,135.9,15,60,53
2025-01-12 06:00:00,72,97,140.9,16,56,53
2025-01-12 07:00:00,72,104,139.7,16,59,52
2025-01-12 08:00:00,70,98,136.5,15,56,46
2025-01-12 09:00:00,77,102,140.8,17,58,51
2025-01-12 10:00:00,75,101,142.6,15,58,55
2025-01-12 11:00:00,78,108,149.1,17,61,54
2025-01-12 12:00:00,87,110,148.8,17,62,56
2025-01-12 13:00:00,85,111,152.3,18,65,56
2025-01-12 14:00:00,85,112,149.1,19,62,54
2025-01-12 15:00:00,83,108,141.0,18,63,52
2025-01-12 16:00:00,81,110,141.8,19,63,53
2025-01-12 17:00:00,82,104,146.1,16,65,53
2025-01-12 18:00:00,82,112,150.6,18,64,56
2025-01-12 19:00:00,77,104,143.3,15,60,52
2025-01-12 20:00:00,75,102,141.6,15,58,53
2025-01-12 21:00:00,73,107,147.8,16,57,56
2025-01-12 22:00:00,71,95,135.7,16,56,53
2025-01-12 23:00:00,69,94,132.1,14,56,49
2025-01-13 00:00:00,68,93,131.5,15,73,47
2025-01-13 01:00:00,69,96,138.7,14,71,54
2025-01-13 02:00:00,69,98,130.4,14,70,49
2025-01-13 03:00:00,71,99,139.3,14,72,50
2025-01-13 04:00:00,75,106,141.0,15,78,52
2025-01-13 05:00:00,71,91,130.2,14,69,47
2025-01-13 06:00:00,76,102,135.9,16,76,53
2025-01-13 07:00:00,72,100,141.6,17,72,55
2025-01-13 08:00:00,75,102,137.2,16,75,52
2025-01-13 09:00:00,80,104,143.9,16,78,56
2025-01-13 10:00:00,82,105,142.2,17,80,54
2025-01-13 11:00:00,83,116,155.4,19,79,63
2025-01-13 12:00:00,87,114,151.6,18,83,57
2025-01-13 13:00:00,83,112,144.0,19,80,50
2025-01-13 14:00:00,88,117,151.8,20,79,59
2025-01-13 15:00:00,84,107,150.9,17,78,56
2025-01-13 16:00:00,80,107,141.1,16,81,55
2025-01-13 17:00:00,80,102,141.6,16,76,54
2025-01-13 18:00:00,86,106,151.5,18,79,56
2025-01-13 19:00:00,80,107,145.4,17,76,54
2025-01-13 20:00:00,83,105,141.9,18,77,51
2025-01-13 21:00:00,72,103,138.2,16,70,50
2025-01-13 22:00:00,74,95,135.7,15,68,51
2025-01-13 23:00:00,66,101,133.4,16,69,51
2025-01-14 00:00:00,71,99,138.4,16,71,53
2025-01-14 01:00:00,72,100,137.4,15,74,50
2025-01-14 02:00:00,69,91,131.5,14,70,51
2025-01-14 03:00:00,68,99,133.1,15,71,49
2025-01-14 04:00:00,72,94,137.8,15,70,52
2025-01-14 05:00:00,70,98,132.6,14,68,52
2025-01-14 06:00:00,73,103,132.3,16,74,50
2025-01-14 07:00:00,74,103,138.8,15,76,50
2025-01-14 08:00:00,74,102,139.8,16,76,54
2025-01-14 09:00:00,84,107,145.6,16,81,56
2025-01-14 10:00:00,80,104,141.9,16,79,54
2025-01-14 11:00:00,87,115,150.7,20,82,55
2025-01-14 12:00:00,87,111,150.4,18,79,59
2025-01-14 13:00:00,84,117,146.6,19,81,56
2025-01-14 14:00:00,88,111,153.3,18,80,55
2025-01-14 15:00:00,86,111,141.9,17,80,54
2025-01-14 16:00:00,81,109,147.7,17,79,55
2025-01-14 17:00:00,85,114,151.2,18,83,57
2025-01-14 18:00:00,78,107,144.7,18,78,54
2025-01-14 19:00:00,84,109,142.3,18,79,54
2025-01-14 20:00:00,79,104,143.6,17,76,56
2025-01-14 21:00:00,73,96,134.6,16,73,50
2025-01-14 22:00:00,76,99,143.9,16,77,53
2025-01-14 23:00:00,67,95,132.7,15,74,49
2025-01-15 00:00:00,69,99,130.8,14,72,51
2025-01-15 01:00:00,68,94,127.0,13,70,49
2025-01-15 02:00:00,76,101,137.9,15,75,47
2025-01-15 03:00:00,67,98,135.2,13,73,47
2025-01-15 04:00:00,66,98,135.9,14,71,46
2025-01-15 05:00:00,69,103,136.2,12,71,51
2025-01-15 06:00:00,77,105,142.0,17,75,55
2025-01-15 07:00:00,74,104,138.5,16,74,52
2025-01-15 08:00:00,77,103,140.8,15,74,53
2025-01-15 09:00:00,80,102,146.3,16,75,53
2025-01-15 10:00:00,81,108,144.1,18,75,56
2025-01-15 11:00:00,83,109,149.5,18,78,55
2025-01-15 12:00:00,86,113,149.1,18,83,59
2025-01-15 13:00:00,84,113,152.2,18,81,56
2025-01-15 14:00:00,86,116,153.5,19,81,61
2025-01-15 15:00:00,86,112,152.6,17,83,55
2025-01-15 16:00:00,87,113,156.6,19,80,57
2025-01-15 17:00:00,83,116,141.5,17,79,56
2025-01-15 18:00:00,75,111,144.7,15,71,56
2025-01-15 19:00:00,81,108,147.1,17,78,55
2025-01-15 20:00:00,79,104,144.3,16,75,51
2025-01-15 21:00:00,75,102,140.3,17,77,47
2025-01-15 22:00:00,73,99,138.1,17,71,54
2025-01-15 23:00:00,70,98,135.9,14,74,51
2025-01-16 00:00:00,73,102,140.9,16,74,53
2025-01-16 01:00:00,72,98,138.6,15,70,50
2025-01-16 02:00:00,68,94,132.3,16,67,48
2025-01-16 03:00:00,78,105,141.9,15,77,55
2025-01-16 04:00:00,67,101,134.0,15,69,47
2025-01-16 05:00:00,71,96,133.6,16,68,52
2025-01-16 06:00:00,70,101,141.5,15,76,54
2025-01-16 07:00:00,78,105,138.7,17,78,55
2025-01-16 08:00:00,76,113,145.8,18,74,55
2025-01-16 09:00:00,76,105,143.1,15,71,55
2025-01-16 10:00:00,81,114,146.3,18,81,52
2025-01-16 11:00:00,86,117,152.7,17,78,57
2025-01-16 12:00:00,83,111,151.7,16,79,57
2025-01-16 13:00:00,84,113,148.4,19,80,57
2025-01-16 14:00:00,85,111,152.9,17,78,58
2025-01-16 15:00:00,85,114,153.4,18,78,60
2025-01-16 16:00:00,89,114,150.3,18,78,57
2025-01-16 17:00:00,86,115,147.8,19,81,54
2025-01-16 18:00:00,82,115,149.1,17,84,54
2025-01-16 19:00:00,85,106,143.4,19,76,57
2025-01-16 20:00:00,77,100,131.4,17,73,50
2025-01-16 21:00:00,73,105,137.8,15,76,52
2025-01-16 22:00:00,75,104,146.4,14,70,55
2025-01-16 23:00:00,74,102,137.2,16,72,52
2025-01-17 00:00:00,69,99,135.7,15,72,50
2025-01-17 01:00:00,68,100,136.1,14,69,52
2025-01-17 02:00:00,72,105,138.0,16,74,53
2025-01-17 03:00:00,70,101,134.6,16,73,52
2025-01-17 04:00:00,74,99,141.7,16,74,53
2025-01-17 05:00:00,74,100,138.0,17,72,49
2025-01-17 06:00:00,72,103,137.6,13,72,49
2025-01-17 07:00:00,79,111,147.4,17,77,57
2025-01-17 08:00:00,81,107,142.0,17,78,53
2025-01-17 09:00:00,77,109,139.4,17,79,53
2025-01-17 10:00:00,79,110,140.0,17,78,51
2025-01-17 11:00:00,85,117,152.8,19,80,58
2025-01-17 12:00:00,87,121,153.6,19,83,60
2025-01-17 13:00:00,86,117,154.5,18,82,61
2025-01-17 14:00:00,86,116,151.3,19,79,54
2025-01-17 15:00:00,85,115,146.6,18,81,57
2025-01-17 16:00:00,84,106,145.5,18,78,53
2025-01-17 17:00:00,87,116,155.0,18,82,62
2025-01-17 18:00:00,81,112,146.1,18,80,59
2025-01-17 19:00:00,87,111,153.8,17,82,59
2025-01-17 20:00:00,82,105,143.8,19,76,54
2025-01-17 21:00:00,79,104,144.8,16,74,54
2025-01-17 22:00:00,75,102,134.2,16,78,53
2025-01-17 23:00:00,78,105,142.1,17,80,54
2025-01-18 00:00:00,70,100,134.3,15,59,51
2025-01-18 01:00:00,70,108,134.1,16,58,49
2025-01-18 02:00:00,69,102,138.8,15,57,51
2025-01-18 03:00:00,67,96,129.9,15,54,49
2025-01-18 04:00:00,71,101,134.3,15,58,51
2025-01-18 05:00:00,73,100,141.1,16,58,54
2025-01-18 06:00:00,72,96,136.3,16,58,51
2025-01-18 07:00:00,78,112,146.9,16,60,54
2025-01-18 08:00:00,79,110,140.1,17,63,53
2025-01-18 09:00:00,85,112,147.2,20,65,56
2025-01-18 10:00:00,84,113,155.3,19,64,57
2025-01-18 11:00:00,85,109,150.9,20,61,53
2025-01-18 12:00:00,85,113,146.9,18,62,54
2025-01-18 13:00:00,83,119,151.2,19,62,54
2025-01-18 14:00:00,81,112,143.9,18,64,56
2025-01-18 15:00:00,89,107,154.4,18,64,56
2025-01-18 16:00:00,84,114,142.6,17,62,57
2025-01-18 17:00:00,82,113,149.0,20,64,54
2025-01-18 18:00:00,83,112,149.2,19,63,57
2025-01-18 19:00:00,82,113,144.7,18,64,58
2025-01-18 20:00:00,81,110,145.1,17,60,56
2025-01-18 21:00:00,81,107,146.0,17,62,59
2025-01-18 22:00:00,79,108,138.9,17,64,50
2025-01-18 23:00:00,69,97,129.9,16,59,51
2025-01-19 00:00:00,74,103,138.9,15,58,50
2025-01-19 01:00:00,70,103,134.1,15,58,52
2025-01-19 02:00:00,69,96,131.9,14,58,49
2025-01-19 03:00:00,66,96,131.4,13,56,49
2025-01-19 04:00:00,66,99,130.0,14,57,48
2025-01-19 05:00:00,72,101,136.8,16,60,50
2025-01-19 06:00:00,73,107,140.6,16,60,53
2025-01-19 07:00:00,78,104,144.5,17,60,55
2025-01-19 08:00:00,77,106,138.2,17,62,49
2025-01-19 09:00:00,81,108,143.5,18,61,53
2025-01-19 10:00:00,87,116,154.1,21,65,59
2025-01-19 11:00:00,81,114,142.9,18,62,54
2025-01-19 12:00:00,84,115,149.8,18,62,58
2025-01-19 13:00:00,87,116,152.0,20,65,54
2025-01-19 14:00:00,89,121,147.3,19,66,57
2025-01-19 15:00:00,88,114,150.7,18,65,59
2025-01-19 16:00:00,89,120,155.9,20,68,58
2025-01-19 17:00:00,85,115,149.6,19,63,56
2025-01-19 18:00:00,83,112,146.8,17,64,58
2025-01-19 19:00:00,84,119,151.7,19,62,51
2025-01-19 20:00:00,74,105,142.6,16,63,52
2025-01-19 21:00:00,76,105,142.5,15,59,52
2025-01-19 22:00:00,74,100,135.7,14,56,52
2025-01-19 23:00:00,75,106,136.3,15,59,53
2025-01-20 00:00:00,71,108,140.3,17,74,54
2025-01-20 01:00:00,69,107,133.8,15,74,48
2025-01-20 02:00:00,71,105,136.3,15,75,51
2025-01-20 03:00:00,75,101,139.7,16,75,51
2025-01-20 04:00:00,69,101,138.5,16,73,53
2025-01-20 05:00:00,74,97,141.1,14,75,53
2025-01-20 06:00:00,80,112,146.6,16,78,55
2025-01-20 07:00:00,77,109,141.5,18,74,53
2025-01-20 08:00:00,76,107,138.6,17,76,54
2025-01-20 09:00:00,83,116,155.5,17,78,59
2025-01-20 10:00:00,82,110,145.9,17,80,54
2025-01-20 11:00:00,83,116,151.3,17,82,56
2025-01-20 12:00:00,84,115,150.4,19,82,58
2025-01-20 13:00:00,88,119,152.5,20,80,56
2025-01-20 14:00:00,89,117,152.1,20,84,59
2025-01-20 15:00:00,84,112,144.7,18,78,51
2025-01-20 16:00:00,86,116,154.6,19,81,58
2025-01-20 17:00:00,87,118,152.6,18,83,56
2025-01-20 18:00:00,82,113,152.2,17,76,63
2025-01-20 19:00:00,81,114,145.9,18,80,50
2025-01-20 20:00:00,76,105,140.1,16,72,52
2025-01-20 21:00:00,74,107,137.4,16,74,50
2025-01-20 22:00:00,80,103,142.3,15,79,55
2025-01-20 23:00:00,73,106,135.8,17,77,53
2025-01-21 00:00:00,75,103,140.8,15,76,52
2025-01-21 01:00:00,76,104,140.8,14,74,47
2025-01-21 02:00:00,71,105,142.4,15,72,56
2025-01-21 03:00:00,72,104,134.0,15,73,52
2025-01-21 04:00:00,72,103,141.6,17,73,56
2025-01-21 05:00:00,68,100,131.2,14,73,48
2025-01-21 06:00:00,71,105,138.8,16,73,52
2025-01-21 07:00:00,76,105,137.9,17,74,51
2025-01-21 08:00:00,77,108,143.7,15,75,49
2025-01-21 09:00:00,85,110,141.3,18,82,53
2025-01-21 10:00:00,81,110,144.2,17,78,52
2025-01-21 11:00:00,87,108,150.0,18,83,57
2025-01-21 12:00:00,84,114,154.7,18,81,55
2025-01-21 13:00:00,92,118,149.3,20,82,58
2025-01-21 14:00:00,87,113,150.8,18,80,58
2025-01-21 15:00:00,88,117,151.6,19,81,53
2025-01-21 16:00:00,86,123,148.4,19,81,51
2025-01-21 17:00:00,87,119,149.6,18,84,55
2025-01-21 18:00:00,89,119,152.8,21,81,59
2025-01-21 19:00:00,81,113,148.4,16,78,60
2025-01-21 20:00:00,79,113,146.3,17,78,53
2025-01-21 21:00:00,75,105,136.6,16,76,50
2025-01-21 22:00:00,78,103,136.2,16,77,49
2025-01-21 23:00:00,72,94,136.1,15,73,50
2025-01-22 00:00:00,76,107,141.4,15,75,52
2025-01-22 01:00:00,73,107,144.9,15,73,56
2025-01-22 02:00:00,70,100,134.3,14,72,47
2025-01-22 03:00:00,72,101,140.3,15,72,54
2025-01-22 04:00:00,73,100,139.4,15,72,53
2025-01-22 05:00:00,73,105,141.5,16,73,51
2025-01-22 06:00:00,79,110,146.1,16,77,53
2025-01-22 07:00:00,76,101,141.1,16,77,52
2025-01-22 08:00:00,73,111,134.5,16,73,49
2025-01-22 09:00:00,83,111,146.8,17,76,55
2025-01-22 10:00:00,80,114,144.8,18,79,51
2025-01-22 11:00:00,87,117,156.4,19,80,58
2025-01-22 12:00:00,88,116,149.7,19,80,56
2025-01-22 13:00:00,87,117,151.9,19,81,58
2025-01-22 14:00:00,88,117,155.6,17,80,61
2025-01-22 15:00:00,90,121,156.9,21,87,59
2025-01-22 16:00:00,85,118,152.1,17,79,55
2025-01-22 17:00:00,87,116,155.3,17,81,55
2025-01-22 18:00:00,84,109,148.9,18,80,57
2025-01-22 19:00:00,85,110,147.2,18,81,56
2025-01-22 20:00:00,77,113,140.5,17,74,52
2025-01-22 21:00:00,78,108,144.6,16,77,54
2025-01-22 22:00:00,73,108,137.8,16,71,53
2025-01-22 23:00:00,72,110,139.7,17,75,53
2025-01-23 00:00:00,74,107,143.3,15,74,54
2025-01-23 01:00:00,71,102,136.4,14,74,54
2025-01-23 02:00:00,73,100,136.1,15,74,51
2025-01-23 03:00:00,67,93,130.6,15,70,47
2025-01-23 04:00:00,71,102,136.3,16,73,53
2025-01-23 05:00:00,73,103,135.6,16,71,50
2025-01-23 06:00:00,73,107,144.9,17,73,51
2025-01-23 07:00:00,75,107,139.4,17,78,53
2025-01-23 08:00:00,81,109,148.2,17,78,57
2025-01-23 09:00:00,78,106,139.5,18,77,51
2025-01-23 10:00:00,85,111,150.5,17,78,58
2025-01-23 11:00:00,87,117,152.8,19,83,58
2025-01-23 12:00:00,84,123,152.5,20,80,56
2025-01-23 13:00:00,88,117,153.7,17,79,58
2025-01-23 14:00:00,89,119,155.5,19,82,57
2025-01-23 15:00:00,89,121,154.3,20,85,58
2025-01-23 16:00:00,85,114,149.4,18,76,60
2025-01-23 17:00:00,83,117,151.3,19,81,56
2025-01-23 18:00:00,86,111,146.1,17,80,55
2025-01-23 19:00:00,81,115,144.3,17,84,53
2025-01-23 20:00:00,77,110,144.0,17,81,53
2025-01-23 21:00:00,78,109,137.8,16,73,49
2025-01-23 22:00:00,72,103,132.8,16,76,49
2025-01-23 23:00:00,71,107,144.1,16,73,52
2025-01-24 00:00:00,73,110,145.6,15,74,53
2025-01-24 01:00:00,68,99,132.1,15,70,47
2025-01-24 02:00:00,68,101,137.4,15,70,56
2025-01-24 03:00:00,73,103,141.7,16,76,51
2025-01-24 04:00:00,72,106,140.3,16,69,51
2025-01-24 05:00:00,76,102,139.7,15,73,53
2025-01-24 06:00:00,70,96,135.8,17,73,51
2025-01-24 07:00:00,74,113,144.7,19,71,55
2025-01-24 08:00:00,80,113,148.3,19,77,55
2025-01-24 09:00:00,84,106,141.9,18,76,52
2025-01-24 10:00:00,84,112,154.6,18,80,61
2025-01-24 11:00:00,94,121,165.8,20,85,61
2025-01-24 12:00:00,88,122,149.3,20,84,56
2025-01-24 13:00:00,88,121,156.2,20,78,59
2025-01-24 14:00:00,81,117,155.2,17,80,59
2025-01-24 15:00:00,88,118,156.4,19,80,60
2025-01-24 16:00:00,86,116,154.8,20,84,57
2025-01-24 17:00:00,85,120,147.6,19,80,56
2025-01-24 18:00:00,82,111,149.3,18,77,53
2025-01-24 19:00:00,80,109,145.9,18,76,59
2025-01-24 20:00:00,79,113,148.6,18,79,54
2025-01-24 21:00:00,82,108,142.8,18,79,56
2025-01-24 22:00:00,75,111,139.4,16,75,50
2025-01-24 23:00:00,73,102,137.5,15,71,53
2025-01-25 00:00:00,71,103,135.8,15,56,48
2025-01-25 01:00:00,72,99,135.9,15,59,52
2025-01-25 02:00:00,71,102,135.4,15,59,54
2025-01-25 03:00:00,69,97,133.0,15,58,50
2025-01-25 04:00:00,66,101,131.6,14,59,50
2025-01-25 05:00:00,72,99,136.5,15,57,53
2025-01-25 06:00:00,75,108,137.2,16,63,50
2025-01-25 07:00:00,77,110,145.4,16,62,56
2025-01-25 08:00:00,74,104,140.4,18,59,51
2025-01-25 09:00:00,86,117,147.9,19,64,60
2025-01-25 10:00:00,88,123,158.8,19,64,57
2025-01-25 11:00:00,88,116,150.4,18,64,57
2025-01-25 12:00:00,88,115,156.0,18,65,57
2025-01-25 13:00:00,91,128,159.8,20,69,63
2025-01-25 14:00:00,83,113,151.6,19,62,62
2025-01-25 15:00:00,91,118,156.2,20,70,60
2025-01-25 16:00:00,84,118,152.3,19,64,61
2025-01-25 17:00:00,85,120,155.5,20,64,60
2025-01-25 18:00:00,85,115,156.3,18,62,62
2025-01-25 19:00:00,82,110,150.4,19,62,58
2025-01-25 20:00:00,79,107,145.2,17,64,58
2025-01-25 21:00:00,75,107,137.3,17,63,55
2025-01-25 22:00:00,72,102,130.5,17,60,48
2025-01-25 23:00:00,79,105,142.8,16,61,53
2025-01-26 00:00:00,71,101,134.4,15,56,50
2025-01-26 01:00:00,69,97,131.7,15,53,48
2025-01-26 02:00:00,70,106,137.5,15,59,52
2025-01-26 03:00:00,71,100,138.3,15,57,54
2025-01-26 04:00:00,71,99,133.7,15,57,51
2025-01-26 05:00:00,73,104,141.3,14,60,52
2025-01-26 06:00:00,76,106,141.5,17,58,53
2025-01-26 07:00:00,79,102,142.3,16,63,50
2025-01-26 08:00:00,78,111,150.0,15,64,53
2025-01-26 09:00:00,80,108,145.5,18,63,54
2025-01-26 10:00:00,83,120,150.7,19,64,58
2025-01-26 11:00:00,86,117,153.5,18,64,57
2025-01-26 12:00:00,84,115,155.5,19,63,59
2025-01-26 13:00:00,85,115,150.2,19,65,56
2025-01-26 14:00:00,83,118,151.6,18,65,56
2025-01-26 15:00:00,88,120,153.6,19,66,56
2025-01-26 16:00:00,87,117,152.1,19,67,58
2025-01-26 17:00:00,89,115,151.6,19,66,57
2025-01-26 18:00:00,84,114,148.0,18,65,56
2025-01-26 19:00:00,79,110,150.0,18,62,55
2025-01-26 20:00:00,75,109,140.2,17,58,54
2025-01-26 21:00:00,72,101,132.1,15,60,50
2025-01-26 22:00:00,72,109,140.7,17,63,53
2025-01-26 23:00:00,78,105,145.6,16,61,53
2025-01-27 00:00:00,72,100,140.3,17,72,50
2025-01-27 01:00:00,71,109,135.8,16,75,51
2025-01-27 02:00:00,68,102,138.4,16,71,48
2025-01-27 03:00:00,68,98,139.6,14,71,53
2025-01-27 04:00:00,71,106,136.1,14,73,50
2025-01-27 05:00:00,77,106,141.2,17,74,51
2025-01-27 06:00:00,75,107,137.5,15,74,49
2025-01-27 07:00:00,73,106,144.9,15,74,56
2025-01-27 08:00:00,85,111,144.7,18,79,50
2025-01-27 09:00:00,78,111,143.2,16,78,55
2025-01-27 10:00:00,82,116,151.1,18,80,57
2025-01-27 11:00:00,86,109,146.9,18,81,57
2025-01-27 12:00:00,87,115,148.6,17,80,54
2025-01-27 13:00:00,87,124,154.8,19,81,57
2025-01-27 14:00:00,83,115,156.5,18,77,59
2025-01-27 15:00:00,84,115,149.0,17,82,56
2025-01-27 16:00:00,83,115,148.8,17,78,58
2025-01-27 17:00:00,83,111,144.8,17,78,55
2025-01-27 18:00:00,81,106,146.1,17,80,58
2025-01-27 19:00:00,80,111,148.7,17,77,56
2025-01-27 20:00:00,79,110,143.0,17,73,57
2025-01-27 21:00:00,74,108,142.3,18,75,56
2025-01-27 22:00:00,75,105,139.0,17,74,55
2025-01-27 23:00:00,76,104,135.3,17,74,49
2025-01-28 00:00:00,72,106,140.5,17,73,55
2025-01-28 01:00:00,70,101,142.2,15,68,52
2025-01-28 02:00:00,70,100,131.8,15,68,49
2025-01-28 03:00:00,73,101,138.5,17,73,53
2025-01-28 04:00:00,70,105,141.0,16,74,51
2025-01-28 05:00:00,78,109,143.4,17,76,50
2025-01-28 06:00:00,75,103,135.7,17,74,51
2025-01-28 07:00:00,77,108,142.8,16,76,57
2025-01-28 08:00:00,82,111,151.6,17,80,56
2025-01-28 09:00:00,77,108,141.3,16,76,53
2025-01-28 10:00:00,84,114,150.2,18,79,57
2025-01-28 11:00:00,84,110,145.1,18,78,54
2025-01-28 12:00:00,82,110,146.5,17,77,55
2025-01-28 13:00:00,88,119,155.0,20,82,59
2025-01-28 14:00:00,87,116,152.8,18,84,57
2025-01-28 15:00:00,86,118,151.2,20,82,60
2025-01-28 16:00:00,88,116,154.3,17,80,62
2025-01-28 17:00:00,82,112,149.6,18,78,57
2025-01-28 18:00:00,83,113,151.2,19,81,56
2025-01-28 19:00:00,79,107,143.2,17,77,55
2025-01-28 20:00:00,79,115,144.3,18,75,52
2025-01-28 21:00:00,76,103,146.6,16,76,52
2025-01-28 22:00:00,74,105,140.2,17,73,52
2025-01-28 23:00:00,68,100,133.7,14,69,52
2025-01-29 00:00:00,68,104,131.0,15,72,51
2025-01-29 01:00:00,72,100,134.4,17,71,51
2025-01-29 02:00:00,67,100,131.3,15,72,50
2025-01-29 03:00:00,72,105,139.9,16,74,52
2025-01-29 04:00:00,72,103,136.4,16,76,51
2025-01-29 05:00:00,72,106,139.0,16,74,49
2025-01-29 06:00:00,78,102,137.3,15,75,54
2025-01-29 07:00:00,76,102,144.2,16,74,53
2025-01-29 08:00:00,81,110,143.6,17,77,56
2025-01-29 09:00:00,81,110,147.1,18,79,55
2025-01-29 10:00:00,83,116,147.7,17,76,54
2025-01-29 11:00:00,84,115,149.0,19,80,54
2025-01-29 12:00:00,90,117,151.8,18,80,56
2025-01-29 13:00:00,88,111,151.9,18,85,58
2025-01-29 14:00:00,94,124,156.3,19,86,62
2025-01-29 15:00:00,87,117,153.2,18,82,59
2025-01-29 16:00:00,84,119,151.0,19,80,55
2025-01-29 17:00:00,83,112,149.8,19,76,54
2025-01-29 18:00:00,80,114,149.3,18,78,57
2025-01-29 19:00:00,81,107,144.4,16,78,58
2025-01-29 20:00:00,78,111,145.4,15,75,56
2025-01-29 21:00:00,68,106,135.3,16,72,54
2025-01-29 22:00:00,81,105,148.3,16,78,55
2025-01-29 23:00:00,72,106,137.9,15,74,51
2025-01-30 00:00:00,69,98,133.3,16,72,52
2025-01-30 01:00:00,74,99,136.3,15,75,48
2025-01-30 02:00:00,68,103,132.7,15,74,50
2025-01-30 03:00:00,75,109,148.2,17,74,56
2025-01-30 04:00:00,70,102,137.4,16,76,54
2025-01-30 05:00:00,70,105,137.6,16,77,49
2025-01-30 06:00:00,79,105,141.2,15,75,53
2025-01-30 07:00:00,81,114,150.5,17,80,55
2025-01-30 08:00:00,79,103,140.8,16,80,53
2025-01-30 09:00:00,82,111,147.4,18,81,53
2025-01-30 10:00:00,83,107,152.8,16,75,58
2025-01-30 11:00:00,79,106,140.4,17,76,53
2025-01-30 12:00:00,86,117,153.6,19,80,57
2025-01-30 13:00:00,84,117,151.7,19,82,58
2025-01-30 14:00:00,83,116,151.1,17,81,58
2025-01-30 15:00:00,87,116,151.7,19,79,60
2025-01-30 16:00:00,92,127,157.1,21,83,59
2025-01-30 17:00:00,83,114,149.5,19,76,59
2025-01-30 18:00:00,83,115,147.5,18,79,54
2025-01-30 19:00:00,77,109,136.2,16,76,50
2025-01-30 20:00:00,79,110,142.3,17,78,57
2025-01-30 21:00:00,78,106,141.9,17,80,56
2025-01-30 22:00:00,76,104,137.4,17,75,48
2025-01-30 23:00:00,76,110,143.1,17,75,49
2025-01-31 00:00:00,71,106,135.8,15,75,54
2025-01-31 01:00:00,69,101,135.1,16,71,50
2025-01-31 02:00:00,70,92,139.3,15,71,50
2025-01-31 03:00:00,72,100,140.4,15,73,53
2025-01-31 04:00:00,73,111,143.4,16,73,52
2025-01-31 05:00:00,71,102,142.5,15,72,53
2025-01-31 06:00:00,78,108,143.6,18,75,53
2025-01-31 07:00:00,77,112,143.7,16,78,53
2025-01-31 08:00:00,80,109,142.4,17,75,50
2025-01-31 09:00:00,79,108,148.1,18,75,53
2025-01-31 10:00:00,78,104,147.7,17,74,57
2025-01-31 11:00:00,89,117,156.3,18,80,60
2025-01-31 12:00:00,85,113,154.0,19,83,58
2025-01-31 13:00:00,85,117,142.8,17,82,56
2025-01-31 14:00:00,82,112,154.5,17,79,58
2025-01-31 15:00:00,83,115,148.9,18,78,53
2025-01-31 16:00:00,85,116,157.5,18,80,57
2025-01-31 17:00:00,89,115,158.5,18,85,61
2025-01-31 18:00:00,80,109,147.3,16,77,52
2025-01-31 19:00:00,85,115,149.6,19,78,55
2025-01-31 20:00:00,77,106,143.1,15,78,52
2025-01-31 21:00:00,72,101,131.1,15,72,50
2025-01-31 22:00:00,73,104,141.7,16,73,52
2025-01-31 23:00:00,69,103,128.5,15,72,48
2025-02-01 00:00:00,69,102,134.6,14,57,51
2025-02-01 01:00:00,69,105,141.5,14,59,53
2025-02-01 02:00:00,65,99,134.1,13,55,51
2025-02-01 03:00:00,74,100,133.4,14,59,50
2025-02-01 04:00:00,71,97,130.9,15,59,47
2025-02-01 05:00:00,72,105,136.5,15,61,48
2025-02-01 06:00:00,75,105,140.5,16,58,53
2025-02-01 07:00:00,74,104,142.0,16,61,53
2025-02-01 08:00:00,70,101,137.6,16,59,51
2025-02-01 09:00:00,89,115,150.1,19,67,56
2025-02-01 10:00:00,82,108,147.6,17,62,55
2025-02-01 11:00:00,82,112,149.6,17,62,53
2025-02-01 12:00:00,81,116,149.7,18,60,53
2025-02-01 13:00:00,81,112,154.3,18,63,63
2025-02-01 14:00:00,89,111,153.9,19,68,54
2025-02-01 15:00:00,88,108,152.9,17,65,56
2025-02-01 16:00:00,88,117,158.9,18,65,57
2025-02-01 17:00:00,81,112,149.2,17,63,53
2025-02-01 18:00:00,89,122,154.0,18,64,57
2025-02-01 19:00:00,81,107,148.4,17,61,53
2025-02-01 20:00:00,79,105,141.8,18,62,55
2025-02-01 21:00:00,77,104,138.3,18,61,52
2025-02-01 22:00:00,71,105,134.9,16,58,51
2025-02-01 23:00:00,69,101,138.8,16,60,52
2025-02-02 00:00:00,70,103,138.5,15,56,50
2025-02-02 01:00:00,71,96,137.9,16,58,50
2025-02-02 02:00:00,65,95,132.2,14,57,51
2025-02-02 03:00:00,68,93,132.4,15,58,49
2025-02-02 04:00:00,68,93,132.8,15,56,50
2025-02-02 05:00:00,74,100,139.7,16,60,52
2025-02-02 06:00:00,75,102,138.0,15,60,52
2025-02-02 07:00:00,73,103,134.5,15,62,47
2025-02-02 08:00:00,83,112,146.6,19,64,56
2025-02-02 09:00:00,79,114,147.5,18,64,60
2025-02-02 10:00:00,85,110,146.6,18,62,56
2025-02-02 11:00:00,81,107,151.3,18,62,60
2025-02-02 12:00:00,85,112,150.9,19,65,57
2025-02-02 13:00:00,86,113,150.8,19,65,57
2025-02-02 14:00:00,86,113,148.8,19,63,57
2025-02-02 15:00:00,87,113,153.8,18,61,54
2025-02-02 16:00:00,86,112,146.2,19,61,52
2025-02-02 17:00:00,85,112,150.6,17,62,56
2025-02-02 18:00:00,83,109,145.7,18,67,58
2025-02-02 19:00:00,77,110,144.2,17,56,53
2025-02-02 20:00:00,79,109,145.9,16,61,56
2025-02-02 21:00:00,74,102,135.2,16,59,49
2025-02-02 22:00:00,72,108,134.8,16,59,52
2025-02-02 23:00:00,71,98,132.5,14,57,47
2025-02-03 00:00:00,70,94,135.8,15,69,53
2025-02-03 01:00:00,71,100,137.3,15,74,51
2025-02-03 02:00:00,71,96,133.8,14,69,50
2025-02-03 03:00:00,74,100,143.7,16,77,55
2025-02-03 04:00:00,69,91,135.8,15,71,53
2025-02-03 05:00:00,75,106,143.8,16,73,50
2025-02-03 06:00:00,75,105,138.1,16,73,53
2025-02-03 07:00:00,76,99,142.4,15,77,50
2025-02-03 08:00:00,78,102,142.0,16,73,52
2025-02-03 09:00:00,82,115,146.0,17,79,50
2025-02-03 10:00:00,87,108,148.9,19,80,56
2025-02-03 11:00:00,82,109,143.2,18,78,54
2025-02-03 12:00:00,86,106,146.1,19,80,57
2025-02-03 13:00:00,82,113,144.6,17,80,55
2025-02-03 14:00:00,88,114,154.9,19,82,58
2025-02-03 15:00:00,90,117,154.3,20,85,60
2025-02-03 16:00:00,79,109,141.5,16,77,56
2025-02-03 17:00:00,83,107,147.7,17,77,58
2025-02-03 18:00:00,84,112,149.1,17,77,60
2025-02-03 19:00:00,82,112,150.5,18,79,55
2025-02-03 20:00:00,77,101,141.1,16,76,55
2025-02-03 21:00:00,77,108,138.8,17,73,49
2025-02-03 22:00:00,71,103,135.7,14,74,48
2025-02-03 23:00:00,79,105,139.6,18,75,53
2025-02-04 00:00:00,69,99,136.3,15,70,50
2025-02-04 01:00:00,68,89,134.0,15,70,51
2025-02-04 02:00:00,68,97,128.5,15,67,49
2025-02-04 03:00:00,65,102,132.6,14,73,52
2025-02-04 04:00:00,67,96,135.8,13,72,51
2025-02-04 05:00:00,68,99,129.1,14,69,49
2025-02-04 06:00:00,76,101,138.6,17,74,50
2025-02-04 07:00:00,71,94,134.1,13,72,50
2025-02-04 08:00:00,78,112,148.1,19,75,57
2025-02-04 09:00:00,76,105,142.9,17,74,59
2025-02-04 10:00:00,83,112,150.0,18,78,55
2025-02-04 11:00:00,82,111,148.8,17,78,58
2025-02-04 12:00:00,89,117,152.5,20,82,58
2025-02-04 13:00:00,87,115,156.6,18,81,59
2025-02-04 14:00:00,84,113,147.4,18,80,54
2025-02-04 15:00:00,87,111,141.8,19,80,53
2025-02-04 16:00:00,86,116,145.7,20,81,55
2025-02-04 17:00:00,82,105,144.5,17,80,56
2025-02-04 18:00:00,79,112,144.5,17,78,57
2025-02-04 19:00:00,79,104,140.9,17,79,52
2025-02-04 20:00:00,80,110,145.9,17,75,54
2025-02-04 21:00:00,79,104,146.5,18,75,56
2025-02-04 22:00:00,72,104,139.8,15,74,51
2025-02-04 23:00:00,78,101,142.6,15,76,56
2025-02-05 00:00:00,70,92,129.5,15,70,50
2025-02-05 01:00:00,65,94,128.6,13,70,46
2025-02-05 02:00:00,68,100,136.0,15,71,52
2025-02-05 03:00:00,73,98,137.2,16,75,52
2025-02-05 04:00:00,75,102,140.7,16,72,52
2025-02-05 05:00:00,72,101,139.0,15,73,53
2025-02-05 06:00:00,73,98,137.0,14,72,49
2025-02-05 07:00:00,72,100,141.4,16,74,52
2025-02-05 08:00:00,81,106,142.9,17,78,55
2025-02-05 09:00:00,75,99,135.9,17,73,50
2025-02-05 10:00:00,85,115,145.4,19,82,56
2025-02-05 11:00:00,87,112,153.2,17,81,55
2025-02-05 12:00:00,86,116,149.9,19,78,56
2025-02-05 13:00:00,86,107,152.4,17,79,58
2025-02-05 14:00:00,92,118,156.4,20,88,58
2025-02-05 15:00:00,88,121,153.6,20,82,58
2025-02-05 16:00:00,83,107,143.3,19,79,55
2025-02-05 17:00:00,84,114,151.8,18,80,55
2025-02-05 18:00:00,80,109,144.9,18,77,49
2025-02-05 19:00:00,76,102,140.9,17,78,51
2025-02-05 20:00:00,79,107,145.6,17,78,50
2025-02-05 21:00:00,76,106,142.1,15,76,55
2025-02-05 22:00:00,74,99,134.9,16,73,53
2025-02-05 23:00:00,69,104,137.7,16,74,49
2025-02-06 00:00:00,68,91,133.8,14,69,48
2025-02-06 01:00:00,70,91,133.8,14,72,49
2025-02-06 02:00:00,66,97,133.8,14,74,48
2025-02-06 03:00:00,69,97,136.0,15,74,49
2025-02-06 04:00:00,65,95,129.1,14,69,44
2025-02-06 05:00:00,69,101,134.0,15,72,50
2025-02-06 06:00:00,76,102,146.6,16,72,53
2025-02-06 07:00:00,75,105,144.6,16,74,51
2025-02-06 08:00:00,82,104,144.3,15,73,53
2025-02-06 09:00:00,81,108,147.6,17,79,56
2025-02-06 10:00:00,82,107,143.0,17,76,54
2025-02-06 11:00:00,82,117,147.7,18,79,57
2025-02-06 12:00:00,83,108,142.8,17,77,58
2025-02-06 13:00:00,85,119,153.1,19,83,57
2025-02-06 14:00:00,83,112,149.0,19,82,59
2025-02-06 15:00:00,85,107,151.3,18,82,54
2025-02-06 16:00:00,88,116,152.0,19,79,51
2025-02-06 17:00:00,84,110,151.5,20,80,55
2025-02-06 18:00:00,80,111,147.9,17,76,55
2025-02-06 19:00:00,81,111,154.0,18,78,55
2025-02-06 20:00:00,73,105,144.2,17,76,55
2025-02-06 21:00:00,78,100,145.1,16,75,53
2025-02-06 22:00:00,71,104,139.8,16,73,51
2025-02-06 23:00:00,69,99,131.4,15,70,49
2025-02-07 00:00:00,71,99,136.4,14,74,53
2025-02-07 01:00:00,67,88,136.3,14,69,49
2025-02-07 02:00:00,69,97,135.2,15,70,49
2025-02-07 03:00:00,66,93,127.8,13,70,50
2025-02-07 04:00:00,74,102,140.0,15,76,55
2025-02-07 05:00:00,67,100,130.8,14,68,52
2025-02-07 06:00:00,69,100,132.5,14,73,52
2025-02-07 07:00:00,75,103,141.0,16,73,48
2025-02-07 08:00:00,73,100,139.5,16,74,50
2025-02-07 09:00:00,84,111,145.9,17,78,59
2025-02-07 10:00:00,80,114,145.3,18,76,56
2025-02-07 11:00:00,87,110,145.9,17,79,59
2025-02-07 12:00:00,88,116,152.5,19,82,59
2025-02-07 13:00:00,87,109,144.1,18,81,56
2025-02-07 14:00:00,89,108,150.0,19,80,58
2025-02-07 15:00:00,85,111,149.5,17,80,56
2025-02-07 16:00:00,82,112,142.1,18,77,54
2025-02-07 17:00:00,82,108,143.0,18,77,52
2025-02-07 18:00:00,80,109,145.1,17,76,53
2025-02-07 19:00:00,78,106,142.1,16,75,52
2025-02-07 20:00:00,76,100,139.1,14,72,53
2025-02-07 21:00:00,75,103,140.4,17,74,54
2025-02-07 22:00:00,72,102,132.4,17,75,51
2025-02-07 23:00:00,71,98,137.4,15,72,55
2025-02-08 00:00:00,72,99,135.6,14,58,52
2025-02-08 01:00:00,70,90,130.2,13,58,50
2025-02-08 02:00:00,65,96,125.1,15,55,44
2025-02-08 03:00:00,67,90,129.2,14,56,45
2025-02-08 04:00:00,68,91,132.8,13,54,50
2025-02-08 05:00:00,67,94,132.2,16,56,48
2025-02-08 06:00:00,71,95,135.1,16,57,51
2025-02-08 07:00:00,74,98,136.7,16,56,49
2025-02-08 08:00:00,78,101,140.9,16,60,53
2025-02-08 09:00:00,80,107,141.1,18,58,52
2025-02-08 10:00:00,78,105,142.6,17,60,54
2025-02-08 11:00:00,86,102,145.2,17,64,56
2025-02-08 12:00:00,87,113,147.8,19,63,57
2025-02-08 13:00:00,85,107,150.1,19,62,54
2025-02-08 14:00:00,87,110,145.5,19,62,55
2025-02-08 15:00:00,86,112,151.3,17,64,60
2025-02-08 16:00:00,87,110,151.9,17,63,56
2025-02-08 17:00:00,84,112,146.9,17,63,54
2025-02-08 18:00:00,81,108,148.7,18,64,57
2025-02-08 19:00:00,80,101,140.5,15,59,52
2025-02-08 20:00:00,83,110,145.4,18,65,53
2025-02-08 21:00:00,78,101,137.7,15,60,51
2025-02-08 22:00:00,74,98,137.2,17,60,53
2025-02-08 23:00:00,73,100,134.6,15,58,50
2025-02-09 00:00:00,71,95,132.2,15,55,51
2025-02-09 01:00:00,71,95,134.3,14,55,52
2025-02-09 02:00:00,74,102,138.5,16,59,51
2025-02-09 03:00:00,67,92,135.0,15,53,50
2025-02-09 04:00:00,72,93,137.3,15,58,51
2025-02-09 05:00:00,71,96,136.7,15,59,49
2025-02-09 06:00:00,75,101,138.5,16,57,54
2025-02-09 07:00:00,76,94,136.1,15,58,50
2025-02-09 08:00:00,76,94,137.5,16,59,50
2025-02-09 09:00:00,80,101,140.8,17,62,57
2025-02-09 10:00:00,78,99,138.3,15,61,52
2025-02-09 11:00:00,85,105,147.2,19,62,56
2025-02-09 12:00:00,86,110,146.5,18,61,54
2025-02-09 13:00:00,84,106,144.0,17,63,52
2025-02-09 14:00:00,86,104,150.2,18,63,54
2025-02-09 15:00:00,91,109,148.1,18,64,58
2025-02-09 16:00:00,81,111,143.7,17,66,53
2025-02-09 17:00:00,78,101,145.1,17,61,50
2025-02-09 18:00:00,88,108,148.8,19,63,55
2025-02-09 19:00:00,80,106,148.5,17,61,55
2025-02-09 20:00:00,78,104,138.6,16,62,51
2025-02-09 21:00:00,75,103,140.2,15,62,53
2025-02-09 22:00:00,77,105,144.3,17,61,53
2025-02-09 23:00:00,77,94,135.1,16,61,53
2025-02-10 00:00:00,67,93,136.5,14,68,52
2025-02-10 01:00:00,67,91,129.4,14,70,46
2025-02-10 02:00:00,67,92,132.2,14,67,48
2025-02-10 03:00:00,71,98,133.5,15,74,52
2025-02-10 04:00:00,71,88,136.3,15,72,51
2025-02-10 05:00:00,73,91,135.6,14,70,52
2025-02-10 06:00:00,75,101,145.4,15,73,55
2025-02-10 07:00:00,81,101,146.8,18,75,54
2025-02-10 08:00:00,74,99,140.3,16,74,57
2025-02-10 09:00:00,77,105,138.9,16,75,54
2025-02-10 10:00:00,84,105,146.7,17,78,55
2025-02-10 11:00:00,84,111,147.2,18,78,58
2025-02-10 12:00:00,80,107,144.4,17,81,54
2025-02-10 13:00:00,84,111,149.1,18,81,56
2025-02-10 14:00:00,87,117,150.2,19,81,56
2025-02-10 15:00:00,83,110,146.9,18,75,54
2025-02-10 16:00:00,81,107,144.6,18,74,56
2025-02-10 17:00:00,82,108,143.1,18,75,53
2025-02-10 18:00:00,77,103,143.4,17,76,52
2025-02-10 19:00:00,82,110,147.6,18,78,55
2025-02-10 20:00:00,71,101,139.0,16,75,49
2025-02-10 21:00:00,74,97,138.4,16,75,52
2025-02-10 22:00:00,72,93,129.4,15,68,48
2025-02-10 23:00:00,71,98,133.0,15,71,52
2025-02-11 00:00:00,72,95,140.0,15,69,54
2025-02-11 01:00:00,64,89,130.0,14,67,48
2025-02-11 02:00:00,66,93,125.6,14,70,45
2025-02-11 03:00:00,65,86,128.9,14,68,47
2025-02-11 04:00:00,70,92,130.7,14,71,48
2025-02-11 05:00:00,71,95,127.9,15,69,51
2025-02-11 06:00:00,79,101,146.3,18,80,54
2025-02-11 07:00:00,71,94,134.1,15,72,50
2025-02-11 08:00:00,71,94,134.7,14,75,51
2025-02-11 09:00:00,81,98,138.3,16,78,55
2025-02-11 10:00:00,75,98,134.5,15,75,50
2025-02-11 11:00:00,84,109,143.3,19,80,51
2025-02-11 12:00:00,82,111,151.3,17,77,57
2025-02-11 13:00:00,79,108,138.9,15,75,55
2025-02-11 14:00:00,84,111,153.4,17,79,58
2025-02-11 15:00:00,86,107,145.3,18,79,54
2025-02-11 16:00:00,80,105,139.9,16,72,52
2025-02-11 17:00:00,83,103,144.6,17,77,53
2025-02-11 18:00:00,81,102,141.4,17,78,53
2025-02-11 19:00:00,73,95,136.2,15,70,49
2025-02-11 20:00:00,75,100,136.2,15,72,52
2025-02-11 21:00:00,77,97,138.2,17,75,53
2025-02-11 22:00:00,74,97,134.8,16,74,51
2025-02-11 23:00:00,69,93,135.3,12,70,52
2025-02-12 00:00:00,69,90,132.9,13,71,52
2025-02-12 01:00:00,65,87,128.2,12,68,50
2025-02-12 02:00:00,70,90,135.0,14,70,50
2025-02-12 03:00:00,71,92,134.1,15,71,49
2025-02-12 04:00:00,67,86,129.6,14,69,44
2025-02-12 05:00:00,70,92,132.4,14,71,48
2025-02-12 06:00:00,69,94,130.6,15,70,46
2025-02-12 07:00:00,69,93,130.2,15,71,49
2025-02-12 08:00:00,74,95,136.8,14,75,53
2025-02-12 09:00:00,77,100,143.5,15,76,55
2025-02-12 10:00:00,81,97,143.4,16,71,56
2025-02-12 11:00:00,84,104,147.6,17,75,53
2025-02-12 12:00:00,82,101,140.4,17,78,50
2025-02-12 13:00:00,87,109,151.4,19,79,60
2025-02-12 14:00:00,83,114,147.8,17,82,52
2025-02-12 15:00:00,85,102,146.6,16,75,57
2025-02-12 16:00:00,81,106,146.5,17,79,55
2025-02-12 17:00:00,83,101,141.0,18,76,53
2025-02-12 18:00:00,80,105,144.5,18,79,55
2025-02-12 19:00:00,71,95,135.2,15,70,54
2025-02-12 20:00:00,78,99,143.1,15,73,52
2025-02-12 21:00:00,74,92,134.1,16,73,50
2025-02-12 22:00:00,70,93,132.6,14,68,52
2025-02-12 23:00:00,68,88,130.2,13,67,47
2025-02-13 00:00:00,68,92,130.0,14,72,50
2025-02-13 01:00:00,61,85,123.1,13,69,45
2025-02-13 02:00:00,61,90,124.6,14,67,42
2025-02-13 03:00:00,70,87,130.5,14,69,49
2025-02-13 04:00:00,66,89,133.9,13,66,50
2025-02-13 05:00:00,74,91,134.6,13,74,51
2025-02-13 06:00:00,73,89,135.5,14,71,52
2025-02-13 07:00:00,77,95,138.2,15,72,53
2025-02-13 08:00:00,75,101,138.2,17,75,52
2025-02-13 09:00:00,72,95,135.3,15,70,53
2025-02-13 10:00:00,77,104,144.1,16,76,53
2025-02-13 11:00:00,81,107,145.0,18,77,55
2025-02-13 12:00:00,75,100,138.5,16,75,50
2025-02-13 13:00:00,80,99,141.0,16,73,49
2025-02-13 14:00:00,83,105,142.7,18,78,52
2025-02-13 15:00:00,79,102,145.2,16,72,55
2025-02-13 16:00:00,81,110,144.8,18,78,51
2025-02-13 17:00:00,80,102,147.2,16,76,53
2025-02-13 18:00:00,79,97,141.2,16,72,57
2025-02-13 19:00:00,74,94,140.1,16,73,52
2025-02-13 20:00:00,77,100,139.2,17,76,53
2025-02-13 21:00:00,73,92,132.2,16,71,48
2025-02-13 22:00:00,71,92,136.5,17,69,48
2025-02-13 23:00:00,68,94,130.6,14,70,47
2025-02-14 00:00:00,64,86,130.3,12,63,50
2025-02-14 01:00:00,71,87,133.1,15,71,49
2025-02-14 02:00:00,68,87,133.8,13,71,50
2025-02-14 03:00:00,70,89,128.7,13,69,47
2025-02-14 04:00:00,68,90,133.3,14,69,51
2025-02-14 05:00:00,68,88,127.9,15,72,51
2025-02-14 06:00:00,72,91,126.2,15,74,52
2025-02-14 07:00:00,67,91,133.5,14,71,51
2025-02-14 08:00:00,70,89,132.0,13,69,47
2025-02-14 09:00:00,75,98,140.7,15,76,49
2025-02-14 10:00:00,79,105,143.7,18,78,57
2025-02-14 11:00:00,77,97,139.3,16,75,49
2025-02-14 12:00:00,82,99,147.2,18,77,55
2025-02-14 13:00:00,82,99,143.3,17,79,56
2025-02-14 14:00:00,87,105,146.9,18,76,59
2025-02-14 15:00:00,89,104,149.0,18,80,55
2025-02-14 16:00:00,78,101,141.7,16,73,54
2025-02-14 17:00:00,80,97,132.3,15,76,50
2025-02-14 18:00:00,79,99,142.5,17,74,52
2025-02-14 19:00:00,75,91,139.8,15,79,55
2025-02-14 20:00:00,72,95,134.9,15,74,52
2025-02-14 21:00:00,71,96,133.3,15,69,47
2025-02-14 22:00:00,70,86,131.7,15,72,49
2025-02-14 23:00:00,65,84,131.6,15,67,48
2025-02-15 00:00:00,69,92,133.3,16,56,50
2025-02-15 01:00:00,65,83,127.0,13,54,51
2025-02-15 02:00:00,67,89,128.8,13,53,49
2025-02-15 03:00:00,64,85,122.8,12,53,45
2025-02-15 04:00:00,67,86,128.7,14,53,48
2025-02-15 05:00:00,66,89,129.5,13,51,49
2025-02-15 06:00:00,70,86,124.5,14,55,43
2025-02-15 07:00:00,75,92,133.9,15,58,53
2025-02-15 08:00:00,74,92,139.0,16,56,52
2025-02-15 09:00:00,76,91,135.2,14,60,51
2025-02-15 10:00:00,81,98,134.4,16,61,50
2025-02-15 11:00:00,76,98,143.6,16,59,53
2025-02-15 12:00:00,85,100,142.7,17,63,52
2025-02-15 13:00:00,78,97,138.3,16,61,49
2025-02-15 14:00:00,86,107,151.5,20,64,58
2025-02-15 15:00:00,85,104,144.3,16,65,53
2025-02-15 16:00:00,80,103,137.3,18,58,52
2025-02-15 17:00:00,82,98,143.3,17,62,54
2025-02-15 18:00:00,78,91,139.8,15,58,55
2025-02-15 19:00:00,83,102,143.2,17,64,55
2025-02-15 20:00:00,75,93,135.6,17,59,53
2025-02-15 21:00:00,71,88,128.6,14,56,50
2025-02-15 22:00:00,69,91,128.6,14,59,52
2025-02-15 23:00:00,65,92,128.4,14,55,44
2025-02-16 00:00:00,66,85,129.3,14,55,51
2025-02-16 01:00:00,66,88,129.3,14,54,46
2025-02-16 02:00:00,67,87,132.3,15,55,47
2025-02-16 03:00:00,61,80,127.7,13,56,44
2025-02-16 04:00:00,65,82,128.9,12,55,47
2025-02-16 05:00:00,70,89,127.1,14,57,49
2025-02-16 06:00:00,69,78,126.1,14,53,50
2025-02-16 07:00:00,67,89,132.2,14,59,45
2025-02-16 08:00:00,74,87,133.1,14,55,51
2025-02-16 09:00:00,75,92,130.9,14,58,47
2025-02-16 10:00:00,77,95,136.5,15,60,49
2025-02-16 11:00:00,73,96,129.4,16,59,48
2025-02-16 12:00:00,84,97,142.6,18,61,54
2025-02-16 13:00:00,81,96,139.0,16,62,51
2025-02-16 14:00:00,80,108,143.8,16,60,52
2025-02-16 15:00:00,84,106,150.5,18,66,56
2025-02-16 16:00:00,81,95,136.4,15,58,53
2025-02-16 17:00:00,84,103,143.5,17,62,55
2025-02-16 18:00:00,77,94,134.4,15,60,50
2025-02-16 19:00:00,76,94,140.5,15,59,52
2025-02-16 20:00:00,72,91,137.2,14,60,50
2025-02-16 21:00:00,72,87,133.7,16,59,50
2025-02-16 22:00:00,69,91,132.4,13,57,51
2025-02-16 23:00:00,66,86,124.4,13,54,45
2025-02-17 00:00:00,65,81,126.7,13,67,46
2025-02-17 01:00:00,61,78,118.5,13,62,45
2025-02-17 02:00:00,68,79,127.0,13,67,53
2025-02-17 03:00:00,68,77,125.3,13,68,48
2025-02-17 04:00:00,65,83,124.6,13,69,46
2025-02-17 05:00:00,63,80,124.0,14,67,44
2025-02-17 06:00:00,70,85,132.1,13,69,51
2025-02-17 07:00:00,71,93,139.1,15,70,50
2025-02-17 08:00:00,77,94,139.9,16,76,52
2025-02-17 09:00:00,73,92,141.7,15,71,52
2025-02-17 10:00:00,79,94,139.5,17,76,52
2025-02-17 11:00:00,81,102,148.9,17,78,54
2025-02-17 12:00:00,79,99,142.4,16,78,55
2025-02-17 13:00:00,81,97,142.5,18,74,55
2025-02-17 14:00:00,82,93,140.6,18,75,53
2025-02-17 15:00:00,82,99,143.8,18,77,54
2025-02-17 16:00:00,81,100,144.2,17,76,54
2025-02-17 17:00:00,76,94,133.0,15,72,50
2025-02-17 18:00:00,80,95,142.7,14,74,52
2025-02-17 19:00:00,78,91,132.8,16,71,48
2025-02-17 20:00:00,72,89,135.2,15,70,50
2025-02-17 21:00:00,68,79,129.0,12,70,49
2025-02-17 22:00:00,72,85,136.2,15,73,54
2025-02-17 23:00:00,66,88,125.7,13,69,47
2025-02-18 00:00:00,67,79,123.0,13,67,48
2025-02-18 01:00:00,63,81,127.9,12,67,49
2025-02-18 02:00:00,68,78,123.4,13,71,47
2025-02-18 03:00:00,65,82,122.6,13,69,47
2025-02-18 04:00:00,69,81,128.5,12,64,47
2025-02-18 05:00:00,64,80,124.4,13,65,45
2025-02-18 06:00:00,67,89,130.1,14,68,46
2025-02-18 07:00:00,71,90,134.1,13,74,50
2025-02-18 08:00:00,73,86,134.2,14,72,51
2025-02-18 09:00:00,74,92,135.2,16,70,50
2025-02-18 10:00:00,79,94,139.7,16,76,53
2025-02-18 11:00:00,79,96,139.7,17,81,50
2025-02-18 12:00:00,73,89,133.9,14,73,55
2025-02-18 13:00:00,83,100,139.8,17,75,56
2025-02-18 14:00:00,78,94,141.2,16,78,53
2025-02-18 15:00:00,79,95,143.0,18,76,54
2025-02-18 16:00:00,86,105,149.7,17,78,60
2025-02-18 17:00:00,83,95,144.2,17,77,56
2025-02-18 18:00:00,75,91,132.7,15,72,49
2025-02-18 19:00:00,74,83,128.0,16,70,49
2025-02-18 20:00:00,73,93,137.5,16,70,49
2025-02-18 21:00:00,69,82,128.3,13,68,48
2025-02-18 22:00:00,66,81,126.8,12,68,48
2025-02-18 23:00:00,62,82,124.7,12,68,42
2025-02-19 00:00:00,67,85,128.9,14,66,50
2025-02-19 01:00:00,66,82,128.4,14,65,49
2025-02-19 02:00:00,62,78,122.6,13,66,45
2025-02-19 03:00:00,67,80,121.1,13,68,45
2025-02-19 04:00:00,63,78,125.6,13,65,48
2025-02-19 05:00:00,65,82,127.6,14,66,46
2025-02-19 06:00:00,70,83,125.4,13,68,46
2025-02-19 07:00:00,67,88,126.1,12,67,46
2025-02-19 08:00:00,76,90,138.3,16,69,53
2025-02-19 09:00:00,74,91,138.1,14,73,53
2025-02-19 10:00:00,79,90,129.4,15,75,47
2025-02-19 11:00:00,82,95,142.9,17,79,54
2025-02-19 12:00:00,81,93,139.7,16,77,53
2025-02-19 13:00:00,77,91,137.2,16,74,54
2025-02-19 14:00:00,77,93,138.2,18,75,51
2025-02-19 15:00:00,77,95,135.8,15,73,50
2025-02-19 16:00:00,83,97,144.9,17,75,56
2025-02-19 17:00:00,78,92,135.5,16,75,50
2025-02-19 18:00:00,74,87,135.5,15,72,52
2025-02-19 19:00:00,74,89,137.3,14,70,52
2025-02-19 20:00:00,75,87,131.7,14,72,46
2025-02-19 21:00:00,72,85,129.3,14,69,48
2025-02-19 22:00:00,70,86,131.1,14,72,49
2025-02-19 23:00:00,69,85,134.1,13,69,51
2025-02-20 00:00:00,65,76,121.8,11,70,44
2025-02-20 01:00:00,64,75,121.7,12,69,44
2025-02-20 02:00:00,63,73,122.7,12,63,44
2025-02-20 03:00:00,65,80,126.9,12,66,47
2025-02-20 04:00:00,68,83,129.9,14,70,48
2025-02-20 05:00:00,67,78,125.8,13,68,46
2025-02-20 06:00:00,65,80,124.6,13,67,47
2025-02-20 07:00:00,72,88,134.0,15,71,51
2025-02-20 08:00:00,73,87,123.2,14,71,46
2025-02-20 09:00:00,76,89,141.0,14,75,52
2025-02-20 10:00:00,75,85,132.6,16,71,53
2025-02-20 11:00:00,80,93,140.4,16,76,49
2025-02-20 12:00:00,78,89,143.0,16,75,50
2025-02-20 13:00:00,80,89,136.2,18,77,51
2025-02-20 14:00:00,79,92,145.2,15,74,56
2025-02-20 15:00:00,78,91,139.9,16,74,51
2025-02-20 16:00:00,80,91,140.5,18,76,54
2025-02-20 17:00:00,75,86,136.0,13,71,48
2025-02-20 18:00:00,82,92,138.4,17,76,52
2025-02-20 19:00:00,76,91,131.7,15,72,50
2025-02-20 20:00:00,70,78,124.4,13,70,49
2025-02-20 21:00:00,73,86,135.8,14,74,52
2025-02-20 22:00:00,66,78,122.3,13,63,42
2025-02-20 23:00:00,69,82,123.8,15,71,47
2025-02-21 00:00:00,66,76,124.6,13,67,45
2025-02-21 01:00:00,67,76,126.5,13,70,47
2025-02-21 02:00:00,62,75,121.5,12,66,44
2025-02-21 03:00:00,62,80,124.8,13,68,47
2025-02-21 04:00:00,61,72,123.7,12,64,46
2025-02-21 05:00:00,65,80,127.2,12,67,48
2025-02-21 06:00:00,72,83,130.8,15,73,49
2025-02-21 07:00:00,75,84,131.7,15,77,45
2025-02-21 08:00:00,74,92,137.8,16,72,52
2025-02-21 09:00:00,73,84,132.5,14,71,50
2025-02-21 10:00:00,76,91,133.3,16,71,51
2025-02-21 11:00:00,79,89,141.4,16,74,54
2025-02-21 12:00:00,85,95,144.3,17,76,51
2025-02-21 13:00:00,84,91,143.3,17,74,52
2025-02-21 14:00:00,82,90,138.7,16,76,53
2025-02-21 15:00:00,83,96,146.1,18,77,56
2025-02-21 16:00:00,80,89,133.3,15,73,50
2025-02-21 17:00:00,76,84,138.6,15,70,53
2025-02-21 18:00:00,73,86,126.7,14,73,52
2025-02-21 19:00:00,74,88,129.7,14,71,50
2025-02-21 20:00:00,74,88,134.6,14,76,53
2025-02-21 21:00:00,66,82,124.7,13,68,46
2025-02-21 22:00:00,68,84,127.7,14,69,49
2025-02-21 23:00:00,62,73,119.3,11,65,46
2025-02-22 00:00:00,66,73,121.0,13,51,47
2025-02-22 01:00:00,61,73,121.3,12,49,41
2025-02-22 02:00:00,63,73,121.6,12,55,44
2025-02-22 03:00:00,61,74,123.4,12,54,47
2025-02-22 04:00:00,68,77,126.7,13,53,44
2025-02-22 05:00:00,60,74,119.0,13,52,42
2025-02-22 06:00:00,68,78,128.9,14,57,49
2025-02-22 07:00:00,65,79,119.8,12,52,43
2025-02-22 08:00:00,69,78,119.3,13,55,43
2025-02-22 09:00:00,73,83,127.1,14,56,51
2025-02-22 10:00:00,75,85,132.8,13,58,49
2025-02-22 11:00:00,77,87,136.6,16,60,49
2025-02-22 12:00:00,78,89,129.0,16,60,47
2025-02-22 13:00:00,77,90,136.6,15,60,54
2025-02-22 14:00:00,78,88,135.6,16,55,52
2025-02-22 15:00:00,80,94,140.3,17,61,56
2025-02-22 16:00:00,77,84,129.1,15,58,49
2025-02-22 17:00:00,76,85,141.8,15,61,53
2025-02-22 18:00:00,80,95,140.2,16,61,51
2025-02-22 19:00:00,72,80,126.3,15,56,49
2025-02-22 20:00:00,70,77,127.8,12,58,46
2025-02-22 21:00:00,68,82,132.7,14,55,53
2025-02-22 22:00:00,62,70,116.1,12,52,41
2025-02-22 23:00:00,65,75,119.2,12,51,42
2025-02-23 00:00:00,68,80,127.2,13,54,48
2025-02-23 01:00:00,62,67,118.5,10,50,43
2025-02-23 02:00:00,58,65,117.6,11,50,42
2025-02-23 03:00:00,63,67,123.7,11,50,48
2025-02-23 04:00:00,63,76,125.1,11,50,49
2025-02-23 05:00:00,67,78,122.0,14,54,46
2025-02-23 06:00:00,65,74,119.8,13,51,44
2025-02-23 07:00:00,70,80,126.0,13,56,47
2025-02-23 08:00:00,70,85,132.7,14,59,50
2025-02-23 09:00:00,73,88,135.1,14,58,46
2025-02-23 10:00:00,70,83,133.5,13,56,50
2025-02-23 11:00:00,75,77,132.6,14,53,48
2025-02-23 12:00:00,78,84,132.9,16,59,51
2025-02-23 13:00:00,79,86,135.8,16,59,51
2025-02-23 14:00:00,79,87,132.4,15,60,50
2025-02-23 15:00:00,76,87,136.8,15,56,52
2025-02-23 16:00:00,81,91,137.5,16,60,53
2025-02-23 17:00:00,80,90,142.1,16,62,52
2025-02-23 18:00:00,72,83,132.9,14,55,52
2025-02-23 19:00:00,75,86,139.5,16,57,52
2025-02-23 20:00:00,73,81,132.0,14,58,50
2025-02-23 21:00:00,67,78,127.1,14,55,47
2025-02-23 22:00:00,66,79,125.2,13,56,46
2025-02-23 23:00:00,66,74,122.7,13,52,47
2025-02-24 00:00:00,61,78,121.2,11,65,45
2025-02-24 01:00:00,58,65,118.4,12,60,48
2025-02-24 02:00:00,59,68,112.9,12,61,41
2025-02-24 03:00:00,57,70,116.8,11,61,46
2025-02-24 04:00:00,66,73,118.2,13,66,44
2025-02-24 05:00:00,60,77,122.2,12,68,45
2025-02-24 06:00:00,67,74,122.7,12,70,44
2025-02-24 07:00:00,68,71,125.8,12,68,48
2025-02-24 08:00:00,70,81,126.5,14,67,47
2025-02-24 09:00:00,71,83,129.3,13,68,49
2025-02-24 10:00:00,73,75,130.4,14,69,47
2025-02-24 11:00:00,76,84,133.8,14,73,51
2025-02-24 12:00:00,78,79,138.0,15,73,52
2025-02-24 13:00:00,71,83,128.6,13,70,47
2025-02-24 14:00:00,75,83,131.0,15,71,50
2025-02-24 15:00:00,80,89,141.7,15,75,53
2025-02-24 16:00:00,77,85,133.9,15,72,52
2025-02-24 17:00:00,76,79,131.0,15,69,51
2025-02-24 18:00:00,75,85,135.0,16,72,52
2025-02-24 19:00:00,70,75,126.4,14,69,48
2025-02-24 20:00:00,69,79,126.9,14,69,45
2025-02-24 21:00:00,73,73,125.8,13,66,46
2025-02-24 22:00:00,69,73,129.5,13,67,50
2025-02-24 23:00:00,66,74,123.2,12,65,47
2025-02-25 00:00:00,63,71,119.0,12,68,44
2025-02-25 01:00:00,64,73,121.3,12,67,47
2025-02-25 02:00:00,63,68,120.8,12,59,44
2025-02-25 03:00:00,63,69,124.5,13,65,44
2025-02-25 04:00:00,60,68,117.1,12,61,45
2025-02-25 05:00:00,68,71,121.6,12,64,48
2025-02-25 06:00:00,66,74,129.6,13,62,47
2025-02-25 07:00:00,72,74,128.1,13,71,50
2025-02-25 08:00:00,68,70,123.3,13,69,48
2025-02-25 09:00:00,71,79,129.2,15,67,49
2025-02-25 10:00:00,77,81,130.0,14,75,49
2025-02-25 11:00:00,75,79,131.6,15,75,48
2025-02-25 12:00:00,76,79,133.9,16,71,51
2025-02-25 13:00:00,76,89,139.0,15,71,52
2025-02-25 14:00:00,80,86,135.8,16,74,54
2025-02-25 15:00:00,76,83,133.9,16,74,53
2025-02-25 16:00:00,74,79,134.6,13,73,50
2025-02-25 17:00:00,73,79,130.3,13,70,50
2025-02-25 18:00:00,76,85,136.1,14,70,52
2025-02-25 19:00:00,68,79,127.8,14,69,51
2025-02-25 20:00:00,68,74,123.3,12,67,46
2025-02-25 21:00:00,70,76,124.4,14,69,48
2025-02-25 22:00:00,61,69,122.3,13,63,45
2025-02-25 23:00:00,65,76,116.0,12,67,45
2025-02-26 00:00:00,61,72,118.1,11,61,43
2025-02-26 01:00:00,59,65,112.1,12,64,39
2025-02-26 02:00:00,64,64,122.2,12,67,50
2025-02-26 03:00:00,54,57,114.4,8,59,41
2025-02-26 04:00:00,62,62,115.0,12,64,41
2025-02-26 05:00:00,60,64,125.0,12,60,47
2025-02-26 06:00:00,63,71,125.1,12,66,47
2025-02-26 07:00:00,64,71,121.8,12,67,43
2025-02-26 08:00:00,69,70,128.9,13,71,49
2025-02-26 09:00:00,70,75,125.1,13,64,46
2025-02-26 10:00:00,73,80,129.4,14,71,46
2025-02-26 11:00:00,75,82,134.0,15,68,51
2025-02-26 12:00:00,74,75,126.9,13,71,48
2025-02-26 13:00:00,72,82,126.2,14,69,49
2025-02-26 14:00:00,74,77,127.7,14,72,47
2025-02-26 15:00:00,80,85,136.1,15,75,53
2025-02-26 16:00:00,73,84,133.2,14,71,48
2025-02-26 17:00:00,71,77,127.0,14,68,48
2025-02-26 18:00:00,71,76,122.7,15,69,45
2025-02-26 19:00:00,69,75,127.2,12,70,46
2025-02-26 20:00:00,67,66,125.3,13,66,48
2025-02-26 21:00:00,64,73,120.5,13,68,46
2025-02-26 22:00:00,63,69,125.5,13,62,46
2025-02-26 23:00:00,64,72,124.3,12,66,46
2025-02-27 00:00:00,62,62,113.5,11,62,43
2025-02-27 01:00:00,63,62,115.7,13,65,43
2025-02-27 02:00:00,58,59,112.4,10,62,40
2025-02-27 03:00:00,64,61,117.5,11,63,43
2025-02-27 04:00:00,60,61,107.8,10,63,39
2025-02-27 05:00:00,65,70,119.9,13,66,46
2025-02-27 06:00:00,68,66,120.8,10,67,41
2025-02-27 07:00:00,67,71,128.7,12,67,48
2025-02-27 08:00:00,64,71,122.4,11,66,47
2025-02-27 09:00:00,69,70,122.2,14,65,46
2025-02-27 10:00:00,71,76,126.1,14,72,46
2025-02-27 11:00:00,74,80,132.4,14,73,45
2025-02-27 12:00:00,79,75,131.6,14,72,51
2025-02-27 13:00:00,74,83,130.3,13,72,51
2025-02-27 14:00:00,76,77,130.1,15,73,49
2025-02-27 15:00:00,74,78,131.7,14,69,51
2025-02-27 16:00:00,75,81,128.1,15,74,49
2025-02-27 17:00:00,75,76,127.2,13,67,48
2025-02-27 18:00:00,73,76,126.6,14,67,49
2025-02-27 19:00:00,70,73,122.5,12,67,46
2025-02-27 20:00:00,67,73,121.4,12,68,48
2025-02-27 21:00:00,65,62,121.4,12,65,47
2025-02-27 22:00:00,67,62,123.1,12,65,46
2025-02-27 23:00:00,61,69,119.4,12,64,48
2025-02-28 00:00:00,66,67,122.3,12,65,45
2025-02-28 01:00:00,62,60,114.0,12,61,44
2025-02-28 02:00:00,63,62,111.0,11,61,43
2025-02-28 03:00:00,61,64,117.3,11,61,46
2025-02-28 04:00:00,64,66,120.7,12,63,46
2025-02-28 05:00:00,57,58,110.5,10,58,41
2025-02-28 06:00:00,61,63,113.6,11,60,42
2025-02-28 07:00:00,67,67,118.4,12,66,46
2025-02-28 08:00:00,69,73,126.0,13,70,52
2025-02-28 09:00:00,72,81,130.4,14,71,46
2025-02-28 10:00:00,65,74,126.8,12,65,49
2025-02-28 11:00:00,71,71,123.7,12,67,49
2025-02-28 12:00:00,72,79,128.7,14,74,50
2025-02-28 13:00:00,78,83,134.9,14,72,51
2025-02-28 14:00:00,76,79,130.1,14,69,48
2025-02-28 15:00:00,73,75,131.4,13,69,48
2025-02-28 16:00:00,82,81,140.5,14,73,55
2025-02-28 17:00:00,77,78,129.1,15,70,51
2025-02-28 18:00:00,73,71,126.2,14,69,45
2025-02-28 19:00:00,76,74,134.1,15,73,49
2025-02-28 20:00:00,71,74,127.8,13,66,48
2025-02-28 21:00:00,65,73,122.9,12,67,45
2025-02-28 22:00:00,61,66,119.1,12,66,46
2025-02-28 23:00:00,64,64,120.8,12,65,44
2025-03-01 00:00:00,56,66,115.7,9,51,48
2025-03-01 01:00:00,58,57,113.0,9,50,41
2025-03-01 02:00:00,54,62,111.8,11,47,39
2025-03-01 03:00:00,58,56,116.4,9,52,45
2025-03-01 04:00:00,63,65,118.2,12,52,44
2025-03-01 05:00:00,62,62,116.9,12,54,45
2025-03-01 06:00:00,67,69,127.1,13,50,50
2025-03-01 07:00:00,70,68,125.6,12,58,49
2025-03-01 08:00:00,66,64,119.9,11,54,44
2025-03-01 09:00:00,78,76,133.9,14,58,48
2025-03-01 10:00:00,73,78,130.7,15,55,52
2025-03-01 11:00:00,76,77,129.4,16,58,46
2025-03-01 12:00:00,72,73,128.0,14,57,52
2025-03-01 13:00:00,79,75,130.2,13,55,49
2025-03-01 14:00:00,78,77,138.3,15,59,52
2025-03-01 15:00:00,78,74,132.3,14,56,49
2025-03-01 16:00:00,76,81,130.1,15,58,49
2025-03-01 17:00:00,70,75,125.5,12,53,46
2025-03-01 18:00:00,70,63,124.7,12,55,48
2025-03-01 19:00:00,65,72,119.4,11,53,45
2025-03-01 20:00:00,66,67,129.6,10,54,46
2025-03-01 21:00:00,65,66,116.4,12,54,42
2025-03-01 22:00:00,69,63,124.5,14,54,46
2025-03-01 23:00:00,63,66,117.4,11,50,39
2025-03-02 00:00:00,61,64,114.5,11,52,40
2025-03-02 01:00:00,59,60,115.8,11,49,45
2025-03-02 02:00:00,55,57,109.3,11,48,43
2025-03-02 03:00:00,59,59,118.6,11,49,46
2025-03-02 04:00:00,60,60,110.6,10,47,43
2025-03-02 05:00:00,58,58,114.5,11,49,43
2025-03-02 06:00:00,60,65,115.9,10,50,44
2025-03-02 07:00:00,64,66,120.5,11,52,44
2025-03-02 08:00:00,68,72,126.1,13,54,49
2025-03-02 09:00:00,69,73,120.1,12,53,43
2025-03-02 10:00:00,67,68,123.4,13,57,51
2025-03-02 11:00:00,74,75,132.7,15,56,49
2025-03-02 12:00:00,74,70,129.2,15,56,47
2025-03-02 13:00:00,76,77,129.9,14,60,56
2025-03-02 14:00:00,73,73,123.7,13,54,45
2025-03-02 15:00:00,75,71,130.1,14,57,51
2025-03-02 16:00:00,74,75,134.5,13,55,51
2025-03-02 17:00:00,67,63,122.5,12,52,47
2025-03-02 18:00:00,72,64,127.6,13,55,50
2025-03-02 19:00:00,69,68,126.8,13,56,49
2025-03-02 20:00:00,66,67,120.4,11,51,42
2025-03-02 21:00:00,60,63,116.6,10,51,44
2025-03-02 22:00:00,59,57,116.0,9,48,44
2025-03-02 23:00:00,65,58,112.9,10,52,44
2025-03-03 00:00:00,56,59,113.8,9,62,42
2025-03-03 01:00:00,58,59,117.2,10,63,42
2025-03-03 02:00:00,58,57,112.2,10,59,40
2025-03-03 03:00:00,60,61,117.8,9,60,43
2025-03-03 04:00:00,56,59,110.2,9,60,38
2025-03-03 05:00:00,60,56,113.8,9,59,41
2025-03-03 06:00:00,57,60,112.4,10,62,41
2025-03-03 07:00:00,63,58,117.4,10,66,43
2025-03-03 08:00:00,64,64,119.0,13,63,49
2025-03-03 09:00:00,67,71,118.3,12,68,43
2025-03-03 10:00:00,73,71,125.2,13,68,42
2025-03-03 11:00:00,73,75,134.4,13,72,51
2025-03-03 12:00:00,74,71,129.6,13,72,47
2025-03-03 13:00:00,77,77,125.5,15,71,50
2025-03-03 14:00:00,77,72,134.1,14,73,50
2025-03-03 15:00:00,72,78,125.8,14,72,48
2025-03-03 16:00:00,76,72,131.8,14,68,47
2025-03-03 17:00:00,73,73,131.6,13,70,49
2025-03-03 18:00:00,71,74,127.1,12,67,50
2025-03-03 19:00:00,65,66,117.5,12,66,46
2025-03-03 20:00:00,68,65,119.8,13,66,45
2025-03-03 21:00:00,63,67,121.3,10,65,43
2025-03-03 22:00:00,63,60,113.7,11,66,44
2025-03-03 23:00:00,64,54,113.8,12,61,44
2025-03-04 00:00:00,63,63,119.6,13,61,47
2025-03-04 01:00:00,61,53,111.1,11,61,42
2025-03-04 02:00:00,56,55,114.8,10,62,43
2025-03-04 03:00:00,61,59,112.0,11,61,41
2025-03-04 04:00:00,55,54,99.7,9,58,36
2025-03-04 05:00:00,58,54,109.2,9,63,42
2025-03-04 06:00:00,66,60,119.7,10,68,45
2025-03-04 07:00:00,60,54,115.7,10,63,44
2025-03-04 08:00:00,68,62,119.6,12,67,45
2025-03-04 09:00:00,70,66,123.0,13,69,42
2025-03-04 10:00:00,72,66,124.8,13,67,48
2025-03-04 11:00:00,67,63,125.6,12,67,48
2025-03-04 12:00:00,76,75,131.6,13,69,48
2025-03-04 13:00:00,73,71,125.9,13,72,49
2025-03-04 14:00:00,78,76,138.3,15,74,52
2025-03-04 15:00:00,69,70,124.3,12,69,47
2025-03-04 16:00:00,73,67,119.4,11,68,44
2025-03-04 17:00:00,72,69,122.0,12,70,46
2025-03-04 18:00:00,64,66,121.7,11,65,42
2025-03-04 19:00:00,64,61,112.7,12,63,42
2025-03-04 20:00:00,62,68,120.8,12,66,49
2025-03-04 21:00:00,61,58,112.8,12,59,43
2025-03-04 22:00:00,61,52,116.5,11,63,43
2025-03-04 23:00:00,62,62,117.1,11,61,43
2025-03-05 00:00:00,58,52,105.9,10,62,38
2025-03-05 01:00:00,54,51,110.6,10,56,41
2025-03-05 02:00:00,58,47,113.0,11,59,40
2025-03-05 03:00:00,59,59,110.0,11,63,43
2025-03-05 04:00:00,57,49,106.7,11,61,42
2025-03-05 05:00:00,62,55,115.9,10,61,45
2025-03-05 06:00:00,59,60,116.6,11,60,45
2025-03-05 07:00:00,64,60,124.7,14,66,48
2025-03-05 08:00:00,66,61,121.8,12,69,46
2025-03-05 09:00:00,64,57,123.8,11,62,49
2025-03-05 10:00:00,70,62,122.2,12,61,47
2025-03-05 11:00:00,72,67,126.6,13,71,47
2025-03-05 12:00:00,71,65,122.3,14,67,46
2025-03-05 13:00:00,73,69,125.0,14,67,49
2025-03-05 14:00:00,75,71,129.3,14,70,50
2025-03-05 15:00:00,76,72,127.7,12,74,47
2025-03-05 16:00:00,71,63,115.7,12,69,44
2025-03-05 17:00:00,76,74,128.2,14,72,47
2025-03-05 18:00:00,72,67,128.4,13,68,50
2025-03-05 19:00:00,63,63,118.0,12,65,47
2025-03-05 20:00:00,63,65,118.5,11,67,41
2025-03-05 21:00:00,68,67,120.5,13,65,46
2025-03-05 22:00:00,59,52,112.4,9,62,40
2025-03-05 23:00:00,59,54,117.6,10,61,41
2025-03-06 00:00:00,58,44,112.1,10,59,44
2025-03-06 01:00:00,57,52,111.1,11,58,43
2025-03-06 02:00:00,57,52,107.5,10,61,41
2025-03-06 03:00:00,54,51,113.5,10,60,41
2025-03-06 04:00:00,58,50,113.0,11,60,41
2025-03-06 05:00:00,58,46,104.4,10,63,38
2025-03-06 06:00:00,59,56,107.9,11,62,44
2025-03-06 07:00:00,61,62,112.3,11,59,46
2025-03-06 08:00:00,70,57,119.2,13,67,47
2025-03-06 09:00:00,67,62,123.0,11,63,46
2025-03-06 10:00:00,65,57,120.2,10,67,43
2025-03-06 11:00:00,73,66,126.3,14,72,47
2025-03-06 12:00:00,71,64,123.3,13,69,47
2025-03-06 13:00:00,69,64,129.3,11,67,47
2025-03-06 14:00:00,73,64,125.1,12,69,50
2025-03-06 15:00:00,70,65,123.0,11,66,50
2025-03-06 16:00:00,76,67,126.3,15,71,48
2025-03-06 17:00:00,70,60,128.3,12,65,50
2025-03-06 18:00:00,68,61,122.6,11,69,47
2025-03-06 19:00:00,67,61,116.6,13,63,43
2025-03-06 20:00:00,66,55,113.5,11,61,45
2025-03-06 21:00:00,65,63,114.0,11,64,46
2025-03-06 22:00:00,65,52,115.0,12,64,44
2025-03-06 23:00:00,61,51,107.9,11,66,40
2025-03-07 00:00:00,57,47,104.9,10,58,41
2025-03-07 01:00:00,55,56,113.7,10,60,41
2025-03-07 02:00:00,56,51,111.8,9,59,43
2025-03-07 03:00:00,56,46,112.1,9,57,44
2025-03-07 04:00:00,56,54,105.7,10,58,38
2025-03-07 05:00:00,62,52,110.2,10,58,43
2025-03-07 06:00:00,58,54,109.4,10,64,40
2025-03-07 07:00:00,60,54,117.6,10,60,46
2025-03-07 08:00:00,62,54,114.4,12,58,43
2025-03-07 09:00:00,68,60,125.9,11,65,50
2025-03-07 10:00:00,66,59,120.1,12,67,50
2025-03-07 11:00:00,67,69,122.4,12,68,44
2025-03-07 12:00:00,73,59,124.7,12,68,48
2025-03-07 13:00:00,72,70,121.3,12,72,48
2025-03-07 14:00:00,69,65,116.5,12,69,44
2025-03-07 15:00:00,70,66,124.5,12,62,48
2025-03-07 16:00:00,76,67,127.9,13,69,48
2025-03-07 17:00:00,68,60,125.8,13,66,44
2025-03-07 18:00:00,69,64,117.8,11,67,46
2025-03-07 19:00:00,62,50,114.0,11,63,44
2025-03-07 20:00:00,60,54,115.2,11,67,41
2025-03-07 21:00:00,59,52,112.5,11,59,41
2025-03-07 22:00:00,55,49,111.3,9,54,41
2025-03-07 23:00:00,60,51,110.0,9,56,43
2025-03-08 00:00:00,57,49,111.8,8,49,43
2025-03-08 01:00:00,62,50,114.6,9,49,44
2025-03-08 02:00:00,54,48,110.1,8,44,38
2025-03-08 03:00:00,53,45,103.4,9,46,38
2025-03-08 04:00:00,60,49,108.0,9,48,40
2025-03-08 05:00:00,60,50,109.8,10,48,41
2025-03-08 06:00:00,61,54,110.6,11,47,43
2025-03-08 07:00:00,59,56,111.3,10,50,44
2025-03-08 08:00:00,68,55,117.4,11,53,46
2025-03-08 09:00:00,64,54,113.1,12,51,45
2025-03-08 10:00:00,66,57,117.7,12,51,44
2025-03-08 11:00:00,72,59,118.5,13,54,44
2025-03-08 12:00:00,70,61,121.7,12,53,44
2025-03-08 13:00:00,69,64,120.5,13,50,45
2025-03-08 14:00:00,72,66,124.7,13,53,46
2025-03-08 15:00:00,69,63,123.2,12,54,50
2025-03-08 16:00:00,63,62,116.4,11,50,45
2025-03-08 17:00:00,67,61,117.8,12,54,43
2025-03-08 18:00:00,66,57,115.8,13,49,43
2025-03-08 19:00:00,62,54,117.1,11,54,43
2025-03-08 20:00:00,63,49,117.0,12,53,42
2025-03-08 21:00:00,59,51,109.3,8,48,40
2025-03-08 22:00:00,61,53,112.6,10,47,41
2025-03-08 23:00:00,54,47,101.3,10,46,37
2025-03-09 00:00:00,58,45,107.9,10,50,40
2025-03-09 01:00:00,52,47,101.0,9,45,37
2025-03-09 02:00:00,49,47,102.0,8,46,40
2025-03-09 03:00:00,57,42,109.8,10,47,41
2025-03-09 04:00:00,55,50,103.4,8,48,39
2025-03-09 05:00:00,63,51,111.0,10,51,41
2025-03-09 06:00:00,59,45,106.5,10,47,40
2025-03-09 07:00:00,62,48,107.1,10,52,38
2025-03-09 08:00:00,67,57,121.0,11,53,45
2025-03-09 09:00:00,65,55,117.3,10,53,47
2025-03-09 10:00:00,65,49,120.0,10,50,44
2025-03-09 11:00:00,71,54,116.7,13,52,45
2025-03-09 12:00:00,70,59,115.9,12,57,47
2025-03-09 13:00:00,68,57,121.8,11,52,46
2025-03-09 14:00:00,72,60,121.7,13,56,46
2025-03-09 15:00:00,66,61,117.6,13,49,45
2025-03-09 16:00:00,75,65,130.8,15,56,49
2025-03-09 17:00:00,72,58,122.4,11,53,48
2025-03-09 18:00:00,71,61,125.2,13,56,48
2025-03-09 19:00:00,69,60,119.3,11,52,42
2025-03-09 20:00:00,64,58,114.8,11,50,42
2025-03-09 21:00:00,61,52,111.6,11,50,42
2025-03-09 22:00:00,54,42,106.8,10,44,42
2025-03-09 23:00:00,62,49,112.6,11,50,44
2025-03-10 00:00:00,55,48,109.0,10,58,42
2025-03-10 01:00:00,55,43,98.2,8,58,37
2025-03-10 02:00:00,56,49,103.3,8,59,37
2025-03-10 03:00:00,52,47,98.6,8,61,36
2025-03-10 04:00:00,51,46,103.5,10,58,37
2025-03-10 05:00:00,58,49,105.6,10,57,44
2025-03-10 06:00:00,57,48,114.4,11,58,46
2025-03-10 07:00:00,58,40,106.5,9,58,37
2025-03-10 08:00:00,65,50,114.9,11,61,44
2025-03-10 09:00:00,66,58,114.9,12,67,43
2025-03-10 10:00:00,68,52,113.9,12,63,43
2025-03-10 11:00:00,69,56,124.2,12,65,48
2025-03-10 12:00:00,68,55,123.4,11,66,45
2025-03-10 13:00:00,70,65,124.3,13,73,46
2025-03-10 14:00:00,73,65,119.1,11,68,46
2025-03-10 15:00:00,70,56,118.6,12,69,48
2025-03-10 16:00:00,72,59,123.2,11,66,51
2025-03-10 17:00:00,67,55,117.1,11,66,45
2025-03-10 18:00:00,66,57,111.9,11,63,41
2025-03-10 19:00:00,64,55,121.7,12,65,47
2025-03-10 20:00:00,61,54,111.0,11,61,41
2025-03-10 21:00:00,64,50,110.3,10,65,42
2025-03-10 22:00:00,64,58,116.6,10,65,47
2025-03-10 23:00:00,52,42,107.4,9,58,42
2025-03-11 00:00:00,55,37,105.1,10,58,41
2025-03-11 01:00:00,49,40,96.9,7,54,39
2025-03-11 02:00:00,55,36,98.6,7,58,32
2025-03-11 03:00:00,51,36,94.1,7,52,34
2025-03-11 04:00:00,55,39,103.3,7,62,40
2025-03-11 05:00:00,50,41,100.5,8,57,37
2025-03-11 06:00:00,54,42,106.2,8,58,42
2025-03-11 07:00:00,61,49,110.1,10,62,39
2025-03-11 08:00:00,60,48,113.3,10,59,45
2025-03-11 09:00:00,62,51,114.9,9,61,44
2025-03-11 10:00:00,70,57,118.3,13,67,45
2025-03-11 11:00:00,72,52,121.6,13,65,43
2025-03-11 12:00:00,71,55,124.6,13,64,51
2025-03-11 13:00:00,67,58,116.4,13,65,42
2025-03-11 14:00:00,73,51,119.3,14,67,43
2025-03-11 15:00:00,64,49,112.7,11,62,44
2025-03-11 16:00:00,69,58,118.6,12,68,47
2025-03-11 17:00:00,68,57,121.7,11,66,46
2025-03-11 18:00:00,73,61,126.2,13,71,46
2025-03-11 19:00:00,66,52,117.6,11,68,43
2025-03-11 20:00:00,61,52,114.3,9,62,44
2025-03-11 21:00:00,57,47,106.8,8,57,39
2025-03-11 22:00:00,61,46,111.6,11,58,44
2025-03-11 23:00:00,56,50,105.1,10,59,38
2025-03-12 00:00:00,53,33,108.3,9,57,37
2025-03-12 01:00:00,50,41,106.2,8,55,42
2025-03-12 02:00:00,57,47,111.1,9,59,40
2025-03-12 03:00:00,55,41,106.2,9,57,40
2025-03-12 04:00:00,53,46,106.7,10,57,41
2025-03-12 05:00:00,57,40,101.2,10,59,37
2025-03-12 06:00:00,59,43,104.5,10,61,41
2025-03-12 07:00:00,61,46,107.3,10,63,40
2025-03-12 08:00:00,58,40,107.0,9,54,39
2025-03-12 09:00:00,63,46,110.9,11,63,42
2025-03-12 10:00:00,65,48,116.1,12,64,47
2025-03-12 11:00:00,68,56,115.7,11,65,44
2025-03-12 12:00:00,70,58,123.6,12,65,48
2025-03-12 13:00:00,73,56,119.6,11,68,46
2025-03-12 14:00:00,73,58,121.7,13,68,45
2025-03-12 15:00:00,66,55,119.9,11,64,46
2025-03-12 16:00:00,72,59,123.9,12,71,47
2025-03-12 17:00:00,70,53,115.5,10,67,43
2025-03-12 18:00:00,65,52,118.7,12,62,46
2025-03-12 19:00:00,64,49,114.2,11,64,44
2025-03-12 20:00:00,63,50,107.2,11,63,39
2025-03-12 21:00:00,57,44,104.7,10,60,41
2025-03-12 22:00:00,57,47,107.4,9,61,40
2025-03-12 23:00:00,56,38,101.4,8,57,40
2025-03-13 00:00:00,51,35,104.7,8,56,37
2025-03-13 01:00:00,56,40,104.4,10,56,37
2025-03-13 02:00:00,56,37,105.7,9,59,38
2025-03-13 03:00:00,55,36,104.3,10,57,39
2025-03-13 04:00:00,60,42,110.5,10,58,41
2025-03-13 05:00:00,54,38,108.5,9,57,43
2025-03-13 06:00:00,57,41,108.4,10,59,39
2025-03-13 07:00:00,61,49,116.8,10,63,40
2025-03-13 08:00:00,62,51,115.4,9,64,43
2025-03-13 09:00:00,66,53,116.9,11,66,45
2025-03-13 10:00:00,60,49,112.3,11,62,41
2025-03-13 11:00:00,68,56,111.1,11,67,43
2025-03-13 12:00:00,64,49,112.3,9,62,41
2025-03-13 13:00:00,65,50,114.8,10,61,41
2025-03-13 14:00:00,69,46,116.9,12,62,45
2025-03-13 15:00:00,70,59,121.2,12,66,47
2025-03-13 16:00:00,69,50,118.2,11,64,46
2025-03-13 17:00:00,66,51,111.8,10,63,43
2025-03-13 18:00:00,67,47,110.0,11,64,43
2025-03-13 19:00:00,63,50,110.0,11,64,41
2025-03-13 20:00:00,56,44,111.4,10,59,43
2025-03-13 21:00:00,58,39,102.6,11,58,37
2025-03-13 22:00:00,52,43,101.4,9,54,40
2025-03-13 23:00:00,50,35,100.1,7,55,39
2025-03-14 00:00:00,50,34,94.8,7,51,32
2025-03-14 01:00:00,48,29,93.6,7,55,36
2025-03-14 02:00:00,49,31,100.0,7,54,39
2025-03-14 03:00:00,50,37,99.1,9,59,42
2025-03-14 04:00:00,48,30,101.7,7,56,35
2025-03-14 05:00:00,57,33,98.5,8,59,35
2025-03-14 06:00:00,55,40,103.4,9,56,41
2025-03-14 07:00:00,52,40,101.6,8,56,39
2025-03-14 08:00:00,61,51,112.7,11,65,40
2025-03-14 09:00:00,61,53,109.6,10,63,45
2025-03-14 10:00:00,61,45,108.9,10,58,40
2025-03-14 11:00:00,68,52,120.0,11,64,44
2025-03-14 12:00:00,67,54,116.5,12,67,46
2025-03-14 13:00:00,65,50,111.3,11,65,47
2025-03-14 14:00:00,68,47,122.0,10,65,45
2025-03-14 15:00:00,71,52,119.5,11,68,47
2025-03-14 16:00:00,69,50,119.1,11,62,43
2025-03-14 17:00:00,60,48,112.9,9,59,42
2025-03-14 18:00:00,62,50,112.5,10,62,46
2025-03-14 19:00:00,62,43,108.0,10,60,44
2025-03-14 20:00:00,59,40,107.7,8,61,39
2025-03-14 21:00:00,57,42,105.1,10,61,41
2025-03-14 22:00:00,54,41,105.8,10,58,40
2025-03-14 23:00:00,50,34,98.9,9,53,36
2025-03-15 00:00:00,59,39,109.7,10,50,37
2025-03-15 01:00:00,50,28,94.1,8,44,34
2025-03-15 02:00:00,53,32,102.7,8,42,36
2025-03-15 03:00:00,52,34,102.2,8,42,38
2025-03-15 04:00:00,52,33,99.8,7,43,36
2025-03-15 05:00:00,53,35,104.0,8,48,34
2025-03-15 06:00:00,55,45,107.5,9,45,41
2025-03-15 07:00:00,53,37,104.5,9,43,40
2025-03-15 08:00:00,63,51,115.7,9,52,42
2025-03-15 09:00:00,63,46,112.1,10,51,38
2025-03-15 10:00:00,66,47,112.7,12,50,42
2025-03-15 11:00:00,68,50,114.7,11,52,42
2025-03-15 12:00:00,67,58,118.5,12,52,42
2025-03-15 13:00:00,70,47,119.1,10,52,45
2025-03-15 14:00:00,69,46,117.9,11,51,44
2025-03-15 15:00:00,69,47,119.3,10,52,43
2025-03-15 16:00:00,73,49,122.8,11,53,47
2025-03-15 17:00:00,69,42,113.9,11,50,44
2025-03-15 18:00:00,66,46,119.8,10,52,44
2025-03-15 19:00:00,65,50,114.6,11,51,44
2025-03-15 20:00:00,63,43,109.3,10,50,41
2025-03-15 21:00:00,56,39,106.1,9,47,38
2025-03-15 22:00:00,54,36,104.0,8,45,39
2025-03-15 23:00:00,57,40,103.5,7,48,40
2025-03-16 00:00:00,49,31,97.3,7,44,36
2025-03-16 01:00:00,55,39,103.0,7,47,43
2025-03-16 02:00:00,53,39,103.9,8,45,39
2025-03-16 03:00:00,50,34,101.4,9,43,38
2025-03-16 04:00:00,52,34,100.0,9,45,38
2025-03-16 05:00:00,58,39,107.8,8,45,42
2025-03-16 06:00:00,57,40,101.7,9,47,39
2025-03-16 07:00:00,57,36,107.0,9,46,39
2025-03-16 08:00:00,60,39,106.0,10,46,40
2025-03-16 09:00:00,61,38,106.8,10,50,40
2025-03-16 10:00:00,63,46,113.3,12,52,41
2025-03-16 11:00:00,67,49,116.7,10,53,44
2025-03-16 12:00:00,63,43,110.3,10,49,41
2025-03-16 13:00:00,65,47,110.9,9,50,45
2025-03-16 14:00:00,65,44,110.9,11,49,40
2025-03-16 15:00:00,68,45,115.1,11,52,44
2025-03-16 16:00:00,67,49,117.6,11,51,45
2025-03-16 17:00:00,64,44,109.5,11,50,41
2025-03-16 18:00:00,65,44,110.5,10,50,44
2025-03-16 19:00:00,61,37,108.3,8,46,42
2025-03-16 20:00:00,59,41,107.4,9,47,37
2025-03-16 21:00:00,55,38,104.4,9,47,42
2025-03-16 22:00:00,52,34,93.2,9,51,40
2025-03-16 23:00:00,50,34,98.4,7,41,40
2025-03-17 00:00:00,52,33,103.0,7,54,39
2025-03-17 01:00:00,48,28,94.3,7,52,33
2025-03-17 02:00:00,48,26,96.7,10,50,36
2025-03-17 03:00:00,52,38,98.6,8,60,34
2025-03-17 04:00:00,54,30,95.7,9,56,38
2025-03-17 05:00:00,55,33,103.7,8,56,40
2025-03-17 06:00:00,56,38,104.5,8,59,43
2025-03-17 07:00:00,63,49,112.4,9,61,44
2025-03-17 08:00:00,53,35,103.9,8,57,37
2025-03-17 09:00:00,66,43,112.0,11,61,45
2025-03-17 10:00:00,64,40,108.9,9,64,41
2025-03-17 11:00:00,64,43,109.6,10,62,41
2025-03-17 12:00:00,63,43,108.3,9,64,42
2025-03-17 13:00:00,65,43,113.4,10,63,42
2025-03-17 14:00:00,69,47,115.1,10,59,43
2025-03-17 15:00:00,67,42,116.5,12,60,49
2025-03-17 16:00:00,69,49,108.0,11,68,44
2025-03-17 17:00:00,63,45,114.4,10,61,44
2025-03-17 18:00:00,61,44,111.4,11,57,42
2025-03-17 19:00:00,61,39,108.2,9,59,38
2025-03-17 20:00:00,60,38,103.6,10,59,41
2025-03-17 21:00:00,57,38,100.4,10,61,37
2025-03-17 22:00:00,57,31,105.3,10,56,39
2025-03-17 23:00:00,53,32,101.3,7,55,39
2025-03-18 00:00:00,50,27,98.1,7,56,33
2025-03-18 01:00:00,51,26,97.3,8,53,36
2025-03-18 02:00:00,51,22,98.5,6,52,37
2025-03-18 03:00:00,48,34,96.7,7,55,37
2025-03-18 04:00:00,48,28,94.9,7,55,34
2025-03-18 05:00:00,53,36,101.4,9,56,35
2025-03-18 06:00:00,63,37,108.5,10,62,41
2025-03-18 07:00:00,54,31,105.1,9,55,37
2025-03-18 08:00:00,57,34,100.1,9,54,39
2025-03-18 09:00:00,65,48,108.1,10,64,43
2025-03-18 10:00:00,67,47,110.6,10,61,42
2025-03-18 11:00:00,65,43,114.1,9,61,41
2025-03-18 12:00:00,69,45,115.2,10,64,44
2025-03-18 13:00:00,63,43,106.0,11,63,41
2025-03-18 14:00:00,65,47,114.1,9,62,42
2025-03-18 15:00:00,69,43,113.5,10,62,46
2025-03-18 16:00:00,64,37,111.0,10,64,42
2025-03-18 17:00:00,60,38,109.7,10,59,41
2025-03-18 18:00:00,59,41,115.6,9,59,43
2025-03-18 19:00:00,57,35,101.2,8,55,42
2025-03-18 20:00:00,58,37,100.4,10,59,41
2025-03-18 21:00:00,56,32,104.5,9,60,38
2025-03-18 22:00:00,53,31,103.0,7,52,40
2025-03-18 23:00:00,54,35,98.7,8,55,37
2025-03-19 00:00:00,50,30,94.1,8,54,37
2025-03-19 01:00:00,53,28,100.4,7,56,36
2025-03-19 02:00:00,57,31,108.0,8,58,40
2025-03-19 03:00:00,50,30,95.0,8,54,32
2025-03-19 04:00:00,54,34,101.9,7,55,38
2025-03-19 05:00:00,53,29,93.6,7,58,33
2025-03-19 06:00:00,54,30,100.0,8,52,35
2025-03-19 07:00:00,56,29,101.4,6,59,38
2025-03-19 08:00:00,59,34,109.6,9,62,39
2025-03-19 09:00:00,60,41,106.3,10,61,39
2025-03-19 10:00:00,67,44,115.9,12,62,48
2025-03-19 11:00:00,65,45,110.8,11,63,40
2025-03-19 12:00:00,62,36,108.6,9,58,40
2025-03-19 13:00:00,73,47,125.3,11,64,45
2025-03-19 14:00:00,64,37,115.2,11,62,46
2025-03-19 15:00:00,67,47,121.1,11,65,46
2025-03-19 16:00:00,65,41,113.1,11,63,45
2025-03-19 17:00:00,64,44,111.5,10,59,43
2025-03-19 18:00:00,62,35,108.4,9,64,41
2025-03-19 19:00:00,59,42,109.6,9,61,42
2025-03-19 20:00:00,58,31,104.6,9,57,36
2025-03-19 21:00:00,51,31,96.9,7,55,34
2025-03-19 22:00:00,50,28,94.9,8,53,36
2025-03-19 23:00:00,55,24,97.4,8,54,37
2025-03-20 00:00:00,47,28,98.7,6,58,34
2025-03-20 01:00:00,47,33,100.3,7,52,37
2025-03-20 02:00:00,49,36,108.8,9,53,39
2025-03-20 03:00:00,54,27,100.8,8,55,40
2025-03-20 04:00:00,47,31,94.2,7,52,35
2025-03-20 05:00:00,50,29,96.1,9,54,36
2025-03-20 06:00:00,50,32,98.4,8,54,35
2025-03-20 07:00:00,54,31,105.8,7,56,39
2025-03-20 08:00:00,57,35,106.3,8,57,38
2025-03-20 09:00:00,59,38,102.7,9,59,39
2025-03-20 10:00:00,66,36,110.3,10,58,42
2025-03-20 11:00:00,60,40,103.7,10,59,41
2025-03-20 12:00:00,64,41,113.0,10,61,45
2025-03-20 13:00:00,67,45,112.3,10,63,43
2025-03-20 14:00:00,62,39,107.2,10,60,36
2025-03-20 15:00:00,67,42,107.4,11,64,44
2025-03-20 16:00:00,66,48,116.7,10,62,45
2025-03-20 17:00:00,65,44,116.6,10,64,42
2025-03-20 18:00:00,63,43,108.8,10,65,49
2025-03-20 19:00:00,55,36,102.8,8,56,39
2025-03-20 20:00:00,61,35,105.7,10,60,39
2025-03-20 21:00:00,62,36,106.9,10,60,40
2025-03-20 22:00:00,55,36,100.5,7,57,40
2025-03-20 23:00:00,48,22,90.3,7,49,32
2025-03-21 00:00:00,53,21,100.7,8,56,35
2025-03-21 01:00:00,55,30,93.4,9,55,38
2025-03-21 02:00:00,48,24,96.2,7,55,36
2025-03-21 03:00:00,48,23,95.0,8,52,34
2025-03-21 04:00:00,49,21,99.1,7,55,38
2025-03-21 05:00:00,47,25,93.4,7,53,35
2025-03-21 06:00:00,51,24,95.4,7,55,35
2025-03-21 07:00:00,61,38,105.8,10,61,39
2025-03-21 08:00:00,57,33,104.4,10,57,40
2025-03-21 09:00:00,57,35,101.8,9,57,41
2025-03-21 10:00:00,63,39,106.2,9,62,41
2025-03-21 11:00:00,62,42,107.9,11,62,44
2025-03-21 12:00:00,65,43,109.5,10,62,39
2025-03-21 13:00:00,63,44,108.5,11,63,39
2025-03-21 14:00:00,62,39,109.2,9,59,38
2025-03-21 15:00:00,67,39,111.6,11,63,42
2025-03-21 16:00:00,65,42,114.0,11,64,46
2025-03-21 17:00:00,61,37,107.6,10,60,42
2025-03-21 18:00:00,62,37,104.3,9,60,41
2025-03-21 19:00:00,58,36,99.2,10,60,38
2025-03-21 20:00:00,56,36,100.7,7,61,36
2025-03-21 21:00:00,56,25,102.4,7,57,41
2025-03-21 22:00:00,56,31,104.4,7,54,38
2025-03-21 23:00:00,51,26,100.4,8,53,37
2025-03-22 00:00:00,51,27,99.9,8,45,41
2025-03-22 01:00:00,50,26,99.7,7,42,38
2025-03-22 02:00:00,51,29,99.8,9,44,39
2025-03-22 03:00:00,48,28,101.7,7,42,36
2025-03-22 04:00:00,53,29,100.6,7,46,35
2025-03-22 05:00:00,53,31,106.4,9,45,37
2025-03-22 06:00:00,52,28,97.1,9,43,35
2025-03-22 07:00:00,53,29,98.1,8,46,36
2025-03-22 08:00:00,60,34,105.3,10,48,40
2025-03-22 09:00:00,59,36,106.0,9,48,40
2025-03-22 10:00:00,59,34,104.3,9,47,39
2025-03-22 11:00:00,62,38,110.4,9,54,43
2025-03-22 12:00:00,66,38,110.8,9,47,43
2025-03-22 13:00:00,60,36,104.8,9,47,42
2025-03-22 14:00:00,65,44,111.7,12,50,43
2025-03-22 15:00:00,67,39,116.3,10,52,44
2025-03-22 16:00:00,66,46,114.5,10,50,42
2025-03-22 17:00:00,62,31,101.1,8,49,40
2025-03-22 18:00:00,63,33,112.2,10,47,40
2025-03-22 19:00:00,61,34,107.8,8,48,43
2025-03-22 20:00:00,57,35,106.2,9,48,42
2025-03-22 21:00:00,55,31,104.1,8,44,38
2025-03-22 22:00:00,55,28,103.8,8,46,38
2025-03-22 23:00:00,52,22,93.8,8,45,37
2025-03-23 00:00:00,48,19,89.6,6,41,33
2025-03-23 01:00:00,49,23,102.0,7,41,39
2025-03-23 02:00:00,48,17,89.8,5,41,36
2025-03-23 03:00:00,51,20,96.7,7,43,35
2025-03-23 04:00:00,52,25,102.7,8,45,35
2025-03-23 05:00:00,51,21,94.4,8,41,35
2025-03-23 06:00:00,51,32,98.3,9,45,38
2025-03-23 07:00:00,55,32,104.7,9,46,39
2025-03-23 08:00:00,54,25,99.5,7,45,39
2025-03-23 09:00:00,61,29,106.4,7,49,38
2025-03-23 10:00:00,58,26,101.4,9,46,35
2025-03-23 11:00:00,65,33,107.0,9,48,41
2025-03-23 12:00:00,63,40,108.8,9,49,39
2025-03-23 13:00:00,63,36,112.1,11,48,41
2025-03-23 14:00:00,66,40,111.1,10,49,42
2025-03-23 15:00:00,67,32,111.1,10,47,44
2025-03-23 16:00:00,64,40,107.5,10,49,42
2025-03-23 17:00:00,55,34,108.9,8,46,39
2025-03-23 18:00:00,57,34,104.7,8,46,41
2025-03-23 19:00:00,59,32,105.6,8,47,44
2025-03-23 20:00:00,51,26,100.2,9,42,37
2025-03-23 21:00:00,51,24,95.1,6,39,38
2025-03-23 22:00:00,53,29,103.5,8,44,43
2025-03-23 23:00:00,45,26,88.6,6,39,34
2025-03-24 00:00:00,49,26,93.9,7,54,34
2025-03-24 01:00:00,46,22,89.9,6,49,34
2025-03-24 02:00:00,44,21,85.5,6,51,30
2025-03-24 03:00:00,44,15,87.5,6,49,31
2025-03-24 04:00:00,46,21,92.1,8,50,33
2025-03-24 05:00:00,51,23,93.2,7,56,35
2025-03-24 06:00:00,57,32,99.3,7,55,38
2025-03-24 07:00:00,54,29,100.2,8,51,36
2025-03-24 08:00:00,56,34,103.2,9,55,42
2025-03-24 09:00:00,58,33,103.3,8,61,39
2025-03-24 10:00:00,57,30,98.7,9,56,36
2025-03-24 11:00:00,59,35,104.2,8,61,42
2025-03-24 12:00:00,59,37,104.3,11,59,41
2025-03-24 13:00:00,60,33,105.7,9,61,41
2025-03-24 14:00:00,68,35,109.9,10,61,43
2025-03-24 15:00:00,62,36,107.8,9,60,41
2025-03-24 16:00:00,57,41,102.9,9,60,39
2025-03-24 17:00:00,58,27,98.3,9,55,38
2025-03-24 18:00:00,57,37,106.9,8,56,42
2025-03-24 19:00:00,57,28,104.3,8,56,38
2025-03-24 20:00:00,55,24,97.7,8,56,38
2025-03-24 21:00:00,55,31,101.8,8,55,37
2025-03-24 22:00:00,53,27,97.4,8,57,39
2025-03-24 23:00:00,51,28,100.8,9,56,37
2025-03-25 00:00:00,46,23,92.3,4,51,33
2025-03-25 01:00:00,50,27,95.2,7,55,32
2025-03-25 02:00:00,51,22,98.3,5,55,36
2025-03-25 03:00:00,52,19,93.3,7,55,37
2025-03-25 04:00:00,48,22,94.5,8,53,38
2025-03-25 05:00:00,51,26,94.1,7,53,31
2025-03-25 06:00:00,52,21,98.1,6,50,34
2025-03-25 07:00:00,57,23,102.4,8,56,39
2025-03-25 08:00:00,54,26,95.6,8,58,35
2025-03-25 09:00:00,58,22,95.9,8,59,41
2025-03-25 10:00:00,58,32,104.7,10,58,41
2025-03-25 11:00:00,61,27,109.5,7,57,43
2025-03-25 12:00:00,65,35,112.3,9,63,45
2025-03-25 13:00:00,61,38,107.6,10,58,41
2025-03-25 14:00:00,62,34,104.7,10,58,38
2025-03-25 15:00:00,68,41,109.8,10,60,47
2025-03-25 16:00:00,63,29,108.4,9,61,40
2025-03-25 17:00:00,65,37,113.3,10,58,42
2025-03-25 18:00:00,63,34,105.7,9,61,41
2025-03-25 19:00:00,55,24,98.5,8,60,36
2025-03-25 20:00:00,64,37,109.6,10,62,40
2025-03-25 21:00:00,54,25,104.3,8,53,39
2025-03-25 22:00:00,43,20,90.4,5,49,34
2025-03-25 23:00:00,48,17,89.1,6,48,34
2025-03-26 00:00:00,47,19,88.6,6,50,30
2025-03-26 01:00:00,49,18,90.7,7,51,31
2025-03-26 02:00:00,46,19,95.4,8,49,35
2025-03-26 03:00:00,50,18,95.1,7,53,38
2025-03-26 04:00:00,50,22,94.2,6,48,37
2025-03-26 05:00:00,47,19,83.4,7,49,31
2025-03-26 06:00:00,49,16,89.8,6,53,31
2025-03-26 07:00:00,51,24,97.6,7,58,38
2025-03-26 08:00:00,54,18,97.2,7,55,40
2025-03-26 09:00:00,56,30,102.8,8,55,40
2025-03-26 10:00:00,59,27,98.6,7,59,41
2025-03-26 11:00:00,61,33,106.4,8,61,42
2025-03-26 12:00:00,63,38,106.6,10,59,44
2025-03-26 13:00:00,68,31,109.7,9,60,43
2025-03-26 14:00:00,64,38,107.5,10,64,38
2025-03-26 15:00:00,58,33,107.4,8,56,41
2025-03-26 16:00:00,67,39,113.2,11,66,44
2025-03-26 17:00:00,63,31,106.6,9,61,38
2025-03-26 18:00:00,54,27,103.7,7,58,34
2025-03-26 19:00:00,56,31,101.4,10,59,38
2025-03-26 20:00:00,56,25,95.9,8,58,37
2025-03-26 21:00:00,54,21,100.6,7,52,38
2025-03-26 22:00:00,51,21,96.0,7,55,39
2025-03-26 23:00:00,50,21,93.5,7,55,37
2025-03-27 00:00:00,47,23,91.7,7,52,36
2025-03-27 01:00:00,39,11,85.8,4,43,34
2025-03-27 02:00:00,52,17,97.3,5,51,36
2025-03-27 03:00:00,45,20,89.1,6,48,33
2025-03-27 04:00:00,49,19,95.0,5,51,34
2025-03-27 05:00:00,50,24,96.9,6,51,38
2025-03-27 06:00:00,53,21,94.4,8,53,32
2025-03-27 07:00:00,53,23,97.4,8,58,36
2025-03-27 08:00:00,56,27,99.4,8,58,37
2025-03-27 09:00:00,51,28,101.4,7,55,37
2025-03-27 10:00:00,57,28,99.7,9,59,38
2025-03-27 11:00:00,63,33,112.2,10,57,41
2025-03-27 12:00:00,63,30,107.0,8,58,43
2025-03-27 13:00:00,60,31,99.6,9,59,40
2025-03-27 14:00:00,59,32,97.8,8,57,39
2025-03-27 15:00:00,65,38,109.7,10,60,43
2025-03-27 16:00:00,52,21,100.0,8,55,42
2025-03-27 17:00:00,58,32,108.0,8,60,41
2025-03-27 18:00:00,64,29,107.2,10,61,41
2025-03-27 19:00:00,59,22,98.8,7,59,42
2025-03-27 20:00:00,57,26,99.8,8,51,37
2025-03-27 21:00:00,54,25,99.6,7,59,36
2025-03-27 22:00:00,47,23,96.8,6,54,37
2025-03-27 23:00:00,45,10,89.5,6,49,33
2025-03-28 00:00:00,48,22,97.1,7,49,40
2025-03-28 01:00:00,44,14,90.7,6,49,34
2025-03-28 02:00:00,46,19,94.5,7,50,34
2025-03-28 03:00:00,51,19,88.0,7,55,35
2025-03-28 04:00:00,45,14,86.9,5,52,30
2025-03-28 05:00:00,49,21,90.8,7,51,33
2025-03-28 06:00:00,52,19,92.0,7,51,36
2025-03-28 07:00:00,47,15,90.9,7,50,32
2025-03-28 08:00:00,54,28,95.6,9,58,35
2025-03-28 09:00:00,54,24,95.8,8,56,38
2025-03-28 10:00:00,58,25,101.4,10,54,41
2025-03-28 11:00:00,59,29,98.8,9,57,39
2025-03-28 12:00:00,61,32,104.8,10,61,35
2025-03-28 13:00:00,61,32,107.8,8,59,41
2025-03-28 14:00:00,61,34,102.9,9,59,42
2025-03-28 15:00:00,63,27,107.9,9,63,45
2025-03-28 16:00:00,60,29,101.9,9,56,36
2025-03-28 17:00:00,62,30,106.5,8,61,38
2025-03-28 18:00:00,58,35,101.6,8,57,39
2025-03-28 19:00:00,55,26,101.3,6,55,35
2025-03-28 20:00:00,55,28,99.9,8,56,37
2025-03-28 21:00:00,52,22,98.3,6,55,38
2025-03-28 22:00:00,52,19,93.8,8,55,37
2025-03-28 23:00:00,48,18,93.9,7,51,36
2025-03-29 00:00:00,49,16,95.0,7,43,37
2025-03-29 01:00:00,48,18,92.9,7,42,36
2025-03-29 02:00:00,47,20,91.5,7,41,35
2025-03-29 03:00:00,45,17,89.2,7,38,34
2025-03-29 04:00:00,50,21,91.3,5,43,38
2025-03-29 05:00:00,45,14,90.2,7,41,35
2025-03-29 06:00:00,50,18,95.7,7,41,37
2025-03-29 07:00:00,52,19,99.8,7,40,38
2025-03-29 08:00:00,54,25,102.8,8,43,36
2025-03-29 09:00:00,55,24,96.5,7,41,36
2025-03-29 10:00:00,57,30,103.4,6,47,39
2025-03-29 11:00:00,55,26,99.7,7,44,40
2025-03-29 12:00:00,65,31,111.7,8,49,46
2025-03-29 13:00:00,62,34,104.9,8,47,39
2025-03-29 14:00:00,60,24,105.4,9,49,42
2025-03-29 15:00:00,64,39,107.3,9,50,39
2025-03-29 16:00:00,64,29,106.7,9,47,41
2025-03-29 17:00:00,63,22,101.2,9,46,41
2025-03-29 18:00:00,59,28,97.4,10,45,41
2025-03-29 19:00:00,56,26,97.9,8,45,35
2025-03-29 20:00:00,52,23,95.9,7,44,34
2025-03-29 21:00:00,50,25,100.3,8,43,41
2025-03-29 22:00:00,47,22,89.8,6,41,37
2025-03-29 23:00:00,47,19,90.3,7,43,34
2025-03-30 00:00:00,42,17,84.3,6,36,32
2025-03-30 01:00:00,49,15,95.4,5,40,35
2025-03-30 02:00:00,49,21,92.7,7,43,34
2025-03-30 03:00:00,44,10,86.2,7,42,29
2025-03-30 04:00:00,50,16,92.2,6,42,35
2025-03-30 05:00:00,46,17,85.0,6,43,32
2025-03-30 06:00:00,49,21,89.9,8,45,38
2025-03-30 07:00:00,47,18,88.5,5,40,36
2025-03-30 08:00:00,55,17,98.1,8,42,38
2025-03-30 09:00:00,55,25,91.8,7,43,33
2025-03-30 10:00:00,59,28,104.5,8,44,38
2025-03-30 11:00:00,64,33,109.4,9,46,41
2025-03-30 12:00:00,64,25,99.7,8,46,40
2025-03-30 13:00:00,63,34,107.3,9,46,37
2025-03-30 14:00:00,66,39,114.9,10,51,43
2025-03-30 15:00:00,60,29,100.7,10,46,38
2025-03-30 16:00:00,64,25,104.0,9,45,37
2025-03-30 17:00:00,59,27,111.2,7,45,43
2025-03-30 18:00:00,59,27,103.4,9,46,34
2025-03-30 19:00:00,56,27,100.0,8,44,37
2025-03-30 20:00:00,57,21,97.6,7,44,37
2025-03-30 21:00:00,54,26,100.5,7,41,40
2025-03-30 22:00:00,51,15,95.4,7,43,37
2025-03-30 23:00:00,48,11,83.3,5,40,28
2025-03-31 00:00:00,48,19,85.8,6,49,30
2025-03-31 01:00:00,46,6,84.2,5,49,29
2025-03-31 02:00:00,47,13,89.4,5,49,33
2025-03-31 03:00:00,47,25,94.4,7,52,33
2025-03-31 04:00:00,45,15,84.0,6,55,31
2025-03-31 05:00:00,48,12,89.6,7,49,31
2025-03-31 06:00:00,52,18,94.9,5,55,34
2025-03-31 07:00:00,56,20,95.7,7,55,38
2025-03-31 08:00:00,50,22,93.6,7,52,36
2025-03-31 09:00:00,57,26,99.0,7,59,35
2025-03-31 10:00:00,58,22,102.2,7,57,34
2025-03-31 11:00:00,62,33,107.2,9,63,43
2025-03-31 12:00:00,64,30,103.6,9,60,39
2025-03-31 13:00:00,64,32,111.0,10,63,41
2025-03-31 14:00:00,59,28,99.1,7,57,35
2025-03-31 15:00:00,61,34,101.3,9,58,38
2025-03-31 16:00:00,62,28,104.2,8,59,39
2025-03-31 17:00:00,63,28,105.0,9,59,41
2025-03-31 18:00:00,58,23,100.6,8,54,42
2025-03-31 19:00:00,51,20,92.0,7,54,33
2025-03-31 20:00:00,52,24,100.1,10,53,40
2025-03-31 21:00:00,53,18,101.2,6,56,37
2025-03-31 22:00:00,48,15,91.5,6,50,33
2025-03-31 23:00:00,48,14,92.0,7,50,30
2025-04-01 00:00:00,50,17,87.1,7,50,30
2025-04-01 01:00:00,42,11,85.2,6,51,28
2025-04-01 02:00:00,45,13,86.4,6,50,35
2025-04-01 03:00:00,45,14,86.2,6,54,33
2025-04-01 04:00:00,46,8,85.5,6,52,35
2025-04-01 05:00:00,49,10,88.6,6,50,31
2025-04-01 06:00:00,46,18,87.3,6,48,32
2025-04-01 07:00:00,51,17,92.5,6,51,34
2025-04-01 08:00:00,57,25,97.7,9,56,37
2025-04-01 09:00:00,52,27,100.8,8,51,35
2025-04-01 10:00:00,59,28,103.8,8,56,41
2025-04-01 11:00:00,59,33,105.7,9,60,37
2025-04-01 12:00:00,59,28,106.3,10,56,39
2025-04-01 13:00:00,56,31,100.0,9,55,40
2025-04-01 14:00:00,65,27,107.6,10,61,41
2025-04-01 15:00:00,63,38,112.6,10,60,44
2025-04-01 16:00:00,61,35,104.3,9,59,39
2025-04-01 17:00:00,61,27,97.7,8,59,39
2025-04-01 18:00:00,56,27,98.5,8,55,38
2025-04-01 19:00:00,55,28,103.2,8,57,34
2025-04-01 20:00:00,58,21,96.8,7,57,34
2025-04-01 21:00:00,56,17,95.7,8,55,34
2025-04-01 22:00:00,49,20,91.7,8,56,34
2025-04-01 23:00:00,51,16,93.0,7,54,33
2025-04-02 00:00:00,48,14,87.9,7,51,35
2025-04-02 01:00:00,41,10,81.0,6,46,31
2025-04-02 02:00:00,42,7,83.0,5,48,30
2025-04-02 03:00:00,50,14,91.5,6,52,35
2025-04-02 04:00:00,44,17,92.9,6,50,37
2025-04-02 05:00:00,53,14,94.9,7,52,33
2025-04-02 06:00:00,50,22,91.4,6,53,36
2025-04-02 07:00:00,55,16,94.2,7,57,36
2025-04-02 08:00:00,52,17,96.9,6,55,42
2025-04-02 09:00:00,58,23,99.2,7,57,40
2025-04-02 10:00:00,61,24,100.1,9,60,39
2025-04-02 11:00:00,64,29,106.9,10,61,40
2025-04-02 12:00:00,59,25,99.5,8,56,39
2025-04-02 13:00:00,61,33,107.7,10,59,39
2025-04-02 14:00:00,64,36,110.0,9,62,38
2025-04-02 15:00:00,58,28,99.5,8,58,38
2025-04-02 16:00:00,63,32,112.3,10,60,43
2025-04-02 17:00:00,57,23,99.3,7,53,35
2025-04-02 18:00:00,62,28,97.1,7,58,34
2025-04-02 19:00:00,56,26,101.5,7,56,39
2025-04-02 20:00:00,50,24,88.2,7,56,35
2025-04-02 21:00:00,55,19,100.5,7,58,36
2025-04-02 22:00:00,47,6,88.1,4,48,30
2025-04-02 23:00:00,47,13,89.9,6,50,36
2025-04-03 00:00:00,49,11,90.3,8,52,36
2025-04-03 01:00:00,47,9,90.2,6,54,34
2025-04-03 02:00:00,44,13,86.1,5,47,37
2025-04-03 03:00:00,44,11,87.3,6,45,33
2025-04-03 04:00:00,43,10,86.7,5,49,32
2025-04-03 05:00:00,43,11,78.0,5,46,28
2025-04-03 06:00:00,50,14,94.1,6,53,35
2025-04-03 07:00:00,54,22,99.6,8,56,34
2025-04-03 08:00:00,55,18,98.1,7,54,35
2025-04-03 09:00:00,59,21,101.1,7,55,42
2025-04-03 10:00:00,59,23,106.0,10,55,40
2025-04-03 11:00:00,62,27,104.4,9,59,41
2025-04-03 12:00:00,56,29,101.2,8,54,34
2025-04-03 13:00:00,58,17,96.5,8,55,40
2025-04-03 14:00:00,65,32,102.6,9,59,41
2025-04-03 15:00:00,60,33,106.8,9,59,40
2025-04-03 16:00:00,60,24,100.4,9,58,42
2025-04-03 17:00:00,60,23,95.8,9,60,33
2025-04-03 18:00:00,58,23,100.5,8,55,43
2025-04-03 19:00:00,56,20,97.7,7,54,36
2025-04-03 20:00:00,55,21,97.4,8,57,34
2025-04-03 21:00:00,50,11,91.7,6,53,33
2025-04-03 22:00:00,45,12,83.5,6,48,29
2025-04-03 23:00:00,51,20,97.6,6,50,38
2025-04-04 00:00:00,46,10,89.6,6,54,32
2025-04-04 01:00:00,43,17,92.4,7,46,29
2025-04-04 02:00:00,49,13,89.7,7,49,30
2025-04-04 03:00:00,45,6,87.5,6,49,29
2025-04-04 04:00:00,44,15,82.9,7,52,33
2025-04-04 05:00:00,46,14,86.8,6,48,33
2025-04-04 06:00:00,48,14,86.6,5,52,30
2025-04-04 07:00:00,50,19,94.8,5,51,34
2025-04-04 08:00:00,55,22,94.7,7,57,36
2025-04-04 09:00:00,54,25,97.1,8,57,36
2025-04-04 10:00:00,62,28,104.7,7,57,38
2025-04-04 11:00:00,62,27,103.6,9,61,38
2025-04-04 12:00:00,61,22,98.2,9,56,41
2025-04-04 13:00:00,61,26,108.6,7,53,40
2025-04-04 14:00:00,67,38,112.1,11,62,46
2025-04-04 15:00:00,62,30,110.3,9,60,41
2025-04-04 16:00:00,61,35,103.8,8,61,41
2025-04-04 17:00:00,64,31,105.8,8,62,43
2025-04-04 18:00:00,59,25,101.9,8,55,39
2025-04-04 19:00:00,54,23,102.8,8,55,37
2025-04-04 20:00:00,53,20,100.8,7,53,39
2025-04-04 21:00:00,48,12,88.8,7,51,32
2025-04-04 22:00:00,55,16,93.7,7,59,35
2025-04-04 23:00:00,49,19,93.1,6,52,36
2025-04-05 00:00:00,46,11,92.3,6,38,33
2025-04-05 01:00:00,48,14,91.1,7,40,37
2025-04-05 02:00:00,43,15,89.0,5,41,34
2025-04-05 03:00:00,47,9,92.4,6,41,34
2025-04-05 04:00:00,45,11,90.8,6,41,34
2025-04-05 05:00:00,51,11,95.1,7,45,33
2025-04-05 06:00:00,48,13,92.6,6,44,36
2025-04-05 07:00:00,53,13,98.1,6,41,37
2025-04-05 08:00:00,46,17,87.5,6,42,37
2025-04-05 09:00:00,54,27,106.4,8,42,41
2025-04-05 10:00:00,56,21,101.9,8,46,37
2025-04-05 11:00:00,54,26,99.1,9,42,35
2025-04-05 12:00:00,62,25,107.3,8,44,39
2025-04-05 13:00:00,63,32,106.4,9,48,42
2025-04-05 14:00:00,61,33,107.3,9,49,41
2025-04-05 15:00:00,62,31,108.1,10,46,38
2025-04-05 16:00:00,63,28,108.4,10,46,38
2025-04-05 17:00:00,54,25,97.4,8,43,39
2025-04-05 18:00:00,53,20,99.3,7,44,37
2025-04-05 19:00:00,57,29,100.7,8,47,38
2025-04-05 20:00:00,53,17,97.7,6,43,36
2025-04-05 21:00:00,52,20,95.8,7,42,36
2025-04-05 22:00:00,53,20,90.7,8,46,36
2025-04-05 23:00:00,48,12,88.6,6,43,32
2025-04-06 00:00:00,49,17,95.4,6,40,38
2025-04-06 01:00:00,43,15,87.2,5,38,29
2025-04-06 02:00:00,47,18,95.8,6,41,38
2025-04-06 03:00:00,44,11,83.9,5,41,32
2025-04-06 04:00:00,49,9,91.8,6,36,32
2025-04-06 05:00:00,48,13,90.3,7,43,37
2025-04-06 06:00:00,48,17,91.3,7,41,35
2025-04-06 07:00:00,54,18,92.7,6,41,37
2025-04-06 08:00:00,55,19,97.7,8,44,33
2025-04-06 09:00:00,52,15,91.0,7,43,33
2025-04-06 10:00:00,57,26,99.3,8,47,37
2025-04-06 11:00:00,61,33,105.3,8,49,40
2025-04-06 12:00:00,64,29,105.7,9,48,42
2025-04-06 13:00:00,63,30,109.3,9,48,43
2025-04-06 14:00:00,64,30,99.5,9,48,34
2025-04-06 15:00:00,61,29,104.1,9,48,38
2025-04-06 16:00:00,62,30,105.1,8,46,39
2025-04-06 17:00:00,63,27,105.4,8,47,41
2025-04-06 18:00:00,57,23,98.1,7,42,39
2025-04-06 19:00:00,55,19,100.7,8,46,39
2025-04-06 20:00:00,50,19,93.4,6,41,37
2025-04-06 21:00:00,50,19,94.5,7,44,35
2025-04-06 22:00:00,48,15,94.3,6,43,36
2025-04-06 23:00:00,45,15,90.1,6,38,30
2025-04-07 00:00:00,50,15,88.9,8,52,35
2025-04-07 01:00:00,44,15,87.9,5,51,36
2025-04-07 02:00:00,49,16,92.0,7,51,31
2025-04-07 03:00:00,46,13,84.5,5,47,32
2025-04-07 04:00:00,45,8,85.3,5,52,34
2025-04-07 05:00:00,51,13,92.6,7,54,36
2025-04-07 06:00:00,44,16,95.2,6,50,37
2025-04-07 07:00:00,49,12,92.1,7,49,35
2025-04-07 08:00:00,52,25,98.1,8,52,40
2025-04-07 09:00:00,51,23,101.1,8,54,39
2025-04-07 10:00:00,55,25,101.5,9,55,38
2025-04-07 11:00:00,61,30,107.4,9,59,41
2025-04-07 12:00:00,58,25,100.3,8,58,40
2025-04-07 13:00:00,64,30,103.4,10,59,39
2025-04-07 14:00:00,61,28,105.2,8,62,39
2025-04-07 15:00:00,61,27,109.3,9,57,41
2025-04-07 16:00:00,59,24,106.5,7,55,37
2025-04-07 17:00:00,61,31,107.5,9,60,38
2025-04-07 18:00:00,56,23,97.5,7,57,34
2025-04-07 19:00:00,54,25,94.2,8,53,37
2025-04-07 20:00:00,54,13,92.5,6,53,38
2025-04-07 21:00:00,51,22,96.6,7,50,35
2025-04-07 22:00:00,50,20,92.7,7,51,35
2025-04-07 23:00:00,49,15,95.0,7,53,36
2025-04-08 00:00:00,47,12,85.4,6,48,28
2025-04-08 01:00:00,44,14,87.9,6,47,33
2025-04-08 02:00:00,49,20,91.9,7,51,37
2025-04-08 03:00:00,45,6,89.5,5,51,31
2025-04-08 04:00:00,48,16,93.1,6,53,34
2025-04-08 05:00:00,46,11,86.2,6,46,34
2025-04-08 06:00:00,48,16,94.6,5,48,33
2025-04-08 07:00:00,51,17,89.1,7,53,33
2025-04-08 08:00:00,50,19,88.7,7,49,35
2025-04-08 09:00:00,56,22,96.2,7,58,32
2025-04-08 10:00:00,59,20,94.3,8,52,37
2025-04-08 11:00:00,63,29,105.6,9,58,39
2025-04-08 12:00:00,58,21,99.7,9,57,40
2025-04-08 13:00:00,65,30,106.2,9,63,44
2025-04-08 14:00:00,66,27,109.1,10,60,39
2025-04-08 15:00:00,60,24,99.9,9,58,35
2025-04-08 16:00:00,63,28,101.5,9,59,37
2025-04-08 17:00:00,52,20,93.6,8,56,36
2025-04-08 18:00:00,55,24,95.3,6,56,36
2025-04-08 19:00:00,55,17,94.6,7,56,39
2025-04-08 20:00:00,52,22,97.9,7,55,34
2025-04-08 21:00:00,56,15,91.1,6,57,33
2025-04-08 22:00:00,51,14,91.9,6,48,38
2025-04-08 23:00:00,50,15,96.1,7,49,36
2025-04-09 00:00:00,46,10,91.5,6,51,38
2025-04-09 01:00:00,43,12,85.2,5,53,33
2025-04-09 02:00:00,43,7,91.7,5,49,34
2025-04-09 03:00:00,47,14,87.4,6,50,34
2025-04-09 04:00:00,47,19,91.3,7,53,30
2025-04-09 05:00:00,52,24,93.9,7,57,38
2025-04-09 06:00:00,51,16,95.4,7,54,36
2025-04-09 07:00:00,52,21,104.6,7,54,35
2025-04-09 08:00:00,47,14,96.1,5,51,36
2025-04-09 09:00:00,61,27,107.1,8,59,40
2025-04-09 10:00:00,58,27,100.2,8,60,40
2025-04-09 11:00:00,66,24,105.6,7,60,39
2025-04-09 12:00:00,64,31,110.6,9,61,43
2025-04-09 13:00:00,61,27,106.2,8,60,39
2025-04-09 14:00:00,63,26,105.1,10,59,36
2025-04-09 15:00:00,57,29,102.7,9,57,36
2025-04-09 16:00:00,62,23,106.8,9,62,40
2025-04-09 17:00:00,67,29,112.6,9,60,42
2025-04-09 18:00:00,51,20,91.1,8,52,35
2025-04-09 19:00:00,54,18,97.2,7,52,36
2025-04-09 20:00:00,52,17,96.7,7,54,34
2025-04-09 21:00:00,54,21,96.0,7,55,36
2025-04-09 22:00:00,54,14,98.9,6,50,34
2025-04-09 23:00:00,47,10,88.3,6,52,33
2025-04-10 00:00:00,51,11,96.0,6,50,31
2025-04-10 01:00:00,46,12,88.1,6,51,33
2025-04-10 02:00:00,45,8,88.0,5,49,33
2025-04-10 03:00:00,45,8,88.1,6,44,35
2025-04-10 04:00:00,52,20,100.7,7,49,36
2025-04-10 05:00:00,46,11,91.0,4,48,35
2025-04-10 06:00:00,51,15,92.1,6,55,31
2025-04-10 07:00:00,48,17,91.2,5,48,35
2025-04-10 08:00:00,52,19,94.8,7,56,34
2025-04-10 09:00:00,55,24,99.1,7,52,36
2025-04-10 10:00:00,59,27,100.0,10,53,41
2025-04-10 11:00:00,58,25,101.3,8,57,37
2025-04-10 12:00:00,62,23,107.5,9,58,42
2025-04-10 13:00:00,61,32,109.6,9,55,41
2025-04-10 14:00:00,57,28,97.3,8,54,39
2025-04-10 15:00:00,60,34,100.6,9,59,36
2025-04-10 16:00:00,61,19,99.6,7,56,35
2025-04-10 17:00:00,57,26,96.1,8,58,34
2025-04-10 18:00:00,61,31,101.3,9,58,35
2025-04-10 19:00:00,55,21,98.9,7,57,36
2025-04-10 20:00:00,55,19,97.6,8,53,36
2025-04-10 21:00:00,51,19,89.7,7,54,35
2025-04-10 22:00:00,56,14,99.7,7,52,39
2025-04-10 23:00:00,52,13,92.3,7,53,32
2025-04-11 00:00:00,45,12,87.1,6,51,33
2025-04-11 01:00:00,44,10,90.1,6,47,32
2025-04-11 02:00:00,54,16,97.3,8,55,38
2025-04-11 03:00:00,43,14,87.9,8,50,27
2025-04-11 04:00:00,47,14,88.7,7,52,33
2025-04-11 05:00:00,49,17,94.3,7,50,35
2025-04-11 06:00:00,49,15,91.0,5,51,33
2025-04-11 07:00:00,46,15,89.8,7,54,34
2025-04-11 08:00:00,54,18,93.0,8,52,37
2025-04-11 09:00:00,53,22,100.8,9,55,37
2025-04-11 10:00:00,60,20,105.9,9,57,42
2025-04-11 11:00:00,55,24,99.9,7,56,39
2025-04-11 12:00:00,60,25,101.6,8,60,37
2025-04-11 13:00:00,58,35,107.9,8,57,35
2025-04-11 14:00:00,54,18,98.1,7,55,37
2025-04-11 15:00:00,59,27,101.7,8,59,41
2025-04-11 16:00:00,61,33,109.4,10,58,43
2025-04-11 17:00:00,63,26,103.9,8,57,40
2025-04-11 18:00:00,58,27,98.4,8,57,36
2025-04-11 19:00:00,59,22,101.0,8,57,40
2025-04-11 20:00:00,52,18,98.2,7,50,34
2025-04-11 21:00:00,51,10,91.8,6,50,35
2025-04-11 22:00:00,48,17,88.4,5,53,35
2025-04-11 23:00:00,45,12,87.1,6,49,32
2025-04-12 00:00:00,41,10,88.9,4,39,30
2025-04-12 01:00:00,46,11,89.4,5,38,33
2025-04-12 02:00:00,48,18,92.3,6,42,35
2025-04-12 03:00:00,50,21,94.3,5,42,33
2025-04-12 04:00:00,47,14,93.8,6,41,34
2025-04-12 05:00:00,52,13,96.5,8,42,38
2025-04-12 06:00:00,49,12,86.7,7,41,35
2025-04-12 07:00:00,54,20,100.0,7,47,38
2025-04-12 08:00:00,55,26,101.2,9,45,36
2025-04-12 09:00:00,53,21,101.8,6,46,34
2025-04-12 10:00:00,57,16,97.4,8,44,37
2025-04-12 11:00:00,60,28,107.1,8,42,37
2025-04-12 12:00:00,64,30,108.5,10,49,41
2025-04-12 13:00:00,61,22,99.0,8,49,37
2025-04-12 14:00:00,60,29,107.1,8,47,42
2025-04-12 15:00:00,65,29,109.7,9,47,39
2025-04-12 16:00:00,58,27,100.4,8,46,35
2025-04-12 17:00:00,60,23,103.0,8,48,40
2025-04-12 18:00:00,62,28,111.2,8,47,42
2025-04-12 19:00:00,54,21,96.1,6,43,38
2025-04-12 20:00:00,55,15,98.1,8,42,39
2025-04-12 21:00:00,50,11,88.3,6,42,32
2025-04-12 22:00:00,53,20,94.8,8,48,37
2025-04-12 23:00:00,46,17,93.3,7,39,31
2025-04-13 00:00:00,47,13,91.1,7,42,31
2025-04-13 01:00:00,42,11,85.3,7,40,31
2025-04-13 02:00:00,49,10,95.6,6,39,35
2025-04-13 03:00:00,40,9,80.9,4,39,25
2025-04-13 04:00:00,45,12,88.0,5,43,36
2025-04-13 05:00:00,43,7,87.1,5,40,28
2025-04-13 06:00:00,50,13,89.9,7,41,33
2025-04-13 07:00:00,56,17,98.8,8,42,39
2025-04-13 08:00:00,56,22,102.3,8,45,38
2025-04-13 09:00:00,63,22,103.3,10,46,41
2025-04-13 10:00:00,55,27,98.1,9,46,35
2025-04-13 11:00:00,57,30,102.1,9,45,39
2025-04-13 12:00:00,60,31,96.4,9,45,40
2025-04-13 13:00:00,62,29,108.8,9,47,40
2025-04-13 14:00:00,59,28,104.1,10,48,40
2025-04-13 15:00:00,59,24,101.1,8,47,38
2025-04-13 16:00:00,63,30,101.3,10,47,39
2025-04-13 17:00:00,58,32,107.0,8,44,41
2025-04-13 18:00:00,55,25,98.4,8,44,35
2025-04-13 19:00:00,57,29,103.6,9,45,37
2025-04-13 20:00:00,51,15,93.5,7,42,34
2025-04-13 21:00:00,53,14,89.4,6,46,35
2025-04-13 22:00:00,48,19,96.7,6,41,38
2025-04-13 23:00:00,46,15,93.6,7,41,38
2025-04-14 00:00:00,49,18,95.5,6,54,35
2025-04-14 01:00:00,48,12,91.2,6,52,33
2025-04-14 02:00:00,48,9,85.8,7,53,32
2025-04-14 03:00:00,47,12,91.9,6,49,32
2025-04-14 04:00:00,45,8,93.7,5,48,36
2025-04-14 05:00:00,48,10,90.3,7,50,32
2025-04-14 06:00:00,50,19,94.5,6,51,33
2025-04-14 07:00:00,52,21,92.6,7,54,32
2025-04-14 08:00:00,50,21,88.4,7,53,32
2025-04-14 09:00:00,56,16,96.1,7,54,36
2025-04-14 10:00:00,58,23,105.0,7,57,38
2025-04-14 11:00:00,60,21,105.6,9,58,38
2025-04-14 12:00:00,55,31,101.3,8,55,41
2025-04-14 13:00:00,61,26,104.8,9,59,39
2025-04-14 14:00:00,59,24,97.9,8,55,38
2025-04-14 15:00:00,65,28,107.5,8,58,42
2025-04-14 16:00:00,62,25,102.1,8,61,38
2025-04-14 17:00:00,61,31,105.9,8,58,37
2025-04-14 18:00:00,56,21,98.0,9,55,36
2025-04-14 19:00:00,55,17,96.1,7,58,37
2025-04-14 20:00:00,49,12,94.3,7,52,33
2025-04-14 21:00:00,51,18,100.4,6,52,38
2025-04-14 22:00:00,47,14,90.3,7,49,28
2025-04-14 23:00:00,52,9,96.4,5,53,36
2025-04-15 00:00:00,51,17,90.7,8,56,35
2025-04-15 01:00:00,49,15,91.7,6,51,36
2025-04-15 02:00:00,42,12,82.3,4,51,28
2025-04-15 03:00:00,49,17,92.0,4,52,35
2025-04-15 04:00:00,48,15,93.5,7,50,38
2025-04-15 05:00:00,50,11,94.9,7,51,40
2025-04-15 06:00:00,49,12,89.0,6,50,33
2025-04-15 07:00:00,52,21,97.6,8,57,35
2025-04-15 08:00:00,55,21,101.6,8,57,41
2025-04-15 09:00:00,51,23,99.6,7,55,38
2025-04-15 10:00:00,55,21,98.9,8,50,41
2025-04-15 11:00:00,61,28,102.6,7,61,43
2025-04-15 12:00:00,63,24,102.3,9,58,36
2025-04-15 13:00:00,60,27,101.1,9,57,39
2025-04-15 14:00:00,63,33,107.5,9,59,41
2025-04-15 15:00:00,57,25,98.4,8,56,39
2025-04-15 16:00:00,63,21,105.4,7,59,40
2025-04-15 17:00:00,61,22,103.1,8,60,43
2025-04-15 18:00:00,60,27,104.4,8,59,39
2025-04-15 19:00:00,57,23,94.6,7,56,36
2025-04-15 20:00:00,57,20,99.2,8,55,40
2025-04-15 21:00:00,49,16,91.1,5,50,34
2025-04-15 22:00:00,48,18,98.7,6,52,36
2025-04-15 23:00:00,50,11,87.4,7,52,31
2025-04-16 00:00:00,49,14,91.3,6,50,33
2025-04-16 01:00:00,42,10,86.8,5,46,29
2025-04-16 02:00:00,43,9,83.2,6,50,30
2025-04-16 03:00:00,49,10,96.3,5,50,34
2025-04-16 04:00:00,47,12,95.6,5,48,33
2025-04-16 05:00:00,50,14,89.7,6,50,33
2025-04-16 06:00:00,47,17,89.5,6,52,35
2025-04-16 07:00:00,49,5,95.4,5,54,33
2025-04-16 08:00:00,49,17,97.2,6,54,37
2025-04-16 09:00:00,50,21,93.9,8,49,37
2025-04-16 10:00:00,61,29,106.2,9,58,37
2025-04-16 11:00:00,62,22,98.8,7,59,36
2025-04-16 12:00:00,60,27,110.4,9,55,45
2025-04-16 13:00:00,62,33,106.8,7,63,41
2025-04-16 14:00:00,65,23,107.1,10,56,42
2025-04-16 15:00:00,61,29,102.3,8,60,38
2025-04-16 16:00:00,60,24,98.9,8,57,37
2025-04-16 17:00:00,63,24,105.8,9,59,36
2025-04-16 18:00:00,56,21,104.6,7,56,38
2025-04-16 19:00:00,53,20,94.9,8,52,38
2025-04-16 20:00:00,58,30,100.3,10,59,37
2025-04-16 21:00:00,51,21,96.1,6,53,40
2025-04-16 22:00:00,50,20,99.5,7,54,36
2025-04-16 23:00:00,45,16,87.9,5,49,29
2025-04-17 00:00:00,45,7,86.3,7,49,34
2025-04-17 01:00:00,46,14,92.3,7,52,36
2025-04-17 02:00:00,49,16,95.1,7,50,34
2025-04-17 03:00:00,47,9,87.9,4,52,35
2025-04-17 04:00:00,49,16,95.8,6,52,35
2025-04-17 05:00:00,49,17,94.6,6,56,38
2025-04-17 06:00:00,51,22,96.1,7,53,38
2025-04-17 07:00:00,53,16,97.6,8,54,37
2025-04-17 08:00:00,50,16,95.3,5,52,37
2025-04-17 09:00:00,50,21,91.3,7,53,36
2025-04-17 10:00:00,62,29,109.9,9,60,47
2025-04-17 11:00:00,59,19,101.3,7,60,38
2025-04-17 12:00:00,58,20,104.0,8,59,36
2025-04-17 13:00:00,64,28,106.8,9,61,39
2025-04-17 14:00:00,60,26,103.7,8,55,41
2025-04-17 15:00:00,60,28,104.8,9,57,38
2025-04-17 16:00:00,60,30,105.9,8,59,39
2025-04-17 17:00:00,60,24,107.1,9,56,40
2025-04-17 18:00:00,52,17,96.3,7,53,40
2025-04-17 19:00:00,56,29,101.4,8,57,36
2025-04-17 20:00:00,53,17,98.5,7,57,33
2025-04-17 21:00:00,47,14,92.1,5,51,38
2025-04-17 22:00:00,49,20,102.6,6,49,39
2025-04-17 23:00:00,42,13,87.6,5,50,29
2025-04-18 00:00:00,48,13,94.4,6,53,34
2025-04-18 01:00:00,44,14,91.4,7,54,35
2025-04-18 02:00:00,44,16,82.8,6,49,30
2025-04-18 03:00:00,42,11,84.0,5,46,30
2025-04-18 04:00:00,47,18,90.6,6,52,34
2025-04-18 05:00:00,42,7,80.0,5,49,34
2025-04-18 06:00:00,55,19,96.1,8,56,36
2025-04-18 07:00:00,45,15,85.2,7,49,31
2025-04-18 08:00:00,54,25,95.3,8,56,36
2025-04-18 09:00:00,56,23,100.1,8,56,36
2025-04-18 10:00:00,55,22,104.2,8,54,35
2025-04-18 11:00:00,61,28,100.1,8,56,38
2025-04-18 12:00:00,60,30,100.6,9,57,38
2025-04-18 13:00:00,66,30,106.8,10,60,39
2025-04-18 14:00:00,58,24,100.8,8,58,36
2025-04-18 15:00:00,55,26,95.4,8,56,35
2025-04-18 16:00:00,57,27,99.7,8,56,41
2025-04-18 17:00:00,60,26,100.8,10,59,43
2025-04-18 18:00:00,58,27,103.1,8,57,41
2025-04-18 19:00:00,56,15,97.7,7,53,36
2025-04-18 20:00:00,55,21,97.8,7,56,35
2025-04-18 21:00:00,50,17,92.0,8,54,34
2025-04-18 22:00:00,47,13,88.3,6,51,37
2025-04-18 23:00:00,46,12,89.2,7,53,34
2025-04-19 00:00:00,51,12,89.5,6,44,35
2025-04-19 01:00:00,45,3,89.8,5,39,32
2025-04-19 02:00:00,49,10,86.0,5,40,33
2025-04-19 03:00:00,47,9,86.7,7,37,34
2025-04-19 04:00:00,47,15,93.3,6,39,34
2025-04-19 05:00:00,44,12,86.7,7,41,29
2025-04-19 06:00:00,50,15,94.7,6,40,35
2025-04-19 07:00:00,53,23,102.7,8,44,35
2025-04-19 08:00:00,54,23,101.0,8,43,39
2025-04-19 09:00:00,56,25,96.7,8,44,36
2025-04-19 10:00:00,52,22,93.2,7,42,36
2025-04-19 11:00:00,63,28,105.1,9,49,40
2025-04-19 12:00:00,60,26,104.7,8,48,43
2025-04-19 13:00:00,58,27,105.7,10,43,41
2025-04-19 14:00:00,63,29,104.2,9,50,43
2025-04-19 15:00:00,59,26,100.8,7,45,40
2025-04-19 16:00:00,64,32,106.8,9,50,39
2025-04-19 17:00:00,61,25,102.9,9,49,37
2025-04-19 18:00:00,61,26,108.2,8,46,43
2025-04-19 19:00:00,57,27,101.1,8,48,39
2025-04-19 20:00:00,54,24,98.5,7,41,35
2025-04-19 21:00:00,49,13,93.8,5,39,35
2025-04-19 22:00:00,48,18,97.2,8,41,35
2025-04-19 23:00:00,49,17,92.5,7,40,37
2025-04-20 00:00:00,47,16,94.9,6,38,35
2025-04-20 01:00:00,42,8,91.0,6,40,34
2025-04-20 02:00:00,42,10,85.3,7,38,31
2025-04-20 03:00:00,46,16,88.9,6,41,32
2025-04-20 04:00:00,45,10,94.2,6,41,37
2025-04-20 05:00:00,45,13,92.0,6,42,33
2025-04-20 06:00:00,53,22,97.1,8,46,38
2025-04-20 07:00:00,56,18,99.5,8,42,40
2025-04-20 08:00:00,55,17,93.9,8,46,37
2025-04-20 09:00:00,53,19,99.5,7,43,36
2025-04-20 10:00:00,58,25,96.1,9,46,34
2025-04-20 11:00:00,62,21,105.8,8,46,45
2025-04-20 12:00:00,58,26,99.4,8,46,40
2025-04-20 13:00:00,64,29,101.6,10,50,40
2025-04-20 14:00:00,59,33,99.1,8,48,42
2025-04-20 15:00:00,66,30,107.3,10,50,44
2025-04-20 16:00:00,59,24,104.0,9,44,41
2025-04-20 17:00:00,66,30,104.3,8,48,40
2025-04-20 18:00:00,62,23,99.5,10,46,38
2025-04-20 19:00:00,54,18,95.0,7,44,39
2025-04-20 20:00:00,52,19,97.8,7,43,34
2025-04-20 21:00:00,53,23,100.5,9,47,40
2025-04-20 22:00:00,49,17,93.2,7,41,31
2025-04-20 23:00:00,47,14,93.4,7,41,32
2025-04-21 00:00:00,44,19,92.2,7,51,34
2025-04-21 01:00:00,43,7,84.2,5,47,34
2025-04-21 02:00:00,41,8,87.2,4,47,32
2025-04-21 03:00:00,45,7,83.0,6,48,31
2025-04-21 04:00:00,49,14,93.5,7,52,34
2025-04-21 05:00:00,50,15,89.1,7,49,36
2025-04-21 06:00:00,52,21,96.6,8,57,37
2025-04-21 07:00:00,50,19,97.5,6,52,36
2025-04-21 08:00:00,54,19,97.1,8,53,40
2025-04-21 09:00:00,58,22,100.2,6,53,35
2025-04-21 10:00:00,56,24,100.9,9,55,41
2025-04-21 11:00:00,58,20,101.7,7,56,36
2025-04-21 12:00:00,63,36,115.1,9,61,42
2025-04-21 13:00:00,66,30,110.3,11,60,44
2025-04-21 14:00:00,64,29,105.3,9,65,42
2025-04-21 15:00:00,64,30,106.2,9,57,42
2025-04-21 16:00:00,57,29,99.7,7,58,37
2025-04-21 17:00:00,60,25,98.9,9,58,40
2025-04-21 18:00:00,57,22,92.2,8,53,37
2025-04-21 19:00:00,56,24,98.4,8,55,40
2025-04-21 20:00:00,50,21,90.8,5,58,34
2025-04-21 21:00:00,48,15,91.7,8,50,35
2025-04-21 22:00:00,51,21,93.8,7,57,38
2025-04-21 23:00:00,51,15,90.2,6,52,38
2025-04-22 00:00:00,46,16,83.9,6,51,30
2025-04-22 01:00:00,46,17,89.9,6,50,31
2025-04-22 02:00:00,50,12,86.4,7,50,31
2025-04-22 03:00:00,45,13,91.2,6,48,31
2025-04-22 04:00:00,47,16,91.8,7,50,40
2025-04-22 05:00:00,47,12,88.9,8,52,38
2025-04-22 06:00:00,46,16,95.0,6,52,35
2025-04-22 07:00:00,53,18,95.9,8,53,34
2025-04-22 08:00:00,51,17,95.2,5,57,35
2025-04-22 09:00:00,58,30,105.3,9,56,40
2025-04-22 10:00:00,57,19,97.5,9,57,34
2025-04-22 11:00:00,63,21,101.8,8,56,39
2025-04-22 12:00:00,59,32,104.3,10,59,40
2025-04-22 13:00:00,64,30,103.4,8,61,38
2025-04-22 14:00:00,63,24,109.9,10,58,41
2025-04-22 15:00:00,61,30,105.3,8,58,41
2025-04-22 16:00:00,64,32,107.0,9,59,41
2025-04-22 17:00:00,64,26,111.5,8,61,41
2025-04-22 18:00:00,58,33,101.2,9,60,39
2025-04-22 19:00:00,55,16,100.7,7,55,41
2025-04-22 20:00:00,55,22,101.2,8,57,41
2025-04-22 21:00:00,54,22,101.1,8,56,36
2025-04-22 22:00:00,52,19,95.1,7,53,39
2025-04-22 23:00:00,48,14,91.1,6,52,34
2025-04-23 00:00:00,47,12,89.0,6,52,34
2025-04-23 01:00:00,44,14,91.3,6,49,35
2025-04-23 02:00:00,47,15,91.6,6,52,31
2025-04-23 03:00:00,45,14,87.6,6,47,33
2025-04-23 04:00:00,44,17,88.2,6,48,35
2025-04-23 05:00:00,46,11,88.3,5,50,33
2025-04-23 06:00:00,50,15,91.8,7,51,35
2025-04-23 07:00:00,52,15,98.0,6,55,38
2025-04-23 08:00:00,50,19,96.5,5,52,35
2025-04-23 09:00:00,54,26,101.7,9,58,38
2025-04-23 10:00:00,60,24,103.0,8,57,40
2025-04-23 11:00:00,63,35,105.8,9,61,41
2025-04-23 12:00:00,63,28,107.8,9,58,40
2025-04-23 13:00:00,65,28,100.8,9,60,41
2025-04-23 14:00:00,63,28,106.6,10,58,39
2025-04-23 15:00:00,60,25,100.4,9,55,37
2025-04-23 16:00:00,61,27,101.3,8,60,39
2025-04-23 17:00:00,65,30,106.0,9,62,42
2025-04-23 18:00:00,65,24,105.4,9,61,38
2025-04-23 19:00:00,56,19,98.2,8,57,37
2025-04-23 20:00:00,54,17,98.4,7,54,35
2025-04-23 21:00:00,53,16,94.5,7,53,35
2025-04-23 22:00:00,50,16,92.6,5,51,33
2025-04-23 23:00:00,52,19,91.0,6,50,34
2025-04-24 00:00:00,48,8,85.1,5,51,29
2025-04-24 01:00:00,46,11,89.8,6,50,35
2025-04-24 02:00:00,45,13,90.3,4,50,35
2025-04-24 03:00:00,40,6,82.3,5,48,28
2025-04-24 04:00:00,47,10,92.2,6,53,34
2025-04-24 05:00:00,48,12,85.9,7,50,35
2025-04-24 06:00:00,47,13,91.3,7,52,31
2025-04-24 07:00:00,49,19,90.7,8,51,38
2025-04-24 08:00:00,55,19,94.8,6,51,37
2025-04-24 09:00:00,51,20,93.0,6,53,34
2025-04-24 10:00:00,59,25,102.0,8,60,37
2025-04-24 11:00:00,63,32,108.5,10,59,41
2025-04-24 12:00:00,64,33,108.9,10,58,41
2025-04-24 13:00:00,59,21,99.6,8,57,39
2025-04-24 14:00:00,59,30,105.9,10,60,39
2025-04-24 15:00:00,63,27,110.4,9,60,41
2025-04-24 16:00:00,64,27,105.8,10,62,41
2025-04-24 17:00:00,58,24,101.2,9,55,37
2025-04-24 18:00:00,59,24,100.1,8,60,37
2025-04-24 19:00:00,60,23,100.6,7,53,40
2025-04-24 20:00:00,54,18,100.1,7,50,34
2025-04-24 21:00:00,50,15,96.2,8,49,36
2025-04-24 22:00:00,52,14,93.0,7,54,36
2025-04-24 23:00:00,46,15,91.8,5,48,36
2025-04-25 00:00:00,44,15,91.5,7,48,34
2025-04-25 01:00:00,49,15,90.5,7,51,34
2025-04-25 02:00:00,44,10,83.2,6,50,29
2025-04-25 03:00:00,45,13,91.0,7,52,33
2025-04-25 04:00:00,46,16,93.2,6,52,36
2025-04-25 05:00:00,48,18,94.7,7,49,33
2025-04-25 06:00:00,53,16,93.8,6,54,31
2025-04-25 07:00:00,55,17,101.6,6,54,41
2025-04-25 08:00:00,58,21,101.0,7,56,38
2025-04-25 09:00:00,57,18,95.1,8,55,38
2025-04-25 10:00:00,59,23,96.5,8,56,35
2025-04-25 11:00:00,57,28,100.8,9,55,38
2025-04-25 12:00:00,61,29,105.5,10,58,39
2025-04-25 13:00:00,67,27,106.9,10,59,42
2025-04-25 14:00:00,61,29,110.7,10,60,42
2025-04-25 15:00:00,65,25,106.9,8,59,42
2025-04-25 16:00:00,62,29,102.4,10,61,38
2025-04-25 17:00:00,53,25,91.3,8,57,37
2025-04-25 18:00:00,59,23,102.2,7,60,37
2025-04-25 19:00:00,59,21,103.3,7,54,41
2025-04-25 20:00:00,53,20,102.2,7,55,41
2025-04-25 21:00:00,54,16,95.3,7,51,36
2025-04-25 22:00:00,46,18,96.4,6,55,34
2025-04-25 23:00:00,44,13,84.0,5,51,27
2025-04-26 00:00:00,49,19,92.0,8,41,34
2025-04-26 01:00:00,48,17,89.4,5,41,31
2025-04-26 02:00:00,48,9,91.6,5,42,33
2025-04-26 03:00:00,47,13,86.2,5,40,37
2025-04-26 04:00:00,43,11,87.8,5,37,32
2025-04-26 05:00:00,48,13,87.1,6,42,30
2025-04-26 06:00:00,53,23,102.7,9,45,37
2025-04-26 07:00:00,46,17,90.0,6,41,35
2025-04-26 08:00:00,54,21,98.6,7,45,37
2025-04-26 09:00:00,55,24,94.0,7,43,37
2025-04-26 10:00:00,55,20,93.5,7,44,39
2025-04-26 11:00:00,60,23,99.5,9,46,38
2025-04-26 12:00:00,57,23,102.3,8,44,41
2025-04-26 13:00:00,62,25,105.7,9,45,41
2025-04-26 14:00:00,60,18,103.9,7,44,38
2025-04-26 15:00:00,65,30,103.0,9,47,42
2025-04-26 16:00:00,60,34,107.4,10,46,41
2025-04-26 17:00:00,56,26,98.8,8,45,40
2025-04-26 18:00:00,57,19,96.3,8,45,36
2025-04-26 19:00:00,54,20,95.7,8,44,32
2025-04-26 20:00:00,60,18,100.4,9,45,34
2025-04-26 21:00:00,52,14,95.6,6,42,37
2025-04-26 22:00:00,50,19,97.8,7,41,35
2025-04-26 23:00:00,48,17,93.9,6,42,31
2025-04-27 00:00:00,42,9,87.5,4,36,33
2025-04-27 01:00:00,48,15,96.7,6,39,37
2025-04-27 02:00:00,47,17,93.5,6,39,35
2025-04-27 03:00:00,47,19,91.7,6,40,34
2025-04-27 04:00:00,50,23,97.0,8,43,38
2025-04-27 05:00:00,47,11,94.9,6,41,35
2025-04-27 06:00:00,48,26,92.6,6,43,34
2025-04-27 07:00:00,53,17,94.1,7,44,33
2025-04-27 08:00:00,51,18,98.7,7,43,34
2025-04-27 09:00:00,56,23,98.5,7,43,37
2025-04-27 10:00:00,60,22,104.2,7,46,38
2025-04-27 11:00:00,64,27,110.1,9,46,45
2025-04-27 12:00:00,55,22,94.9,6,44,36
2025-04-27 13:00:00,61,27,103.1,8,47,37
2025-04-27 14:00:00,64,32,111.4,8,48,43
2025-04-27 15:00:00,58,28,101.8,7,47,38
2025-04-27 16:00:00,63,27,99.4,8,47,39
2025-04-27 17:00:00,60,27,102.2,9,44,40
2025-04-27 18:00:00,59,28,105.8,9,46,38
2025-04-27 19:00:00,52,16,98.2,8,43,37
2025-04-27 20:00:00,55,22,98.8,7,45,41
2025-04-27 21:00:00,53,17,97.0,5,41,35
2025-04-27 22:00:00,50,17,92.2,6,41,34
2025-04-27 23:00:00,48,18,94.9,7,42,33
2025-04-28 00:00:00,44,9,91.1,5,48,36
2025-04-28 01:00:00,45,9,89.7,6,49,33
2025-04-28 02:00:00,44,5,84.8,5,49,28
2025-04-28 03:00:00,47,10,90.7,6,54,31
2025-04-28 04:00:00,47,18,94.3,7,52,33
2025-04-28 05:00:00,45,14,89.0,5,51,35
2025-04-28 06:00:00,49,11,93.3,4,49,35
2025-04-28 07:00:00,50,16,94.2,7,50,35
2025-04-28 08:00:00,54,15,99.6,7,52,36
2025-04-28 09:00:00,55,18,99.0,8,54,37
2025-04-28 10:00:00,60,25,101.2,8,58,37
2025-04-28 11:00:00,56,22,103.0,8,56,41
2025-04-28 12:00:00,62,31,107.6,9,61,41
2025-04-28 13:00:00,60,27,103.0,8,60,37
2025-04-28 14:00:00,59,28,99.1,8,53,36
2025-04-28 15:00:00,59,27,103.5,8,55,42
2025-04-28 16:00:00,60,30,110.0,9,62,41
2025-04-28 17:00:00,63,28,97.9,9,60,41
2025-04-28 18:00:00,57,25,92.5,7,56,36
2025-04-28 19:00:00,53,24,100.2,9,50,38
2025-04-28 20:00:00,54,19,97.4,7,52,35
2025-04-28 21:00:00,52,20,97.8,8,55,38
2025-04-28 22:00:00,48,15,89.8,5,50,31
2025-04-28 23:00:00,47,14,84.4,6,52,30
2025-04-29 00:00:00,49,12,88.4,6,50,34
2025-04-29 01:00:00,47,11,93.9,6,55,34
2025-04-29 02:00:00,46,10,87.0,4,50,33
2025-04-29 03:00:00,43,14,86.6,4,46,33
2025-04-29 04:00:00,55,18,89.0,7,56,34
2025-04-29 05:00:00,52,18,89.5,7,53,34
2025-04-29 06:00:00,50,12,94.6,6,50,39
2025-04-29 07:00:00,50,22,94.5,7,53,31
2025-04-29 08:00:00,56,19,100.8,7,57,37
2025-04-29 09:00:00,55,24,97.0,7,55,36
2025-04-29 10:00:00,56,21,94.5,9,54,38
2025-04-29 11:00:00,55,26,99.4,7,56,39
2025-04-29 12:00:00,58,28,100.8,7,56,33
2025-04-29 13:00:00,61,23,100.2,8,58,40
2025-04-29 14:00:00,65,30,105.3,9,63,40
2025-04-29 15:00:00,65,32,107.9,10,58,42
2025-04-29 16:00:00,62,26,103.2,9,55,38
2025-04-29 17:00:00,61,30,102.2,9,63,40
2025-04-29 18:00:00,57,23,105.3,9,56,40
2025-04-29 19:00:00,57,25,102.4,8,54,38
2025-04-29 20:00:00,53,12,94.5,7,51,39
2025-04-29 21:00:00,54,26,99.0,7,54,42
2025-04-29 22:00:00,54,21,99.5,8,55,37
2025-04-29 23:00:00,47,13,91.8,6,46,31
2025-04-30 00:00:00,42,6,81.4,5,49,31
2025-04-30 01:00:00,46,13,84.9,6,49,30
2025-04-30 02:00:00,44,7,79.3,6,52,30
2025-04-30 03:00:00,46,14,95.0,6,51,36
2025-04-30 04:00:00,50,15,91.3,6,54,35
2025-04-30 05:00:00,49,11,92.4,6,51,32
2025-04-30 06:00:00,47,20,93.1,7,52,32
2025-04-30 07:00:00,56,21,101.5,6,58,36
2025-04-30 08:00:00,48,23,94.0,7,51,35
2025-04-30 09:00:00,61,22,98.5,7,58,41
2025-04-30 10:00:00,56,19,94.7,8,56,35
2025-04-30 11:00:00,60,29,103.1,9,61,41
2025-04-30 12:00:00,60,26,98.5,9,56,34
2025-04-30 13:00:00,61,23,100.2,7,56,39
2025-04-30 14:00:00,63,33,103.9,9,62,43
2025-04-30 15:00:00,63,35,107.4,10,60,39
2025-04-30 16:00:00,64,27,104.5,10,58,39
2025-04-30 17:00:00,63,33,107.9,10,59,41
2025-04-30 18:00:00,55,24,102.1,7,53,40
2025-04-30 19:00:00,57,21,98.7,8,56,35
2025-04-30 20:00:00,54,18,92.0,6,48,32
2025-04-30 21:00:00,52,24,90.7,8,55,36
2025-04-30 22:00:00,51,13,93.1,7,49,36
2025-04-30 23:00:00,48,17,90.2,6,54,32
2025-05-01 00:00:00,45,11,87.9,6,48,34
2025-05-01 01:00:00,45,11,88.7,6,48,33
2025-05-01 02:00:00,40,16,91.0,5,48,31
2025-05-01 03:00:00,44,11,82.2,5,50,29
2025-05-01 04:00:00,48,12,87.1,5,51,32
2025-05-01 05:00:00,49,18,92.9,7,49,40
2025-05-01 06:00:00,48,22,90.2,8,52,34
2025-05-01 07:00:00,55,20,93.0,7,54,34
2025-05-01 08:00:00,52,18,99.1,6,53,35
2025-05-01 09:00:00,52,20,92.9,8,55,36
2025-05-01 10:00:00,63,24,100.7,9,57,38
2025-05-01 11:00:00,57,27,98.0,6,54,37
2025-05-01 12:00:00,62,23,106.8,8,59,39
2025-05-01 13:00:00,60,30,102.7,9,54,37
2025-05-01 14:00:00,62,28,101.2,8,59,39
2025-05-01 15:00:00,58,22,97.5,8,54,41
2025-05-01 16:00:00,57,24,100.0,7,59,37
2025-05-01 17:00:00,60,24,105.2,8,55,39
2025-05-01 18:00:00,59,24,103.9,7,54,40
2025-05-01 19:00:00,60,29,102.0,8,63,39
2025-05-01 20:00:00,54,21,95.6,7,57,34
2025-05-01 21:00:00,56,15,103.1,8,53,38
2025-05-01 22:00:00,50,17,96.6,7,50,35
2025-05-01 23:00:00,49,13,90.6,8,50,36
2025-05-02 00:00:00,43,14,81.3,5,50,29
2025-05-02 01:00:00,45,14,87.7,7,50,30
2025-05-02 02:00:00,48,16,87.8,8,51,35
2025-05-02 03:00:00,45,12,86.2,7,53,34
2025-05-02 04:00:00,49,19,90.2,7,50,34
2025-05-02 05:00:00,47,18,90.7,6,47,32
2025-05-02 06:00:00,49,14,91.9,6,57,29
2025-05-02 07:00:00,54,26,96.8,7,57,41
2025-05-02 08:00:00,51,21,91.7,5,53,39
2025-05-02 09:00:00,57,19,97.9,8,56,37
2025-05-02 10:00:00,55,30,99.7,7,56,38
2025-05-02 11:00:00,62,33,101.1,9,56,37
2025-05-02 12:00:00,65,27,108.5,8,60,37
2025-05-02 13:00:00,63,26,102.7,9,60,39
2025-05-02 14:00:00,63,27,105.0,9,60,36
2025-05-02 15:00:00,60,30,103.9,10,53,41
2025-05-02 16:00:00,66,31,109.1,9,61,42
2025-05-02 17:00:00,63,28,106.3,9,60,39
2025-05-02 18:00:00,56,24,95.8,8,56,38
2025-05-02 19:00:00,56,27,101.9,8,54,41
2025-05-02 20:00:00,56,19,97.3,7,58,37
2025-05-02 21:00:00,57,22,102.8,9,56,38
2025-05-02 22:00:00,46,15,92.6,7,50,34
2025-05-02 23:00:00,46,16,94.2,6,50,38
2025-05-03 00:00:00,46,13,86.5,5,38,32
2025-05-03 01:00:00,40,12,89.2,5,41,34
2025-05-03 02:00:00,45,11,88.3,6,41,37
2025-05-03 03:00:00,50,17,95.5,5,41,34
2025-05-03 04:00:00,42,11,88.1,5,36,27
2025-05-03 05:00:00,47,12,91.3,6,41,34
2025-05-03 06:00:00,50,23,92.5,6,44,36
2025-05-03 07:00:00,57,21,102.1,8,45,37
2025-05-03 08:00:00,50,12,92.5,6,41,36
2025-05-03 09:00:00,59,20,95.9,6,42,39
2025-05-03 10:00:00,54,18,95.1,7,44,32
2025-05-03 11:00:00,60,22,98.5,8,43,36
2025-05-03 12:00:00,58,16,94.2,9,45,37
2025-05-03 13:00:00,61,27,106.8,9,48,38
2025-05-03 14:00:00,59,24,97.1,7,45,36
2025-05-03 15:00:00,62,28,101.4,7,47,39
2025-05-03 16:00:00,58,21,106.1,8,41,37
2025-05-03 17:00:00,58,26,100.3,9,44,34
2025-05-03 18:00:00,61,23,104.5,8,45,39
2025-05-03 19:00:00,59,27,106.0,9,43,40
2025-05-03 20:00:00,57,25,102.8,9,47,40
2025-05-03 21:00:00,51,21,96.0,8,41,33
2025-05-03 22:00:00,49,15,91.7,6,41,32
2025-05-03 23:00:00,49,21,96.0,6,45,37
2025-05-04 00:00:00,46,8,86.8,5,41,30
2025-05-04 01:00:00,46,7,89.5,5,42,31
2025-05-04 02:00:00,45,12,87.7,5,42,35
2025-05-04 03:00:00,46,20,91.4,7,42,33
2025-05-04 04:00:00,48,12,96.3,6,40,33
2025-05-04 05:00:00,48,14,89.3,6,38,34
2025-05-04 06:00:00,44,11,87.8,5,41,34
2025-05-04 07:00:00,47,21,94.3,8,41,36
2025-05-04 08:00:00,55,23,100.6,7,41,38
2025-05-04 09:00:00,54,25,100.0,8,45,36
2025-05-04 10:00:00,58,22,96.7,9,45,40
2025-05-04 11:00:00,57,23,100.5,7,43,40
2025-05-04 12:00:00,60,22,102.4,8,48,37
2025-05-04 13:00:00,61,28,107.7,9,45,40
2025-05-04 14:00:00,65,24,108.0,10,51,39
2025-05-04 15:00:00,63,24,107.7,9,49,41
2025-05-04 16:00:00,64,25,102.3,7,49,39
2025-05-04 17:00:00,59,24,98.7,9,45,38
2025-05-04 18:00:00,59,22,102.2,8,46,42
2025-05-04 19:00:00,56,24,103.4,7,45,40
2025-05-04 20:00:00,57,20,98.8,8,44,36
2025-05-04 21:00:00,51,17,91.9,6,42,32
2025-05-04 22:00:00,46,17,86.0,7,43,33
2025-05-04 23:00:00,42,11,87.1,5,37,33
2025-05-05 00:00:00,51,13,92.3,7,53,39
2025-05-05 01:00:00,47,13,88.7,5,49,30
2025-05-05 02:00:00,45,7,89.5,6,46,35
2025-05-05 03:00:00,50,16,93.0,8,54,34
2025-05-05 04:00:00,41,10,85.5,4,49,35
2025-05-05 05:00:00,47,15,93.4,5,53,34
2025-05-05 06:00:00,50,20,101.1,6,51,40
2025-05-05 07:00:00,54,21,96.3,8,53,41
2025-05-05 08:00:00,52,20,93.1,7,54,36
2025-05-05 09:00:00,52,21,93.4,7,55,34
2025-05-05 10:00:00,56,27,102.1,8,58,37
2025-05-05 11:00:00,63,28,102.5,10,59,37
2025-05-05 12:00:00,58,25,100.4,7,58,37
2025-05-05 13:00:00,59,25,101.5,8,61,37
2025-05-05 14:00:00,61,21,106.8,6,57,45
2025-05-05 15:00:00,60,28,107.4,9,59,39
2025-05-05 16:00:00,56,27,96.4,9,56,37
2025-05-05 17:00:00,57,30,106.9,8,57,41
2025-05-05 18:00:00,58,25,97.8,9,59,38
2025-05-05 19:00:00,58,27,102.7,7,56,42
2025-05-05 20:00:00,52,18,92.7,7,52,32
2025-05-05 21:00:00,54,22,96.4,9,56,34
2025-05-05 22:00:00,45,14,86.2,6,53,30
2025-05-05 23:00:00,45,17,95.0,6,47,38
2025-05-06 00:00:00,51,8,90.3,6,51,35
2025-05-06 01:00:00,49,13,92.1,6,52,38
2025-05-06 02:00:00,45,5,83.0,6,49,27
2025-05-06 03:00:00,44,11,83.1,6,49,32
2025-05-06 04:00:00,46,15,88.9,6,51,34
2025-05-06 05:00:00,47,13,91.7,6,49,31
2025-05-06 06:00:00,52,12,92.6,6,47,36
2025-05-06 07:00:00,53,21,99.9,8,54,38
2025-05-06 08:00:00,55,20,97.9,8,54,36
2025-05-06 09:00:00,55,20,97.8,6,52,38
2025-05-06 10:00:00,60,24,103.9,8,56,37
2025-05-06 11:00:00,63,35,108.3,9,62,42
2025-05-06 12:00:00,62,31,109.0,9,59,43
2025-05-06 13:00:00,61,32,107.3,10,59,39
2025-05-06 14:00:00,62,30,108.4,10,57,43
2025-05-06 15:00:00,59,28,105.4,9,59,37
2025-05-06 16:00:00,58,19,103.5,7,60,39
2025-05-06 17:00:00,59,23,104.0,8,58,39
2025-05-06 18:00:00,51,22,101.4,7,54,37
2025-05-06 19:00:00,53,16,93.5,8,54,34
2025-05-06 20:00:00,50,16,95.3,6,51,39
2025-05-06 21:00:00,51,11,87.7,6,54,28
2025-05-06 22:00:00,51,16,96.6,6,52,39
2025-05-06 23:00:00,48,17,92.1,7,55,32
2025-05-07 00:00:00,49,17,95.5,6,56,39
2025-05-07 01:00:00,48,14,95.7,6,50,37
2025-05-07 02:00:00,44,9,88.9,5,50,34
2025-05-07 03:00:00,48,6,86.6,5,49,35
2025-05-07 04:00:00,43,7,82.1,5,50,30
2025-05-07 05:00:00,50,10,92.7,6,50,36
2025-05-07 06:00:00,48,13,89.9,5,51,33
2025-05-07 07:00:00,49,17,95.1,6,53,36
2025-05-07 08:00:00,52,16,92.9,5,55,37
2025-05-07 09:00:00,53,23,95.0,8,53,37
2025-05-07 10:00:00,59,23,101.0,9,58,37
2025-05-07 11:00:00,55,26,101.5,9,56,38
2025-05-07 12:00:00,65,31,108.7,11,58,41
2025-05-07 13:00:00,58,24,98.6,8,59,36
2025-05-07 14:00:00,64,29,112.5,9,63,45
2025-05-07 15:00:00,62,28,104.3,9,59,42
2025-05-07 16:00:00,61,26,96.9,8,58,42
2025-05-07 17:00:00,59,29,106.1,8,57,38
2025-05-07 18:00:00,59,27,103.1,8,63,41
2025-05-07 19:00:00,55,19,96.9,7,57,37
2025-05-07 20:00:00,50,19,93.6,5,51,34
2025-05-07 21:00:00,49,19,93.1,6,49,36
2025-05-07 22:00:00,48,15,96.4,5,50,36
2025-05-07 23:00:00,46,16,92.3,5,50,34
2025-05-08 00:00:00,50,14,93.1,7,52,35
2025-05-08 01:00:00,47,19,91.6,6,52,33
2025-05-08 02:00:00,42,7,89.8,5,50,35
2025-05-08 03:00:00,44,12,90.5,6,44,34
2025-05-08 04:00:00,44,10,90.2,6,50,35
2025-05-08 05:00:00,48,16,92.6,7,53,38
2025-05-08 06:00:00,45,10,91.0,7,46,32
2025-05-08 07:00:00,50,19,95.2,7,51,40
2025-05-08 08:00:00,55,18,95.8,7,53,36
2025-05-08 09:00:00,55,20,99.0,7,56,38
2025-05-08 10:00:00,56,19,104.3,6,54,41
2025-05-08 11:00:00,59,24,102.4,8,57,37
2025-05-08 12:00:00,62,31,109.7,10,57,40
2025-05-08 13:00:00,61,28,107.9,8,58,40
2025-05-08 14:00:00,64,30,108.7,9,58,41
2025-05-08 15:00:00,64,34,113.5,10,59,41
2025-05-08 16:00:00,57,28,95.3,8,57,33
2025-05-08 17:00:00,59,24,95.8,7,58,39
2025-05-08 18:00:00,54,26,104.5,7,56,37
2025-05-08 19:00:00,57,20,97.0,8,55,39
2025-05-08 20:00:00,55,18,97.5,7,57,34
2025-05-08 21:00:00,48,13,96.2,6,50,34
2025-05-08 22:00:00,50,19,94.9,6,53,35
2025-05-08 23:00:00,42,13,92.0,6,51,38
2025-05-09 00:00:00,49,14,90.5,7,51,34
2025-05-09 01:00:00,46,9,90.0,5,49,34
2025-05-09 02:00:00,49,14,91.5,7,53,34
2025-05-09 03:00:00,49,10,94.4,6,49,33
2025-05-09 04:00:00,43,13,86.7,6,51,33
2025-05-09 05:00:00,51,17,91.3,7,49,34
2025-05-09 06:00:00,54,19,95.2,7,54,39
2025-05-09 07:00:00,48,18,91.0,5,50,32
2025-05-09 08:00:00,51,14,91.3,6,53,37
2025-05-09 09:00:00,58,33,101.9,9,61,39
2025-05-09 10:00:00,62,30,108.9,10,57,39
2025-05-09 11:00:00,54,28,104.3,7,53,39
2025-05-09 12:00:00,65,24,106.6,10,62,39
2025-05-09 13:00:00,61,27,102.4,10,58,41
2025-05-09 14:00:00,64,26,103.7,9,59,39
2025-05-09 15:00:00,63,32,100.8,8,59,37
2025-05-09 16:00:00,62,28,106.3,9,58,39
2025-05-09 17:00:00,53,23,95.3,7,53,34
2025-05-09 18:00:00,56,22,103.8,7,55,42
2025-05-09 19:00:00,59,26,98.3,9,56,35
2025-05-09 20:00:00,56,26,98.5,8,58,37
2025-05-09 21:00:00,49,23,94.6,7,52,36
2025-05-09 22:00:00,50,19,95.7,7,55,35
2025-05-09 23:00:00,45,13,94.7,6,51,32
2025-05-10 00:00:00,41,3,78.8,4,36,34
2025-05-10 01:00:00,42,13,86.1,7,37,31
2025-05-10 02:00:00,47,12,85.4,6,40,29
2025-05-10 03:00:00,49,13,93.4,6,40,33
2025-05-10 04:00:00,52,13,91.4,6,41,35
2025-05-10 05:00:00,43,10,85.9,5,40,31
2025-05-10 06:00:00,52,18,94.5,7,43,33
2025-05-10 07:00:00,54,20,97.6,7,46,37
2025-05-10 08:00:00,53,22,96.7,9,42,34
2025-05-10 09:00:00,54,25,96.3,8,41,38
2025-05-10 10:00:00,56,26,100.5,7,44,39
2025-05-10 11:00:00,58,24,98.6,10,47,37
2025-05-10 12:00:00,61,27,106.5,7,46,47
2025-05-10 13:00:00,65,28,107.3,9,51,40
2025-05-10 14:00:00,65,28,103.9,9,47,39
2025-05-10 15:00:00,58,31,111.2,9,47,45
2025-05-10 16:00:00,59,29,108.8,9,46,42
2025-05-10 17:00:00,65,33,115.9,9,45,42
2025-05-10 18:00:00,58,32,102.8,9,45,39
2025-05-10 19:00:00,56,22,96.5,8,45,38
2025-05-10 20:00:00,46,7,89.3,7,39,28
2025-05-10 21:00:00,56,22,102.2,8,44,37
2025-05-10 22:00:00,44,14,89.2,5,39,37
2025-05-10 23:00:00,43,12,80.6,6,39,29
2025-05-11 00:00:00,49,12,87.8,6,37,36
2025-05-11 01:00:00,50,11,92.5,7,40,33
2025-05-11 02:00:00,45,14,87.4,6,39,33
2025-05-11 03:00:00,44,7,81.9,5,40,31
2025-05-11 04:00:00,48,9,88.5,4,42,32
2025-05-11 05:00:00,49,16,82.4,8,42,28
2025-05-11 06:00:00,49,18,91.5,7,42,36
2025-05-11 07:00:00,51,20,93.9,7,39,34
2025-05-11 08:00:00,49,17,93.8,7,40,39
2025-05-11 09:00:00,55,19,99.2,8,43,37
2025-05-11 10:00:00,57,22,101.0,10,45,38
2025-05-11 11:00:00,59,26,105.0,9,46,40
2025-05-11 12:00:00,60,32,104.5,9,44,38
2025-05-11 13:00:00,57,21,95.1,8,46,36
2025-05-11 14:00:00,63,27,105.7,9,46,37
2025-05-11 15:00:00,62,23,101.0,8,43,40
2025-05-11 16:00:00,58,21,96.2,8,46,34
2025-05-11 17:00:00,59,29,105.4,7,45,41
2025-05-11 18:00:00,56,26,96.3,8,46,36
2025-05-11 19:00:00,59,24,103.4,8,43,38
2025-05-11 20:00:00,55,23,94.7,8,43,35
2025-05-11 21:00:00,52,16,93.6,7,41,36
2025-05-11 22:00:00,50,14,90.8,6,42,35
2025-05-11 23:00:00,49,22,98.1,6,41,35
2025-05-12 00:00:00,43,12,89.2,7,50,31
2025-05-12 01:00:00,44,15,86.2,6,49,30
2025-05-12 02:00:00,48,12,90.1,7,50,29
2025-05-12 03:00:00,42,6,88.3,4,49,35
2025-05-12 04:00:00,43,6,89.8,5,52,34
2025-05-12 05:00:00,44,12,84.0,4,49,34
2025-05-12 06:00:00,47,20,96.7,7,50,38
2025-05-12 07:00:00,50,21,98.7,8,53,39
2025-05-12 08:00:00,59,23,101.8,8,57,37
2025-05-12 09:00:00,56,19,97.9,7,52,37
2025-05-12 10:00:00,58,30,101.4,8,55,36
2025-05-12 11:00:00,61,22,98.8,8,55,39
2025-05-12 12:00:00,61,28,105.1,8,56,40
2025-05-12 13:00:00,65,28,106.4,10,63,42
2025-05-12 14:00:00,67,27,109.6,9,56,42
2025-05-12 15:00:00,65,32,110.3,8,61,44
2025-05-12 16:00:00,60,24,110.3,8,57,40
2025-05-12 17:00:00,60,21,104.8,8,57,38
2025-05-12 18:00:00,58,24,102.6,7,54,42
2025-05-12 19:00:00,51,21,88.8,7,52,35
2025-05-12 20:00:00,55,32,103.2,7,59,38
2025-05-12 21:00:00,50,20,99.2,7,52,33
2025-05-12 22:00:00,47,15,89.6,6,54,33
2025-05-12 23:00:00,51,11,98.6,6,47,32
2025-05-13 00:00:00,47,6,89.7,5,51,32
2025-05-13 01:00:00,46,9,88.7,4,50,32
2025-05-13 02:00:00,48,12,87.2,7,48,34
2025-05-13 03:00:00,42,17,93.1,6,51,34
2025-05-13 04:00:00,49,17,90.6,5,51,32
2025-05-13 05:00:00,50,15,91.3,7,53,37
2025-05-13 06:00:00,44,15,82.9,6,48,29
2025-05-13 07:00:00,54,19,99.2,8,53,33
2025-05-13 08:00:00,50,18,95.3,6,54,37
2025-05-13 09:00:00,52,28,99.0,8,60,36
2025-05-13 10:00:00,61,23,104.9,8,56,41
2025-05-13 11:00:00,57,25,102.7,7,59,37
2025-05-13 12:00:00,57,19,97.5,8,58,35
2025-05-13 13:00:00,64,27,103.6,10,61,37
2025-05-13 14:00:00,62,31,100.9,10,61,39
2025-05-13 15:00:00,60,24,101.9,9,56,40
2025-05-13 16:00:00,59,24,98.3,9,55,39
2025-05-13 17:00:00,61,28,105.1,9,57,43
2025-05-13 18:00:00,56,19,97.3,7,55,38
2025-05-13 19:00:00,57,26,99.9,7,56,36
2025-05-13 20:00:00,52,18,98.2,7,52,39
2025-05-13 21:00:00,52,17,91.6,8,52,35
2025-05-13 22:00:00,49,12,85.6,5,51,34
2025-05-13 23:00:00,53,16,94.2,6,55,35
2025-05-14 00:00:00,48,22,91.5,6,50,34
2025-05-14 01:00:00,46,15,90.5,5,52,34
2025-05-14 02:00:00,45,9,84.7,6,50,29
2025-05-14 03:00:00,49,16,93.9,5,51,31
2025-05-14 04:00:00,43,12,84.5,6,50,31
2025-05-14 05:00:00,49,19,90.8,8,55,37
2025-05-14 06:00:00,44,19,92.0,7,50,33
2025-05-14 07:00:00,48,8,88.7,6,49,33
2025-05-14 08:00:00,55,16,93.2,8,53,35
2025-05-14 09:00:00,55,25,96.7,7,54,38
2025-05-14 10:00:00,58,25,100.4,8,58,36
2025-05-14 11:00:00,57,22,96.4,7,56,38
2025-05-14 12:00:00,58,25,100.5,9,53,38
2025-05-14 13:00:00,62,21,102.0,9,60,39
2025-05-14 14:00:00,59,28,100.4,8,57,39
2025-05-14 15:00:00,64,35,111.3,10,62,42
2025-05-14 16:00:00,62,30,102.8,9,60,40
2025-05-14 17:00:00,59,33,109.0,8,57,40
2025-05-14 18:00:00,59,27,102.2,8,55,41
2025-05-14 19:00:00,54,26,97.4,8,53,37
2025-05-14 20:00:00,57,27,103.0,8,56,41
2025-05-14 21:00:00,49,19,93.4,6,53,36
2025-05-14 22:00:00,48,15,94.1,7,55,37
2025-05-14 23:00:00,48,18,86.6,8,54,34
2025-05-15 00:00:00,51,18,95.8,7,49,36
2025-05-15 01:00:00,46,11,86.7,5,49,34
2025-05-15 02:00:00,47,9,89.0,5,46,34
2025-05-15 03:00:00,47,13,89.9,7,53,38
2025-05-15 04:00:00,49,16,96.3,7,51,36
2025-05-15 05:00:00,48,17,86.4,6,52,33
2025-05-15 06:00:00,51,11,96.6,6,51,38
2025-05-15 07:00:00,52,25,99.8,7,55,36
2025-05-15 08:00:00,49,18,93.3,6,51,36
2025-05-15 09:00:00,55,21,93.8,7,55,35
2025-05-15 10:00:00,58,21,95.0,7,54,35
2025-05-15 11:00:00,58,35,103.3,8,59,38
2025-05-15 12:00:00,59,28,104.8,9,58,35
2025-05-15 13:00:00,58,25,101.1,9,57,39
2025-05-15 14:00:00,65,31,109.6,8,60,42
2025-05-15 15:00:00,66,30,104.5,9,63,40
2025-05-15 16:00:00,60,26,103.3,8,61,40
2025-05-15 17:00:00,62,29,108.3,9,56,41
2025-05-15 18:00:00,58,21,104.6,8,54,41
2025-05-15 19:00:00,59,20,96.8,7,56,36
2025-05-15 20:00:00,50,13,91.0,8,51,32
2025-05-15 21:00:00,50,13,90.9,7,53,34
2025-05-15 22:00:00,50,22,93.7,6,54,35
2025-05-15 23:00:00,50,20,97.0,8,53,37
2025-05-16 00:00:00,53,13,102.6,6,50,39
2025-05-16 01:00:00,47,18,88.8,7,52,38
2025-05-16 02:00:00,43,11,88.3,7,53,28
2025-05-16 03:00:00,43,11,87.5,5,50,33
2025-05-16 04:00:00,50,13,92.9,6,52,34
2025-05-16 05:00:00,46,14,93.4,6,51,36
2025-05-16 06:00:00,51,15,94.6,8,51,36
2025-05-16 07:00:00,51,22,89.3,8,54,33
2025-05-16 08:00:00,51,21,90.8,7,53,32
2025-05-16 09:00:00,58,25,98.1,8,54,36
2025-05-16 10:00:00,57,28,99.6,9,57,37
2025-05-16 11:00:00,61,27,103.6,8,58,37
2025-05-16 12:00:00,61,24,102.3,7,59,41
2025-05-16 13:00:00,62,23,97.6,9,58,40
2025-05-16 14:00:00,61,29,100.0,9,59,37
2025-05-16 15:00:00,63,27,99.2,9,59,34
2025-05-16 16:00:00,59,27,97.9,9,57,36
2025-05-16 17:00:00,53,26,101.6,7,57,35
2025-05-16 18:00:00,62,33,106.1,9,61,41
2025-05-16 19:00:00,55,17,93.9,9,52,34
2025-05-16 20:00:00,50,13,86.4,7,52,29
2025-05-16 21:00:00,48,19,89.9,7,49,31
2025-05-16 22:00:00,44,15,90.6,6,53,31
2025-05-16 23:00:00,48,15,93.2,5,50,36
2025-05-17 00:00:00,51,15,92.8,6,41,33
2025-05-17 01:00:00,47,17,90.3,7,44,33
2025-05-17 02:00:00,43,7,80.0,5,38,30
2025-05-17 03:00:00,45,10,85.6,5,38,30
2025-05-17 04:00:00,52,15,95.8,7,43,33
2025-05-17 05:00:00,50,17,91.7,6,42,34
2025-05-17 06:00:00,49,24,100.2,6,41,39
2025-05-17 07:00:00,52,21,100.2,7,44,36
2025-05-17 08:00:00,54,20,95.9,7,45,40
2025-05-17 09:00:00,52,19,94.8,7,44,35
2025-05-17 10:00:00,59,22,107.8,7,46,38
2025-05-17 11:00:00,57,24,102.7,7,46,37
2025-05-17 12:00:00,58,29,102.9,9,47,34
2025-05-17 13:00:00,62,29,105.9,11,46,41
2025-05-17 14:00:00,60,23,102.8,8,49,38
2025-05-17 15:00:00,61,26,103.9,9,48,38
2025-05-17 16:00:00,60,30,101.1,9,49,41
2025-05-17 17:00:00,58,27,101.0,9,45,37
2025-05-17 18:00:00,61,26,99.5,9,48,40
2025-05-17 19:00:00,57,23,102.6,7,45,38
2025-05-17 20:00:00,53,26,97.9,7,45,38
2025-05-17 21:00:00,47,19,94.3,7,40,35
2025-05-17 22:00:00,47,15,86.7,5,40,33
2025-05-17 23:00:00,47,11,93.9,6,42,34
2025-05-18 00:00:00,45,14,93.1,4,40,35
2025-05-18 01:00:00,41,4,78.5,5,39,29
2025-05-18 02:00:00,44,11,85.9,5,37,29
2025-05-18 03:00:00,45,12,87.3,6,38,30
2025-05-18 04:00:00,47,8,84.2,7,39,31
2025-05-18 05:00:00,47,11,88.6,7,42,33
2025-05-18 06:00:00,50,19,96.0,7,44,37
2025-05-18 07:00:00,51,19,93.4,5,43,37
2025-05-18 08:00:00,52,20,91.1,6,44,38
2025-05-18 09:00:00,58,23,103.3,7,46,38
2025-05-18 10:00:00,60,24,99.9,9,44,41
2025-05-18 11:00:00,66,30,106.2,8,48,38
2025-05-18 12:00:00,62,27,110.2,9,46,42
2025-05-18 13:00:00,59,23,102.4,8,45,36
2025-05-18 14:00:00,61,34,104.1,9,47,38
2025-05-18 15:00:00,64,29,103.4,10,50,37
2025-05-18 16:00:00,58,25,104.4,8,46,39
2025-05-18 17:00:00,60,21,104.3,9,45,38
2025-05-18 18:00:00,56,25,98.9,7,46,36
2025-05-18 19:00:00,56,22,95.5,9,43,35
2025-05-18 20:00:00,52,26,99.2,8,48,36
2025-05-18 21:00:00,53,17,97.1,8,44,38
2025-05-18 22:00:00,46,13,88.1,5,36,35
2025-05-18 23:00:00,49,17,89.9,5,40,31
2025-05-19 00:00:00,47,16,91.3,7,55,34
2025-05-19 01:00:00,46,13,90.8,6,51,34
2025-05-19 02:00:00,45,14,87.8,7,49,33
2025-05-19 03:00:00,45,12,89.0,6,50,37
2025-05-19 04:00:00,47,14,91.5,8,48,34
2025-05-19 05:00:00,46,18,95.0,7,49,32
2025-05-19 06:00:00,48,18,91.0,6,49,33
2025-05-19 07:00:00,50,17,90.4,5,52,34
2025-05-19 08:00:00,54,25,98.5,7,58,38
2025-05-19 09:00:00,51,14,98.0,6,53,36
2025-05-19 10:00:00,62,31,101.0,9,60,39
2025-05-19 11:00:00,57,20,91.9,8,54,38
2025-05-19 12:00:00,60,25,102.0,9,59,42
2025-05-19 13:00:00,58,28,101.3,9,56,41
2025-05-19 14:00:00,67,27,107.5,9,60,43
2025-05-19 15:00:00,69,31,109.8,9,63,43
2025-05-19 16:00:00,58,23,103.7,9,56,39
2025-05-19 17:00:00,63,27,105.0,10,61,40
2025-05-19 18:00:00,57,22,102.2,7,55,40
2025-05-19 19:00:00,60,23,94.7,9,60,38
2025-05-19 20:00:00,54,20,95.7,8,55,37
2025-05-19 21:00:00,52,18,92.6,6,52,37
2025-05-19 22:00:00,43,14,80.8,5,48,26
2025-05-19 23:00:00,45,13,89.0,5,49,34
2025-05-20 00:00:00,47,14,90.0,8,53,31
2025-05-20 01:00:00,47,16,89.6,7,55,33
2025-05-20 02:00:00,42,10,85.2,5,45,31
2025-05-20 03:00:00,43,9,86.5,5,48,31
2025-05-20 04:00:00,48,15,94.9,5,54,34
2025-05-20 05:00:00,44,14,90.7,7,50,35
2025-05-20 06:00:00,51,19,95.5,7,53,37
2025-05-20 07:00:00,54,15,102.0,7,55,40
2025-05-20 08:00:00,53,14,92.0,6,50,34
2025-05-20 09:00:00,56,20,94.4,8,56,36
2025-05-20 10:00:00,52,21,99.7,7,54,42
2025-05-20 11:00:00,57,25,106.7,7,57,39
2025-05-20 12:00:00,65,25,104.1,9,62,37
2025-05-20 13:00:00,61,30,109.3,8,58,43
2025-05-20 14:00:00,65,27,104.9,9,60,42
2025-05-20 15:00:00,60,28,105.8,8,58,42
2025-05-20 16:00:00,60,27,105.7,9,54,42
2025-05-20 17:00:00,61,26,101.9,9,60,37
2025-05-20 18:00:00,58,24,106.6,8,58,41
2025-05-20 19:00:00,57,24,106.4,8,57,41
2025-05-20 20:00:00,51,17,91.0,7,53,36
2025-05-20 21:00:00,50,23,96.1,7,56,36
2025-05-20 22:00:00,47,15,93.6,6,51,37
2025-05-20 23:00:00,45,10,82.1,5,49,32
2025-05-21 00:00:00,46,14,89.8,5,47,34
2025-05-21 01:00:00,47,9,84.1,7,48,31
2025-05-21 02:00:00,46,14,92.1,6,50,36
2025-05-21 03:00:00,49,20,94.1,6,53,35
2025-05-21 04:00:00,46,10,87.4,5,49,33
2025-05-21 05:00:00,45,16,85.2,6,50,32
2025-05-21 06:00:00,48,10,87.7,5,49,34
2025-05-21 07:00:00,52,20,97.3,6,56,37
2025-05-21 08:00:00,55,17,96.3,7,54,34
2025-05-21 09:00:00,52,20,99.6,9,56,39
2025-05-21 10:00:00,52,20,98.9,7,53,38
2025-05-21 11:00:00,61,28,107.5,9,59,41
2025-05-21 12:00:00,63,30,104.7,8,60,40
2025-05-21 13:00:00,61,28,105.4,8,59,38
2025-05-21 14:00:00,61,25,100.5,10,56,38
2025-05-21 15:00:00,65,33,105.3,9,60,39
2025-05-21 16:00:00,59,24,105.3,8,53,41
2025-05-21 17:00:00,57,18,94.6,8,58,37
2025-05-21 18:00:00,58,26,98.0,8,50,39
2025-05-21 19:00:00,52,18,95.2,6,55,36
2025-05-21 20:00:00,54,23,97.6,6,55,38
2025-05-21 21:00:00,51,17,93.4,6,49,34
2025-05-21 22:00:00,54,18,103.5,8,55,36
2025-05-21 23:00:00,48,19,90.2,6,50,32
2025-05-22 00:00:00,46,9,89.3,6,50,34
2025-05-22 01:00:00,47,10,89.7,5,50,33
2025-05-22 02:00:00,43,12,90.2,6,49,30
2025-05-22 03:00:00,51,18,91.7,7,52,34
2025-05-22 04:00:00,50,11,90.7,5,54,33
2025-05-22 05:00:00,47,12,90.3,7,49,33
2025-05-22 06:00:00,49,18,88.5,5,51,34
2025-05-22 07:00:00,55,16,90.9,8,54,39
2025-05-22 08:00:00,56,21,98.4,8,55,35
2025-05-22 09:00:00,54,17,100.2,6,52,40
2025-05-22 10:00:00,63,32,106.3,11,56,41
2025-05-22 11:00:00,61,21,101.6,9,58,41
2025-05-22 12:00:00,60,26,106.2,9,58,41
2025-05-22 13:00:00,62,28,104.6,9,62,40
2025-05-22 14:00:00,65,35,111.8,9,63,43
2025-05-22 15:00:00,60,23,110.3,8,57,38
2025-05-22 16:00:00,59,34,103.6,9,57,38
2025-05-22 17:00:00,58,28,102.0,8,59,39
2025-05-22 18:00:00,55,25,100.7,8,54,35
2025-05-22 19:00:00,56,19,102.4,7,57,38
2025-05-22 20:00:00,51,22,95.6,8,51,34
2025-05-22 21:00:00,51,15,95.9,8,57,37
2025-05-22 22:00:00,55,20,99.1,8,53,38
2025-05-22 23:00:00,50,11,91.4,5,50,37
2025-05-23 00:00:00,42,13,85.3,5,45,32
2025-05-23 01:00:00,42,10,84.0,5,47,29
2025-05-23 02:00:00,42,9,94.8,5,49,33
2025-05-23 03:00:00,43,15,83.8,4,48,29
2025-05-23 04:00:00,43,15,83.7,6,47,32
2025-05-23 05:00:00,49,19,94.0,6,49,34
2025-05-23 06:00:00,49,10,91.2,6,52,34
2025-05-23 07:00:00,55,22,99.5,8,56,37
2025-05-23 08:00:00,55,29,98.1,7,56,34
2025-05-23 09:00:00,55,20,94.6,7,56,36
2025-05-23 10:00:00,60,31,104.2,9,56,41
2025-05-23 11:00:00,59,25,104.7,8,56,38
2025-05-23 12:00:00,61,22,99.6,8,57,37
2025-05-23 13:00:00,62,27,105.3,8,61,41
2025-05-23 14:00:00,62,32,104.8,10,62,38
2025-05-23 15:00:00,56,25,95.6,8,57,36
2025-05-23 16:00:00,64,25,101.4,9,61,40
2025-05-23 17:00:00,58,28,105.3,8,56,41
2025-05-23 18:00:00,59,24,99.7,8,57,38
2025-05-23 19:00:00,52,24,100.7,8,51,36
2025-05-23 20:00:00,54,21,97.2,7,56,37
2025-05-23 21:00:00,52,20,91.7,8,53,34
2025-05-23 22:00:00,49,14,93.6,6,56,35
2025-05-23 23:00:00,56,15,94.0,7,55,33
2025-05-24 00:00:00,44,10,85.9,5,38,30
2025-05-24 01:00:00,49,17,96.1,7,41,37
2025-05-24 02:00:00,46,10,84.5,5,39,32
2025-05-24 03:00:00,45,16,88.6,7,39,32
2025-05-24 04:00:00,48,12,87.4,6,41,31
2025-05-24 05:00:00,48,15,87.6,6,39,35
2025-05-24 06:00:00,51,14,91.8,7,42,36
2025-05-24 07:00:00,55,14,93.5,7,40,40
2025-05-24 08:00:00,52,14,93.0,8,43,33
2025-05-24 09:00:00,54,18,98.4,7,42,34
2025-05-24 10:00:00,60,23,99.8,9,44,39
2025-05-24 11:00:00,63,26,100.9,9,48,38
2025-05-24 12:00:00,60,30,106.3,9,44,40
2025-05-24 13:00:00,60,26,100.9,8,47,36
2025-05-24 14:00:00,63,25,109.9,9,48,41
2025-05-24 15:00:00,60,23,100.6,8,44,37
2025-05-24 16:00:00,59,29,102.8,9,46,37
2025-05-24 17:00:00,62,30,99.1,9,48,37
2025-05-24 18:00:00,61,28,100.9,8,47,35
2025-05-24 19:00:00,56,25,92.9,9,46,37
2025-05-24 20:00:00,54,22,99.0,7,45,37
2025-05-24 21:00:00,52,24,96.7,8,45,36
2025-05-24 22:00:00,47,17,93.5,5,43,37
2025-05-24 23:00:00,47,17,93.9,6,41,34
2025-05-25 00:00:00,46,12,92.2,7,40,32
2025-05-25 01:00:00,41,8,83.4,6,38,32
2025-05-25 02:00:00,44,10,87.0,6,38,30
2025-05-25 03:00:00,46,12,90.8,6,42,29
2025-05-25 04:00:00,50,13,89.4,5,40,35
2025-05-25 05:00:00,49,21,91.3,7,44,35
2025-05-25 06:00:00,46,16,95.5,6,40,34
2025-05-25 07:00:00,52,22,91.2,5,45,32
2025-05-25 08:00:00,52,18,96.6,6,44,37
2025-05-25 09:00:00,57,21,100.3,8,44,37
2025-05-25 10:00:00,56,19,94.5,7,44,37
2025-05-25 11:00:00,52,23,94.8,6,41,37
2025-05-25 12:00:00,70,29,109.8,10,51,41
2025-05-25 13:00:00,62,28,105.6,9,48,37
2025-05-25 14:00:00,63,31,108.0,10,50,42
2025-05-25 15:00:00,58,28,102.5,8,45,39
2025-05-25 16:00:00,57,26,101.4,8,49,39
2025-05-25 17:00:00,61,33,108.4,8,47,41
2025-05-25 18:00:00,58,24,103.1,8,45,41
2025-05-25 19:00:00,59,26,106.9,8,45,46
2025-05-25 20:00:00,54,19,99.6,7,43,41
2025-05-25 21:00:00,49,20,94.2,6,40,36
2025-05-25 22:00:00,44,19,92.3,7,38,36
2025-05-25 23:00:00,48,15,92.6,7,39,34
2025-05-26 00:00:00,43,5,85.0,7,48,27
2025-05-26 01:00:00,43,12,84.3,6,52,34
2025-05-26 02:00:00,49,16,92.8,7,50,33
2025-05-26 03:00:00,42,14,81.2,6,49,28
2025-05-26 04:00:00,48,15,94.8,5,50,37
2025-05-26 05:00:00,43,8,86.6,4,50,37
2025-05-26 06:00:00,49,13,91.2,6,52,35
2025-05-26 07:00:00,54,19,95.8,5,56,36
2025-05-26 08:00:00,53,21,99.0,6,52,39
2025-05-26 09:00:00,61,26,109.5,8,58,42
2025-05-26 10:00:00,62,23,104.9,9,58,37
2025-05-26 11:00:00,60,27,109.5,9,58,39
2025-05-26 12:00:00,62,27,107.2,8,61,40
2025-05-26 13:00:00,63,24,102.2,9,58,40
2025-05-26 14:00:00,61,20,103.1,9,56,41
2025-05-26 15:00:00,63,29,107.4,10,58,40
2025-05-26 16:00:00,60,28,101.0,9,62,40
2025-05-26 17:00:00,55,23,97.5,9,53,40
2025-05-26 18:00:00,53,18,94.4,7,55,35
2025-05-26 19:00:00,62,24,104.3,9,56,37
2025-05-26 20:00:00,54,19,96.0,7,55,38
2025-05-26 21:00:00,51,20,96.2,8,51,40
2025-05-26 22:00:00,54,23,99.6,7,55,36
2025-05-26 23:00:00,44,7,89.7,5,49,36
2025-05-27 00:00:00,47,11,91.1,5,50,33
2025-05-27 01:00:00,46,12,86.6,6,51,32
2025-05-27 02:00:00,48,17,98.5,6,52,39
2025-05-27 03:00:00,43,7,83.3,6,47,30
2025-05-27 04:00:00,46,20,90.7,6,52,31
2025-05-27 05:00:00,46,15,91.8,7,51,35
2025-05-27 06:00:00,47,16,100.0,5,53,34
2025-05-27 07:00:00,51,17,95.6,6,50,38
2025-05-27 08:00:00,49,18,91.6,7,53,36
2025-05-27 09:00:00,54,26,94.0,8,55,38
2025-05-27 10:00:00,57,20,94.0,9,55,34
2025-05-27 11:00:00,59,27,103.1,9,60,37
2025-05-27 12:00:00,61,26,105.1,8,56,40
2025-05-27 13:00:00,61,25,99.0,10,59,37
2025-05-27 14:00:00,71,37,114.6,10,62,40
2025-05-27 15:00:00,62,29,101.8,8,62,38
2025-05-27 16:00:00,60,29,101.7,9,59,39
2025-05-27 17:00:00,61,30,106.8,8,55,41
2025-05-27 18:00:00,59,19,97.7,7,58,38
2025-05-27 19:00:00,57,28,106.1,8,58,39
2025-05-27 20:00:00,53,11,91.5,7,53,38
2025-05-27 21:00:00,52,15,97.3,8,52,36
2025-05-27 22:00:00,48,14,98.2,6,50,35
2025-05-27 23:00:00,49,16,90.1,6,53,33
2025-05-28 00:00:00,51,14,100.2,7,49,38
2025-05-28 01:00:00,46,12,89.1,5,49,32
2025-05-28 02:00:00,43,12,85.2,5,50,33
2025-05-28 03:00:00,44,9,85.7,6,46,33
2025-05-28 04:00:00,40,8,82.3,6,44,29
2025-05-28 05:00:00,49,17,96.9,7,53,35
2025-05-28 06:00:00,53,18,100.1,7,53,41
2025-05-28 07:00:00,50,23,99.4,9,56,37
2025-05-28 08:00:00,53,17,91.7,6,53,29
2025-05-28 09:00:00,59,24,102.4,8,54,37
2025-05-28 10:00:00,60,23,97.5,8,60,38
2025-05-28 11:00:00,64,30,109.9,10,57,41
2025-05-28 12:00:00,57,31,101.3,8,55,38
2025-05-28 13:00:00,63,28,107.4,10,59,42
2025-05-28 14:00:00,58,27,100.4,8,57,36
2025-05-28 15:00:00,60,31,99.6,9,59,38
2025-05-28 16:00:00,63,29,109.1,9,61,41
2025-05-28 17:00:00,59,23,104.5,8,52,40
2025-05-28 18:00:00,58,19,100.0,8,54,37
2025-05-28 19:00:00,53,21,90.6,7,56,34
2025-05-28 20:00:00,59,25,104.3,8,55,40
2025-05-28 21:00:00,54,22,95.8,7,55,34
2025-05-28 22:00:00,51,12,93.7,6,55,34
2025-05-28 23:00:00,44,10,85.7,5,49,35
2025-05-29 00:00:00,51,18,92.9,7,52,36
2025-05-29 01:00:00,44,8,87.8,5,48,34
2025-05-29 02:00:00,44,14,86.2,5,52,32
2025-05-29 03:00:00,47,10,88.3,6,47,33
2025-05-29 04:00:00,50,19,95.3,7,56,34
2025-05-29 05:00:00,45,12,94.8,6,49,35
2025-05-29 06:00:00,56,20,98.0,7,54,37
2025-05-29 07:00:00,56,19,100.5,8,53,39
2025-05-29 08:00:00,55,21,94.8,8,53,35
2025-05-29 09:00:00,55,15,101.1,6,49,38
2025-05-29 10:00:00,56,16,94.9,7,57,41
2025-05-29 11:00:00,55,25,99.3,7,51,37
2025-05-29 12:00:00,61,28,106.1,9,58,38
2025-05-29 13:00:00,61,24,100.4,9,57,39
2025-05-29 14:00:00,59,24,105.3,8,58,40
2025-05-29 15:00:00,61,30,103.3,9,55,37
2025-05-29 16:00:00,55,29,103.6,9,55,40
2025-05-29 17:00:00,57,25,103.8,8,57,41
2025-05-29 18:00:00,61,27,105.6,9,58,39
2025-05-29 19:00:00,59,18,101.7,8,55,41
2025-05-29 20:00:00,51,19,102.2,7,53,37
2025-05-29 21:00:00,54,24,99.3,8,58,36
2025-05-29 22:00:00,52,16,95.0,8,55,36
2025-05-29 23:00:00,47,15,91.5,5,53,35
2025-05-30 00:00:00,50,21,99.0,7,54,38
2025-05-30 01:00:00,44,7,93.3,5,49,35
2025-05-30 02:00:00,49,15,91.6,6,50,32
2025-05-30 03:00:00,44,18,87.2,7,50,31
2025-05-30 04:00:00,43,12,90.9,5,53,33
2025-05-30 05:00:00,49,17,89.0,7,54,35
2025-05-30 06:00:00,49,13,91.9,6,51,33
2025-05-30 07:00:00,51,16,94.3,6,48,37
2025-05-30 08:00:00,55,21,98.2,7,57,41
2025-05-30 09:00:00,54,25,98.8,9,57,35
2025-05-30 10:00:00,55,28,95.8,9,55,36
2025-05-30 11:00:00,60,31,102.1,8,57,40
2025-05-30 12:00:00,60,27,106.0,9,54,42
2025-05-30 13:00:00,62,32,100.4,9,62,39
2025-05-30 14:00:00,65,27,106.2,9,59,40
2025-05-30 15:00:00,64,31,106.7,9,61,37
2025-05-30 16:00:00,62,28,99.2,8,57,37
2025-05-30 17:00:00,60,27,108.9,8,55,42
2025-05-30 18:00:00,57,25,97.9,9,59,40
2025-05-30 19:00:00,52,16,96.2,8,52,34
2025-05-30 20:00:00,50,16,91.4,6,51,37
2025-05-30 21:00:00,50,18,91.3,7,58,36
2025-05-30 22:00:00,48,10,88.8,6,52,34
2025-05-30 23:00:00,46,17,89.7,7,49,32
2025-05-31 00:00:00,48,16,91.1,6,42,37
2025-05-31 01:00:00,45,13,86.9,5,37,32
2025-05-31 02:00:00,43,8,82.9,6,38,32
2025-05-31 03:00:00,50,17,96.4,8,41,34
2025-05-31 04:00:00,42,20,89.6,6,40,30
2025-05-31 05:00:00,47,15,90.5,7,43,35
2025-05-31 06:00:00,44,18,87.2,5,37,33
2025-05-31 07:00:00,52,19,100.2,6,46,38
2025-05-31 08:00:00,56,22,98.8,7,46,35
2025-05-31 09:00:00,52,22,90.8,8,42,36
2025-05-31 10:00:00,55,24,99.7,7,43,39
2025-05-31 11:00:00,56,29,99.2,9,44,42
2025-05-31 12:00:00,63,35,111.1,9,47,41
2025-05-31 13:00:00,59,23,104.7,8,44,36
2025-05-31 14:00:00,61,28,107.1,8,44,40
2025-05-31 15:00:00,59,24,100.5,8,45,37
2025-05-31 16:00:00,60,33,104.9,7,48,40
2025-05-31 17:00:00,62,24,104.1,8,45,41
2025-05-31 18:00:00,57,19,101.4,7,45,37
2025-05-31 19:00:00,53,24,95.1,6,46,38
2025-05-31 20:00:00,54,26,99.2,8,42,37
2025-05-31 21:00:00,50,20,100.2,7,41,33
2025-05-31 22:00:00,53,17,93.8,6,40,35
2025-05-31 23:00:00,50,16,92.9,6,40,33
2025-06-01 00:00:00,48,18,100.0,8,43,37
2025-06-01 01:00:00,49,9,89.4,6,40,36
2025-06-01 02:00:00,49,12,86.2,4,42,30
2025-06-01 03:00:00,45,11,87.6,5,40,32
2025-06-01 04:00:00,44,9,92.0,5,40,37
2025-06-01 05:00:00,47,13,93.0,5,41,34
2025-06-01 06:00:00,48,20,90.3,7,42,32
2025-06-01 07:00:00,56,20,99.8,8,42,41
2025-06-01 08:00:00,52,22,95.9,8,43,37
2025-06-01 09:00:00,58,23,103.1,8,45,42
2025-06-01 10:00:00,60,26,101.2,9,45,37
2025-06-01 11:00:00,58,23,102.1,8,42,38
2025-06-01 12:00:00,65,26,112.0,9,48,40
2025-06-01 13:00:00,58,28,94.7,9,48,37
2025-06-01 14:00:00,62,29,107.2,8,44,39
2025-06-01 15:00:00,61,29,108.5,7,46,39
2025-06-01 16:00:00,63,26,100.5,7,44,39
2025-06-01 17:00:00,60,24,100.3,10,47,39
2025-06-01 18:00:00,56,35,102.8,9,48,38
2025-06-01 19:00:00,60,25,100.5,9,46,38
2025-06-01 20:00:00,55,21,96.0,9,45,39
2025-06-01 21:00:00,49,17,91.5,6,42,36
2025-06-01 22:00:00,48,14,93.9,6,39,35
2025-06-01 23:00:00,44,14,93.2,5,40,36
2025-06-02 00:00:00,46,14,94.0,8,50,36
2025-06-02 01:00:00,44,6,88.7,4,48,33
2025-06-02 02:00:00,43,7,90.7,6,49,32
2025-06-02 03:00:00,44,10,93.1,5,49,31
2025-06-02 04:00:00,43,14,88.0,6,49,36
2025-06-02 05:00:00,48,14,95.5,7,50,35
2025-06-02 06:00:00,46,21,93.7,7,52,36
2025-06-02 07:00:00,50,13,91.4,6,53,32
2025-06-02 08:00:00,48,17,92.4,8,52,34
2025-06-02 09:00:00,57,27,104.9,7,55,38
2025-06-02 10:00:00,58,24,105.5,7,54,38
2025-06-02 11:00:00,61,29,106.7,9,60,41
2025-06-02 12:00:00,65,34,107.9,10,59,42
2025-06-02 13:00:00,63,25,103.7,8,58,40
2025-06-02 14:00:00,58,28,96.6,9,54,37
2025-06-02 15:00:00,61,27,105.2,7,59,41
2025-06-02 16:00:00,64,20,104.4,9,56,34
2025-06-02 17:00:00,59,25,99.1,9,55,39
2025-06-02 18:00:00,57,27,102.6,7,54,43
2025-06-02 19:00:00,56,24,101.2,8,57,35
2025-06-02 20:00:00,53,22,92.9,7,54,31
2025-06-02 21:00:00,48,17,91.2,7,50,31
2025-06-02 22:00:00,51,14,97.2,7,56,38
2025-06-02 23:00:00,50,19,92.5,6,54,32
2025-06-03 00:00:00,43,11,86.7,6,45,32
2025-06-03 01:00:00,46,13,89.8,6,48,34
2025-06-03 02:00:00,44,13,88.0,6,45,32
2025-06-03 03:00:00,43,17,91.1,7,49,33
2025-06-03 04:00:00,44,16,92.1,6,52,33
2025-06-03 05:00:00,43,10,90.4,4,49,31
2025-06-03 06:00:00,48,12,89.5,7,50,35
2025-06-03 07:00:00,51,20,96.6,8,52,38
2025-06-03 08:00:00,51,20,97.7,7,54,37
2025-06-03 09:00:00,54,20,97.1,8,51,35
2025-06-03 10:00:00,61,28,101.9,8,58,39
2025-06-03 11:00:00,61,26,104.0,9,58,39
2025-06-03 12:00:00,63,27,103.8,8,57,38
2025-06-03 13:00:00,62,30,103.7,8,57,39
2025-06-03 14:00:00,65,27,107.6,9,64,40
2025-06-03 15:00:00,64,33,107.6,10,61,43
2025-06-03 16:00:00,59,24,102.2,8,53,37
2025-06-03 17:00:00,60,28,99.3,10,57,37
2025-06-03 18:00:00,56,29,101.0,7,56,36
2025-06-03 19:00:00,54,17,89.1,8,58,34
2025-06-03 20:00:00,54,19,93.8,7,56,36
2025-06-03 21:00:00,54,22,97.6,6,57,36
2025-06-03 22:00:00,50,20,97.9,8,53,38
2025-06-03 23:00:00,54,14,96.8,6,52,40
2025-06-04 00:00:00,45,11,88.4,7,53,26
2025-06-04 01:00:00,42,16,86.9,4,51,34
2025-06-04 02:00:00,50,16,92.1,6,55,34
2025-06-04 03:00:00,46,8,91.7,6,53,34
2025-06-04 04:00:00,46,9,84.6,6,53,31
2025-06-04 05:00:00,47,15,88.6,4,51,34
2025-06-04 06:00:00,51,18,97.8,6,54,37
2025-06-04 07:00:00,55,17,95.8,6,55,38
2025-06-04 08:00:00,55,22,104.2,8,57,39
2025-06-04 09:00:00,51,20,97.3,7,54,37
2025-06-04 10:00:00,47,17,94.8,6,51,37
2025-06-04 11:00:00,60,24,97.6,8,57,37
2025-06-04 12:00:00,58,27,105.6,7,57,41
2025-06-04 13:00:00,61,27,101.5,8,59,40
2025-06-04 14:00:00,59,24,103.7,9,59,39
2025-06-04 15:00:00,58,21,98.8,7,54,36
2025-06-04 16:00:00,58,25,102.4,8,57,37
2025-06-04 17:00:00,59,29,99.9,9,58,39
2025-06-04 18:00:00,61,28,99.4,8,62,39
2025-06-04 19:00:00,58,26,102.5,9,56,38
2025-06-04 20:00:00,50,17,92.5,8,51,36
2025-06-04 21:00:00,48,14,88.2,5,54,32
2025-06-04 22:00:00,51,18,89.3,8,54,33
2025-06-04 23:00:00,51,17,85.9,5,52,31
2025-06-05 00:00:00,49,14,93.8,6,54,34
2025-06-05 01:00:00,41,5,82.8,4,43,29
2025-06-05 02:00:00,47,9,86.9,6,50,39
2025-06-05 03:00:00,41,12,86.7,6,49,34
2025-06-05 04:00:00,46,15,93.4,6,52,35
2025-06-05 05:00:00,50,17,94.1,6,51,34
2025-06-05 06:00:00,44,17,88.3,7,48,30
2025-06-05 07:00:00,57,19,105.1,8,59,36
2025-06-05 08:00:00,57,20,97.2,7,56,36
2025-06-05 09:00:00,58,24,97.1,8,57,39
2025-06-05 10:00:00,56,25,100.2,8,54,36
2025-06-05 11:00:00,59,26,101.9,8,56,40
2025-06-05 12:00:00,62,26,107.5,9,57,41
2025-06-05 13:00:00,59,28,101.5,9,60,39
2025-06-05 14:00:00,62,30,105.1,10,58,45
2025-06-05 15:00:00,64,29,104.1,9,59,40
2025-06-05 16:00:00,57,28,104.6,9,60,40
2025-06-05 17:00:00,62,30,106.1,9,63,39
2025-06-05 18:00:00,54,25,97.7,9,52,35
2025-06-05 19:00:00,53,20,95.8,7,50,34
2025-06-05 20:00:00,53,23,97.6,8,53,34
2025-06-05 21:00:00,51,13,88.7,7,50,33
2025-06-05 22:00:00,47,12,93.1,6,51,35
2025-06-05 23:00:00,48,16,95.2,7,52,32
2025-06-06 00:00:00,45,15,89.7,7,50,33
2025-06-06 01:00:00,43,8,85.6,6,50,30
2025-06-06 02:00:00,48,11,87.0,6,46,34
2025-06-06 03:00:00,42,10,91.1,5,47,33
2025-06-06 04:00:00,48,11,94.6,6,51,37
2025-06-06 05:00:00,49,18,94.0,7,54,34
2025-06-06 06:00:00,49,18,95.6,7,52,36
2025-06-06 07:00:00,48,18,96.4,8,53,36
2025-06-06 08:00:00,50,18,97.0,7,52,37
2025-06-06 09:00:00,53,17,92.7,8,53,37
2025-06-06 10:00:00,59,29,102.4,10,57,42
2025-06-06 11:00:00,62,28,106.1,10,58,40
2025-06-06 12:00:00,59,24,102.7,8,57,39
2025-06-06 13:00:00,62,30,107.9,9,62,44
2025-06-06 14:00:00,62,28,106.7,9,59,39
2025-06-06 15:00:00,62,27,105.7,10,58,41
2025-06-06 16:00:00,63,28,98.0,9,60,36
2025-06-06 17:00:00,55,23,102.5,7,56,38
2025-06-06 18:00:00,57,23,102.3,8,57,37
2025-06-06 19:00:00,59,22,107.4,7,56,42
2025-06-06 20:00:00,50,18,92.3,7,53,34
2025-06-06 21:00:00,52,20,90.6,6,55,32
2025-06-06 22:00:00,51,23,95.4,7,51,33
2025-06-06 23:00:00,46,12,90.1,7,49,34
2025-06-07 00:00:00,49,7,87.9,5,40,35
2025-06-07 01:00:00,44,5,89.4,5,38,29
2025-06-07 02:00:00,49,11,88.9,7,39,33
2025-06-07 03:00:00,45,10,87.4,5,36,31
2025-06-07 04:00:00,48,14,90.2,6,42,35
2025-06-07 05:00:00,46,15,98.7,7,37,34
2025-06-07 06:00:00,46,10,86.1,5,43,32
2025-06-07 07:00:00,51,12,93.8,6,41,33
2025-06-07 08:00:00,55,21,94.5,9,43,38
2025-06-07 09:00:00,57,23,101.2,7,42,36
2025-06-07 10:00:00,58,23,97.9,8,43,39
2025-06-07 11:00:00,54,20,100.6,6,42,38
2025-06-07 12:00:00,59,29,106.2,8,46,38
2025-06-07 13:00:00,65,32,109.3,10,51,43
2025-06-07 14:00:00,57,29,98.2,9,43,39
2025-06-07 15:00:00,61,25,103.5,9,47,43
2025-06-07 16:00:00,61,27,102.9,9,43,40
2025-06-07 17:00:00,60,21,103.9,7,44,41
2025-06-07 18:00:00,60,28,100.9,9,47,40
2025-06-07 19:00:00,54,22,101.5,7,42,31
2025-06-07 20:00:00,50,14,95.3,5,44,36
2025-06-07 21:00:00,50,17,89.2,7,43,36
2025-06-07 22:00:00,51,18,93.9,8,43,36
2025-06-07 23:00:00,42,13,86.6,6,38,31
2025-06-08 00:00:00,47,12,92.5,7,39,33
2025-06-08 01:00:00,42,8,83.2,5,38,31
2025-06-08 02:00:00,46,14,90.7,5,41,33
2025-06-08 03:00:00,46,10,91.6,6,40,34
2025-06-08 04:00:00,40,6,83.8,5,36,31
2025-06-08 05:00:00,47,13,84.4,6,39,33
2025-06-08 06:00:00,51,19,93.4,7,40,32
2025-06-08 07:00:00,51,17,96.9,7,46,38
2025-06-08 08:00:00,55,26,102.2,7,43,41
2025-06-08 09:00:00,53,24,91.0,7,41,31
2025-06-08 10:00:00,55,25,100.4,7,41,37
2025-06-08 11:00:00,56,25,103.0,8,44,40
2025-06-08 12:00:00,62,27,106.3,9,47,41
2025-06-08 13:00:00,61,27,106.0,8,46,38
2025-06-08 14:00:00,61,27,110.5,8,46,43
2025-06-08 15:00:00,58,30,102.8,9,47,35
2025-06-08 16:00:00,60,24,103.0,9,47,40
2025-06-08 17:00:00,60,22,98.8,10,44,40
2025-06-08 18:00:00,52,20,93.9,8,43,35
2025-06-08 19:00:00,56,29,100.9,8,45,40
2025-06-08 20:00:00,50,22,97.8,6,42,37
2025-06-08 21:00:00,51,19,92.4,7,45,33
2025-06-08 22:00:00,46,12,93.0,6,39,33
2025-06-08 23:00:00,49,17,89.6,6,41,33
2025-06-09 00:00:00,47,13,91.8,7,50,34
2025-06-09 01:00:00,49,13,93.1,7,53,37
2025-06-09 02:00:00,44,9,87.6,6,51,35
2025-06-09 03:00:00,47,13,92.8,6,53,36
2025-06-09 04:00:00,45,12,85.9,6,51,35
2025-06-09 05:00:00,44,12,86.5,4,49,33
2025-06-09 06:00:00,52,19,92.6,8,55,30
2025-06-09 07:00:00,53,13,93.9,8,54,35
2025-06-09 08:00:00,56,22,98.7,7,55,36
2025-06-09 09:00:00,57,24,103.0,7,55,40
2025-06-09 10:00:00,54,21,98.9,8,54,37
2025-06-09 11:00:00,61,23,105.0,8,57,40
2025-06-09 12:00:00,62,26,103.8,10,59,40
2025-06-09 13:00:00,67,29,109.8,9,60,41
2025-06-09 14:00:00,59,27,108.3,8,58,39
2025-06-09 15:00:00,64,29,102.9,10,61,38
2025-06-09 16:00:00,64,33,102.6,9,60,40
2025-06-09 17:00:00,58,24,103.0,8,56,42
2025-06-09 18:00:00,59,18,97.4,7,54,38
2025-06-09 19:00:00,58,25,97.0,9,56,42
2025-06-09 20:00:00,53,26,100.1,8,55,39
2025-06-09 21:00:00,52,19,92.3,7,51,35
2025-06-09 22:00:00,46,12,93.8,5,47,37
2025-06-09 23:00:00,46,14,90.6,7,50,31
2025-06-10 00:00:00,47,9,88.2,6,48,32
2025-06-10 01:00:00,49,15,89.3,7,54,35
2025-06-10 02:00:00,45,7,87.2,4,51,31
2025-06-10 03:00:00,43,11,82.4,6,47,34
2025-06-10 04:00:00,46,10,81.1,5,47,30
2025-06-10 05:00:00,50,15,87.8,6,53,35
2025-06-10 06:00:00,44,15,92.3,6,50,34
2025-06-10 07:00:00,52,19,92.5,5,54,39
2025-06-10 08:00:00,53,20,92.3,7,56,36
2025-06-10 09:00:00,57,19,98.4,7,55,38
2025-06-10 10:00:00,59,26,109.4,9,57,40
2025-06-10 11:00:00,61,25,106.6,9,59,39
2025-06-10 12:00:00,59,23,98.9,7,58,38
2025-06-10 13:00:00,64,36,106.4,9,65,42
2025-06-10 14:00:00,65,30,105.0,7,61,41
2025-06-10 15:00:00,61,27,101.6,11,59,36
2025-06-10 16:00:00,63,32,108.5,7,61,40
2025-06-10 17:00:00,57,32,102.5,8,62,39
2025-06-10 18:00:00,57,23,97.2,9,58,35
2025-06-10 19:00:00,51,23,92.3,8,53,35
2025-06-10 20:00:00,51,17,101.1,8,52,37
2025-06-10 21:00:00,51,17,96.8,7,53,37
2025-06-10 22:00:00,51,15,91.1,7,50,34
2025-06-10 23:00:00,45,15,93.4,6,52,35
2025-06-11 00:00:00,48,14,87.5,5,52,33
2025-06-11 01:00:00,50,14,92.0,6,53,35
2025-06-11 02:00:00,44,13,87.3,4,46,34
2025-06-11 03:00:00,41,8,84.7,5,50,29
2025-06-11 04:00:00,46,10,85.7,5,48,32
2025-06-11 05:00:00,44,12,88.5,6,47,33
2025-06-11 06:00:00,47,15,85.7,7,47,38
2025-06-11 07:00:00,55,22,97.1,8,54,38
2025-06-11 08:00:00,57,16,101.7,8,55,39
2025-06-11 09:00:00,53,21,99.7,9,54,35
2025-06-11 10:00:00,57,27,99.4,7,58,37
2025-06-11 11:00:00,58,25,96.8,7,59,41
2025-06-11 12:00:00,60,29,97.3,8,61,34
2025-06-11 13:00:00,66,27,109.5,9,60,41
2025-06-11 14:00:00,61,29,105.4,9,58,42
2025-06-11 15:00:00,60,27,104.8,9,58,44
2025-06-11 16:00:00,65,29,112.8,8,59,42
2025-06-11 17:00:00,59,20,101.1,7,61,40
2025-06-11 18:00:00,60,23,102.5,9,58,41
2025-06-11 19:00:00,54,23,93.8,8,56,37
2025-06-11 20:00:00,53,22,101.8,8,56,38
2025-06-11 21:00:00,50,23,95.3,7,56,38
2025-06-11 22:00:00,51,15,90.9,7,52,37
2025-06-11 23:00:00,52,20,96.4,7,55,37
2025-06-12 00:00:00,44,11,93.6,5,50,38
2025-06-12 01:00:00,46,17,97.2,6,48,36
2025-06-12 02:00:00,45,15,86.8,8,49,33
2025-06-12 03:00:00,41,9,88.3,7,47,32
2025-06-12 04:00:00,45,14,90.3,7,52,29
2025-06-12 05:00:00,50,14,95.2,6,59,36
2025-06-12 06:00:00,48,18,93.3,7,51,35
2025-06-12 07:00:00,51,17,96.3,6,52,34
2025-06-12 08:00:00,50,19,98.1,8,54,35
2025-06-12 09:00:00,57,27,96.0,8,53,38
2025-06-12 10:00:00,56,24,100.9,8,52,35
2025-06-12 11:00:00,57,29,98.7,8,57,37
2025-06-12 12:00:00,62,26,103.4,9,58,41
2025-06-12 13:00:00,65,34,109.2,10,63,39
2025-06-12 14:00:00,59,26,99.1,10,56,38
2025-06-12 15:00:00,60,26,101.5,9,55,39
2025-06-12 16:00:00,62,32,102.6,9,57,41
2025-06-12 17:00:00,54,24,97.0,7,58,37
2025-06-12 18:00:00,56,30,103.2,8,55,40
2025-06-12 19:00:00,60,25,105.3,8,57,39
2025-06-12 20:00:00,51,19,92.5,8,52,36
2025-06-12 21:00:00,53,12,97.4,6,52,38
2025-06-12 22:00:00,46,16,92.3,5,51,31
2025-06-12 23:00:00,50,15,96.6,7,55,37
2025-06-13 00:00:00,47,17,86.1,7,52,38
2025-06-13 01:00:00,47,18,92.6,6,53,33
2025-06-13 02:00:00,49,10,92.3,7,49,35
2025-06-13 03:00:00,43,15,83.3,5,50,29
2025-06-13 04:00:00,49,16,99.4,7,54,39
2025-06-13 05:00:00,50,18,92.1,6,52,35
2025-06-13 06:00:00,58,18,100.8,10,56,38
2025-06-13 07:00:00,47,11,92.1,7,52,36
2025-06-13 08:00:00,52,19,95.8,7,57,38
2025-06-13 09:00:00,57,18,102.3,6,58,36
2025-06-13 10:00:00,57,23,106.2,7,54,41
2025-06-13 11:00:00,59,29,100.4,10,58,39
2025-06-13 12:00:00,63,28,106.4,8,58,40
2025-06-13 13:00:00,62,32,109.2,9,59,41
2025-06-13 14:00:00,60,29,99.3,10,55,39
2025-06-13 15:00:00,62,23,106.7,9,58,38
2025-06-13 16:00:00,59,18,104.9,7,55,39
2025-06-13 17:00:00,59,26,106.2,7,57,40
2025-06-13 18:00:00,57,23,101.2,8,57,37
2025-06-13 19:00:00,52,19,100.3,6,54,37
2025-06-13 20:00:00,54,14,95.9,7,55,35
2025-06-13 21:00:00,50,15,88.8,6,51,36
2025-06-13 22:00:00,47,15,89.6,6,48,33
2025-06-13 23:00:00,45,17,89.5,6,54,37
2025-06-14 00:00:00,48,14,90.6,6,42,34
2025-06-14 01:00:00,46,18,90.8,6,42,36
2025-06-14 02:00:00,39,8,82.5,5,38,31
2025-06-14 03:00:00,43,15,89.3,7,40,36
2025-06-14 04:00:00,46,13,94.0,6,42,34
2025-06-14 05:00:00,48,17,92.7,7,40,35
2025-06-14 06:00:00,48,14,93.4,6,42,32
2025-06-14 07:00:00,52,22,89.5,6,43,31
2025-06-14 08:00:00,50,21,95.4,7,43,37
2025-06-14 09:00:00,53,20,99.5,8,42,36
2025-06-14 10:00:00,61,24,106.6,7,46,42
2025-06-14 11:00:00,62,25,107.3,8,46,40
2025-06-14 12:00:00,63,29,106.7,9,49,42
2025-06-14 13:00:00,62,24,104.6,9,46,41
2025-06-14 14:00:00,64,28,104.4,9,46,35
2025-06-14 15:00:00,59,29,106.2,9,47,39
2025-06-14 16:00:00,61,27,102.0,9,50,37
2025-06-14 17:00:00,58,30,105.3,8,46,33
2025-06-14 18:00:00,56,27,100.7,9,45,36
2025-06-14 19:00:00,57,22,99.6,7,47,34
2025-06-14 20:00:00,56,21,101.8,8,45,38
2025-06-14 21:00:00,51,19,96.6,7,42,35
2025-06-14 22:00:00,54,17,97.0,7,46,37
2025-06-14 23:00:00,47,8,86.5,4,39,33
2025-06-15 00:00:00,44,12,92.8,7,39,36
2025-06-15 01:00:00,41,7,85.4,4,39,33
2025-06-15 02:00:00,49,16,95.0,6,46,37
2025-06-15 03:00:00,46,12,89.3,6,39,34
2025-06-15 04:00:00,48,12,88.4,8,39,32
2025-06-15 05:00:00,42,17,89.5,5,40,32
2025-06-15 06:00:00,51,17,92.2,7,45,33
2025-06-15 07:00:00,49,14,93.1,7,43,34
2025-06-15 08:00:00,50,20,84.6,7,41,34
2025-06-15 09:00:00,55,21,97.0,7,42,39
2025-06-15 10:00:00,59,18,99.4,9,44,35
2025-06-15 11:00:00,64,23,102.1,8,47,40
2025-06-15 12:00:00,61,26,105.0,9,47,40
2025-06-15 13:00:00,60,27,102.1,8,46,37
2025-06-15 14:00:00,58,23,101.0,8,45,40
2025-06-15 15:00:00,65,32,106.8,10,48,45
2025-06-15 16:00:00,58,27,105.0,8,47,39
2025-06-15 17:00:00,61,26,105.3,7,47,40
2025-06-15 18:00:00,59,25,103.0,8,47,40
2025-06-15 19:00:00,55,19,98.0,7,44,42
2025-06-15 20:00:00,50,22,102.7,6,39,40
2025-06-15 21:00:00,50,17,93.0,7,42,33
2025-06-15 22:00:00,45,13,86.6,5,39,31
2025-06-15 23:00:00,47,16,87.7,6,43,33
2025-06-16 00:00:00,50,18,96.8,7,50,36
2025-06-16 01:00:00,49,15,97.2,6,48,38
2025-06-16 02:00:00,47,15,88.2,6,52,33
2025-06-16 03:00:00,44,10,86.2,5,49,32
2025-06-16 04:00:00,49,7,88.3,7,51,32
2025-06-16 05:00:00,48,20,92.5,6,53,34
2025-06-16 06:00:00,49,23,89.4,7,53,34
2025-06-16 07:00:00,55,23,101.2,9,54,42
2025-06-16 08:00:00,54,19,100.5,6,55,38
2025-06-16 09:00:00,53,18,90.2,7,52,35
2025-06-16 10:00:00,57,20,104.4,8,59,38
2025-06-16 11:00:00,59,20,105.0,8,55,38
2025-06-16 12:00:00,61,27,94.8,9,56,37
2025-06-16 13:00:00,64,33,101.9,10,61,40
2025-06-16 14:00:00,60,28,103.5,8,56,37
2025-06-16 15:00:00,63,29,110.1,9,62,39
2025-06-16 16:00:00,62,32,107.4,10,55,42
2025-06-16 17:00:00,58,24,101.2,8,53,37
2025-06-16 18:00:00,59,31,106.0,7,57,40
2025-06-16 19:00:00,57,29,100.1,7,57,38
2025-06-16 20:00:00,50,20,98.1,6,51,37
2025-06-16 21:00:00,49,16,92.3,7,51,34
2025-06-16 22:00:00,50,18,89.3,7,56,35
2025-06-16 23:00:00,44,13,85.8,5,48,34
2025-06-17 00:00:00,44,9,87.7,6,46,32
2025-06-17 01:00:00,53,17,94.4,7,53,33
2025-06-17 02:00:00,44,16,87.9,5,48,30
2025-06-17 03:00:00,45,13,89.2,5,51,36
2025-06-17 04:00:00,43,9,87.1,4,49,31
2025-06-17 05:00:00,46,10,84.9,5,50,34
2025-06-17 06:00:00,48,16,95.3,5,52,33
2025-06-17 07:00:00,50,16,93.0,5,50,32
2025-06-17 08:00:00,51,19,96.3,8,55,37
2025-06-17 09:00:00,59,26,102.9,8,56,37
2025-06-17 10:00:00,59,27,101.2,7,61,41
2025-06-17 11:00:00,58,30,106.3,9,57,40
2025-06-17 12:00:00,62,23,103.7,9,57,38
2025-06-17 13:00:00,59,27,102.7,8,57,36
2025-06-17 14:00:00,59,31,96.4,8,59,40
2025-06-17 15:00:00,62,29,108.0,9,62,40
2025-06-17 16:00:00,67,32,109.3,9,62,42
2025-06-17 17:00:00,55,27,102.7,9,60,38
2025-06-17 18:00:00,56,30,107.1,9,55,40
2025-06-17 19:00:00,58,24,103.6,8,56,39
2025-06-17 20:00:00,53,24,97.9,6,52,37
2025-06-17 21:00:00,53,17,94.3,8,52,32
2025-06-17 22:00:00,47,16,99.0,6,50,38
2025-06-17 23:00:00,49,18,94.4,7,49,35
2025-06-18 00:00:00,52,19,96.2,8,55,38
2025-06-18 01:00:00,43,15,87.8,5,51,36
2025-06-18 02:00:00,48,12,87.5,8,50,33
2025-06-18 03:00:00,49,17,86.8,6,53,33
2025-06-18 04:00:00,41,5,87.8,4,46,32
2025-06-18 05:00:00,48,9,87.0,7,50,30
2025-06-18 06:00:00,50,18,93.6,8,54,38
2025-06-18 07:00:00,52,18,94.6,5,53,35
2025-06-18 08:00:00,55,22,102.8,6,55,39
2025-06-18 09:00:00,55,22,96.2,7,51,33
2025-06-18 10:00:00,58,26,102.9,10,59,37
2025-06-18 11:00:00,59,23,103.0,8,59,34
2025-06-18 12:00:00,63,29,102.0,10,61,39
2025-06-18 13:00:00,59,31,99.7,9,57,36
2025-06-18 14:00:00,66,32,107.2,8,63,40
2025-06-18 15:00:00,61,35,107.3,10,60,41
2025-06-18 16:00:00,63,28,105.9,9,57,37
2025-06-18 17:00:00,60,27,102.9,8,57,38
2025-06-18 18:00:00,53,19,98.0,7,54,37
2025-06-18 19:00:00,57,20,96.2,7,51,37
2025-06-18 20:00:00,51,19,94.4,6,54,31
2025-06-18 21:00:00,55,22,98.1,8,53,38
2025-06-18 22:00:00,47,14,88.0,5,49,31
2025-06-18 23:00:00,45,17,97.0,6,51,36
2025-06-19 00:00:00,50,13,85.8,7,51,33
2025-06-19 01:00:00,46,12,92.6,6,48,37
2025-06-19 02:00:00,48,13,93.0,5,51,35
2025-06-19 03:00:00,43,11,89.3,6,47,32
2025-06-19 04:00:00,41,12,86.2,4,46,30
2025-06-19 05:00:00,50,8,94.6,6,54,36
2025-06-19 06:00:00,49,15,90.9,6,52,31
2025-06-19 07:00:00,52,16,95.8,7,54,34
2025-06-19 08:00:00,55,18,97.2,7,58,31
2025-06-19 09:00:00,55,24,98.5,8,55,34
2025-06-19 10:00:00,59,26,102.9,8,56,41
2025-06-19 11:00:00,64,26,102.8,8,58,38
2025-06-19 12:00:00,62,30,103.7,10,63,39
2025-06-19 13:00:00,64,30,112.1,9,60,40
2025-06-19 14:00:00,57,27,109.9,8,55,43
2025-06-19 15:00:00,64,26,107.2,8,59,40
2025-06-19 16:00:00,57,28,104.5,8,56,39
2025-06-19 17:00:00,63,28,106.1,10,58,39
2025-06-19 18:00:00,60,29,105.5,8,61,44
2025-06-19 19:00:00,57,26,102.6,7,57,36
2025-06-19 20:00:00,53,18,98.8,7,51,36
2025-06-19 21:00:00,51,18,98.7,7,52,39
2025-06-19 22:00:00,48,18,90.0,6,48,33
2025-06-19 23:00:00,48,18,101.2,5,50,38
2025-06-20 00:00:00,53,16,95.5,6,55,37
2025-06-20 01:00:00,49,12,91.4,6,50,35
2025-06-20 02:00:00,42,8,83.7,4,53,33
2025-06-20 03:00:00,45,9,86.3,7,44,34
2025-06-20 04:00:00,47,14,92.3,8,50,30
2025-06-20 05:00:00,48,16,93.4,7,52,36
2025-06-20 06:00:00,46,12,90.8,6,50,33
2025-06-20 07:00:00,53,18,94.2,7,55,36
2025-06-20 08:00:00,56,22,91.3,9,55,32
2025-06-20 09:00:00,53,18,90.1,7,56,36
2025-06-20 10:00:00,64,28,106.2,8,57,39
2025-06-20 11:00:00,63,24,105.4,10,58,39
2025-06-20 12:00:00,63,31,105.9,10,57,42
2025-06-20 13:00:00,58,26,99.6,9,56,37
2025-06-20 14:00:00,62,24,104.6,10,58,40
2025-06-20 15:00:00,62,26,104.0,7,60,40
2025-06-20 16:00:00,62,27,103.1,8,56,40
2025-06-20 17:00:00,63,24,99.6,8,58,38
2025-06-20 18:00:00,57,23,97.7,8,56,36
2025-06-20 19:00:00,61,23,105.7,9,58,39
2025-06-20 20:00:00,54,19,94.3,7,52,37
2025-06-20 21:00:00,51,18,96.1,8,53,36
2025-06-20 22:00:00,54,10,97.6,7,55,39
2025-06-20 23:00:00,50,16,90.8,7,55,36
2025-06-21 00:00:00,45,13,87.5,6,39,34
2025-06-21 01:00:00,47,18,95.1,7,42,34
2025-06-21 02:00:00,46,9,91.7,6,39,34
2025-06-21 03:00:00,43,6,83.4,6,40,27
2025-06-21 04:00:00,47,15,86.3,5,42,29
2025-06-21 05:00:00,46,16,94.2,7,39,28
2025-06-21 06:00:00,44,12,89.9,4,39,33
2025-06-21 07:00:00,50,13,93.3,6,40,37
2025-06-21 08:00:00,55,25,102.7,8,44,40
2025-06-21 09:00:00,58,27,98.9,8,44,36
2025-06-21 10:00:00,54,15,96.5,7,43,39
2025-06-21 11:00:00,56,24,98.7,7,44,37
2025-06-21 12:00:00,60,33,107.2,9,47,43
2025-06-21 13:00:00,64,26,107.9,9,48,38
2025-06-21 14:00:00,60,26,105.9,8,44,40
2025-06-21 15:00:00,60,27,105.3,9,48,38
2025-06-21 16:00:00,59,23,102.1,8,47,38
2025-06-21 17:00:00,56,20,99.3,8,46,34
2025-06-21 18:00:00,57,28,102.9,9,45,37
2025-06-21 19:00:00,52,16,92.2,8,43,37
2025-06-21 20:00:00,57,21,98.5,7,46,38
2025-06-21 21:00:00,54,21,98.7,8,43,38
2025-06-21 22:00:00,51,11,94.0,7,42,35
2025-06-21 23:00:00,50,11,89.8,7,40,33
2025-06-22 00:00:00,42,17,85.0,5,40,31
2025-06-22 01:00:00,47,14,85.5,6,41,33
2025-06-22 02:00:00,43,10,82.8,5,38,32
2025-06-22 03:00:00,50,16,91.4,8,43,31
2025-06-22 04:00:00,46,17,89.5,6,40,33
2025-06-22 05:00:00,45,15,89.0,6,40,34
2025-06-22 06:00:00,45,13,85.1,5,41,30
2025-06-22 07:00:00,50,16,88.0,7,44,34
2025-06-22 08:00:00,56,21,99.2,8,45,35
2025-06-22 09:00:00,56,21,99.4,7,44,38
2025-06-22 10:00:00,56,27,102.6,7,46,33
2025-06-22 11:00:00,63,20,105.7,9,46,39
2025-06-22 12:00:00,61,22,103.4,9,47,38
2025-06-22 13:00:00,64,28,106.7,8,47,43
2025-06-22 14:00:00,65,26,108.8,10,47,41
2025-06-22 15:00:00,57,26,105.2,9,44,37
2025-06-22 16:00:00,57,21,97.1,9,44,39
2025-06-22 17:00:00,62,26,106.3,9,49,40
2025-06-22 18:00:00,56,24,97.6,7,47,37
2025-06-22 19:00:00,56,24,100.4,7,47,36
2025-06-22 20:00:00,53,20,100.1,9,42,40
2025-06-22 21:00:00,48,17,91.6,6,46,33
2025-06-22 22:00:00,50,20,91.5,5,44,34
2025-06-22 23:00:00,49,10,88.7,5,42,34
2025-06-23 00:00:00,49,15,89.1,5,52,34
2025-06-23 01:00:00,47,6,84.4,7,46,36
2025-06-23 02:00:00,47,9,92.4,7,49,36
2025-06-23 03:00:00,45,8,89.0,6,48,33
2025-06-23 04:00:00,48,16,89.6,5,51,31
2025-06-23 05:00:00,48,14,88.4,7,50,31
2025-06-23 06:00:00,48,16,89.0,7,51,33
2025-06-23 07:00:00,48,14,88.8,7,52,37
2025-06-23 08:00:00,52,19,98.6,7,53,39
2025-06-23 09:00:00,54,19,96.7,6,54,37
2025-06-23 10:00:00,56,25,107.0,8,56,37
2025-06-23 11:00:00,59,22,101.3,7,60,36
2025-06-23 12:00:00,63,32,105.0,8,59,39
2025-06-23 13:00:00,61,22,104.9,9,59,39
2025-06-23 14:00:00,62,25,99.1,9,58,37
2025-06-23 15:00:00,66,34,110.3,9,57,44
2025-06-23 16:00:00,60,25,99.4,8,62,41
2025-06-23 17:00:00,61,21,95.3,8,60,36
2025-06-23 18:00:00,59,25,101.8,10,62,38
2025-06-23 19:00:00,58,20,102.4,8,58,38
2025-06-23 20:00:00,57,17,98.5,9,55,36
2025-06-23 21:00:00,52,14,93.9,7,54,36
2025-06-23 22:00:00,52,26,90.3,8,54,34
2025-06-23 23:00:00,48,13,90.3,6,49,36
2025-06-24 00:00:00,43,6,85.0,5,52,31
2025-06-24 01:00:00,46,18,92.8,5,50,33
2025-06-24 02:00:00,48,14,88.1,7,52,33
2025-06-24 03:00:00,42,10,88.5,6,49,32
2025-06-24 04:00:00,50,10,89.1,6,51,34
2025-06-24 05:00:00,48,17,91.2,8,53,33
2025-06-24 06:00:00,56,15,98.5,9,54,33
2025-06-24 07:00:00,48,11,86.4,7,58,31
2025-06-24 08:00:00,56,26,103.0,8,52,40
2025-06-24 09:00:00,54,21,93.5,7,53,34
2025-06-24 10:00:00,57,29,104.4,9,59,35
2025-06-24 11:00:00,63,30,106.0,8,56,40
2025-06-24 12:00:00,57,23,99.8,8,56,39
2025-06-24 13:00:00,61,31,96.3,8,58,40
2025-06-24 14:00:00,63,26,103.0,8,58,41
2025-06-24 15:00:00,62,21,101.8,8,60,41
2025-06-24 16:00:00,57,25,105.5,9,57,41
2025-06-24 17:00:00,61,27,104.2,9,57,40
2025-06-24 18:00:00,58,22,98.3,8,58,35
2025-06-24 19:00:00,53,21,99.4,7,55,37
2025-06-24 20:00:00,53,24,96.2,7,52,37
2025-06-24 21:00:00,46,18,94.7,7,50,35
2025-06-24 22:00:00,53,13,94.8,7,53,38
2025-06-24 23:00:00,51,17,91.3,7,54,35
2025-06-25 00:00:00,43,14,90.9,6,49,33
2025-06-25 01:00:00,45,3,87.4,6,50,33
2025-06-25 02:00:00,44,13,91.2,7,50,32
2025-06-25 03:00:00,48,14,90.6,5,50,34
2025-06-25 04:00:00,45,13,90.8,7,50,33
2025-06-25 05:00:00,48,17,97.9,8,53,34
2025-06-25 06:00:00,48,14,91.6,6,51,36
2025-06-25 07:00:00,50,19,93.1,8,51,33
2025-06-25 08:00:00,56,15,100.8,10,55,38
2025-06-25 09:00:00,58,23,103.2,8,55,38
2025-06-25 10:00:00,60,31,103.4,9,61,40
2025-06-25 11:00:00,61,22,107.6,8,60,41
2025-06-25 12:00:00,56,24,96.2,8,55,35
2025-06-25 13:00:00,58,25,103.0,7,58,39
2025-06-25 14:00:00,63,28,109.4,8,59,41
2025-06-25 15:00:00,62,24,107.1,9,61,43
2025-06-25 16:00:00,62,28,102.4,9,55,43
2025-06-25 17:00:00,56,29,97.4,9,57,35
2025-06-25 18:00:00,56,26,100.9,8,54,37
2025-06-25 19:00:00,55,16,98.4,7,55,32
2025-06-25 20:00:00,61,23,99.4,9,54,36
2025-06-25 21:00:00,55,21,99.4,6,56,35
2025-06-25 22:00:00,54,19,92.5,7,58,31
2025-06-25 23:00:00,49,16,95.5,6,51,32
2025-06-26 00:00:00,48,14,89.0,6,48,33
2025-06-26 01:00:00,44,16,88.7,5,51,32
2025-06-26 02:00:00,50,19,96.4,6,52,35
2025-06-26 03:00:00,45,9,89.4,6,51,31
2025-06-26 04:00:00,49,17,94.3,7,54,41
2025-06-26 05:00:00,48,14,94.1,4,53,36
2025-06-26 06:00:00,50,16,94.2,6,52,35
2025-06-26 07:00:00,50,13,96.1,6,55,38
2025-06-26 08:00:00,54,19,91.5,6,56,34
2025-06-26 09:00:00,57,19,98.5,7,54,34
2025-06-26 10:00:00,54,22,97.7,8,53,35
2025-06-26 11:00:00,55,22,97.5,8,58,40
2025-06-26 12:00:00,61,25,105.3,9,59,39
2025-06-26 13:00:00,65,26,106.9,10,58,37
2025-06-26 14:00:00,66,28,110.4,9,60,43
2025-06-26 15:00:00,57,22,96.2,6,56,37
2025-06-26 16:00:00,58,22,107.4,8,58,39
2025-06-26 17:00:00,56,27,99.7,7,56,38
2025-06-26 18:00:00,56,21,99.4,8,58,40
2025-06-26 19:00:00,60,26,102.2,8,58,40
2025-06-26 20:00:00,54,21,97.5,7,57,36
2025-06-26 21:00:00,51,20,93.6,6,51,37
2025-06-26 22:00:00,52,21,96.9,7,57,39
2025-06-26 23:00:00,45,13,90.9,6,52,32
2025-06-27 00:00:00,50,11,84.1,5,52,36
2025-06-27 01:00:00,47,15,89.6,6,50,34
2025-06-27 02:00:00,45,14,87.9,4,52,34
2025-06-27 03:00:00,47,12,96.5,6,49,36
2025-06-27 04:00:00,50,18,96.5,6,53,37
2025-06-27 05:00:00,52,14,97.8,7,54,38
2025-06-27 06:00:00,49,16,94.2,7,50,34
2025-06-27 07:00:00,54,18,96.8,8,54,37
2025-06-27 08:00:00,53,17,96.4,7,52,38
2025-06-27 09:00:00,54,22,101.5,8,52,37
2025-06-27 10:00:00,57,29,107.5,8,61,42
2025-06-27 11:00:00,57,27,102.6,7,55,36
2025-06-27 12:00:00,59,27,100.9,7,59,40
2025-06-27 13:00:00,64,27,109.0,10,64,47
2025-06-27 14:00:00,64,29,104.2,10,58,41
2025-06-27 15:00:00,59,30,105.3,7,55,37
2025-06-27 16:00:00,57,29,104.2,9,60,41
2025-06-27 17:00:00,56,24,99.9,8,54,41
2025-06-27 18:00:00,56,25,97.5,7,55,38
2025-06-27 19:00:00,55,24,98.0,7,54,36
2025-06-27 20:00:00,56,16,95.9,6,55,34
2025-06-27 21:00:00,50,19,91.0,5,49,34
2025-06-27 22:00:00,52,8,90.3,5,53,35
2025-06-27 23:00:00,44,16,84.9,6,51,28
2025-06-28 00:00:00,46,15,92.2,6,42,37
2025-06-28 01:00:00,48,15,92.6,7,42,29
2025-06-28 02:00:00,47,11,90.1,4,41,36
2025-06-28 03:00:00,45,13,87.8,6,39,34
2025-06-28 04:00:00,50,18,93.3,7,42,37
2025-06-28 05:00:00,51,19,92.5,5,41,32
2025-06-28 06:00:00,48,16,93.1,6,41,37
2025-06-28 07:00:00,52,18,91.4,7,42,39
2025-06-28 08:00:00,56,24,100.3,9,45,37
2025-06-28 09:00:00,53,17,93.3,6,42,36
2025-06-28 10:00:00,62,23,108.3,10,45,38
2025-06-28 11:00:00,59,30,105.3,9,48,38
2025-06-28 12:00:00,62,30,106.0,8,49,40
2025-06-28 13:00:00,59,29,100.1,9,46,35
2025-06-28 14:00:00,61,23,98.3,10,43,35
2025-06-28 15:00:00,59,28,104.4,8,45,38
2025-06-28 16:00:00,59,25,107.7,8,46,42
2025-06-28 17:00:00,56,27,101.9,7,46,35
2025-06-28 18:00:00,59,21,101.2,9,46,38
2025-06-28 19:00:00,56,18,98.2,7,44,34
2025-06-28 20:00:00,54,13,95.1,6,43,36
2025-06-28 21:00:00,52,22,97.0,7,43,39
2025-06-28 22:00:00,52,15,91.8,6,41,35
2025-06-28 23:00:00,48,15,88.5,6,44,36
2025-06-29 00:00:00,47,13,90.3,5,42,34
2025-06-29 01:00:00,50,9,94.9,5,42,36
2025-06-29 02:00:00,43,8,87.9,5,37,31
2025-06-29 03:00:00,48,9,85.4,7,38,33
2025-06-29 04:00:00,47,11,88.4,5,40,32
2025-06-29 05:00:00,47,16,93.0,5,40,32
2025-06-29 06:00:00,45,13,93.7,6,38,34
2025-06-29 07:00:00,51,24,101.7,8,43,35
2025-06-29 08:00:00,57,24,100.0,9,42,39
2025-06-29 09:00:00,61,25,105.7,10,46,44
2025-06-29 10:00:00,58,24,101.6,7,46,38
2025-06-29 11:00:00,61,31,105.3,7,48,39
2025-06-29 12:00:00,62,26,104.9,9,44,41
2025-06-29 13:00:00,62,28,105.0,9,44,41
2025-06-29 14:00:00,65,29,110.6,10,48,42
2025-06-29 15:00:00,63,30,102.3,9,47,36
2025-06-29 16:00:00,62,29,106.7,8,45,43
2025-06-29 17:00:00,57,24,105.2,9,42,42
2025-06-29 18:00:00,55,22,102.7,7,43,36
2025-06-29 19:00:00,48,24,96.7,9,42,30
2025-06-29 20:00:00,57,23,97.9,8,45,43
2025-06-29 21:00:00,51,17,96.1,6,40,34
2025-06-29 22:00:00,47,10,93.1,5,39,32
2025-06-29 23:00:00,43,14,86.0,6,39,26
2025-06-30 00:00:00,45,15,91.0,6,49,33
2025-06-30 01:00:00,45,19,90.5,6,51,35
2025-06-30 02:00:00,42,8,83.3,4,49,35
2025-06-30 03:00:00,46,11,87.8,6,51,32
2025-06-30 04:00:00,46,12,89.6,7,48,30
2025-06-30 05:00:00,46,19,88.6,6,52,34
2025-06-30 06:00:00,46,16,87.3,6,51,33
2025-06-30 07:00:00,47,15,88.3,7,54,32
2025-06-30 08:00:00,59,22,101.8,8,60,38
2025-06-30 09:00:00,59,21,96.2,7,59,37
2025-06-30 10:00:00,54,20,90.6,8,54,36
2025-06-30 11:00:00,54,23,101.9,9,53,39
2025-06-30 12:00:00,63,33,104.3,10,59,40
2025-06-30 13:00:00,62,29,104.9,10,58,40
2025-06-30 14:00:00,63,28,108.5,10,63,45
2025-06-30 15:00:00,63,27,101.1,8,61,40
2025-06-30 16:00:00,62,28,100.9,10,60,41
2025-06-30 17:00:00,57,27,99.4,9,58,39
2025-06-30 18:00:00,59,25,104.8,8,60,40
2025-06-30 19:00:00,58,22,100.5,9,58,41
2025-06-30 20:00:00,53,23,97.3,7,54,35
2025-06-30 21:00:00,52,18,94.4,7,55,37
2025-06-30 22:00:00,47,13,91.7,5,52,31
2025-06-30 23:00:00,52,12,97.5,6,50,37
2025-07-01 00:00:00,41,6,92.9,5,52,30
2025-07-01 01:00:00,51,19,94.2,7,52,33
2025-07-01 02:00:00,42,15,92.2,4,52,33
2025-07-01 03:00:00,49,9,93.3,6,51,38
2025-07-01 04:00:00,43,12,88.2,6,51,32
2025-07-01 05:00:00,48,12,83.6,6,51,33
2025-07-01 06:00:00,47,21,91.9,7,49,37
2025-07-01 07:00:00,47,13,88.9,6,53,33
2025-07-01 08:00:00,56,20,99.6,8,58,41
2025-07-01 09:00:00,58,22,99.8,8,56,38
2025-07-01 10:00:00,59,27,101.2,9,59,36
2025-07-01 11:00:00,61,25,109.7,8,57,43
2025-07-01 12:00:00,62,21,106.3,7,58,41
2025-07-01 13:00:00,60,27,97.1,9,60,36
2025-07-01 14:00:00,57,25,100.1,8,57,36
2025-07-01 15:00:00,62,28,106.7,9,60,42
2025-07-01 16:00:00,61,32,109.6,10,61,39
2025-07-01 17:00:00,59,20,98.7,8,60,33
2025-07-01 18:00:00,58,21,99.7,8,59,40
2025-07-01 19:00:00,53,20,97.1,8,55,38
2025-07-01 20:00:00,55,19,99.3,7,55,39
2025-07-01 21:00:00,54,21,92.6,7,55,34
2025-07-01 22:00:00,51,15,87.6,7,50,35
2025-07-01 23:00:00,47,16,94.9,7,52,34
2025-07-02 00:00:00,48,11,86.9,6,48,33
2025-07-02 01:00:00,47,13,96.6,6,50,39
2025-07-02 02:00:00,48,15,88.6,6,53,33
2025-07-02 03:00:00,49,10,89.8,4,50,35
2025-07-02 04:00:00,48,16,92.9,6,54,32
2025-07-02 05:00:00,46,15,83.8,6,50,30
2025-07-02 06:00:00,48,20,101.5,6,54,37
2025-07-02 07:00:00,54,17,95.0,7,53,38
2025-07-02 08:00:00,55,21,95.6,9,55,40
2025-07-02 09:00:00,60,22,98.1,9,59,38
2025-07-02 10:00:00,53,24,98.5,6,54,33
2025-07-02 11:00:00,62,27,105.4,9,59,38
2025-07-02 12:00:00,61,29,101.1,9,57,41
2025-07-02 13:00:00,59,23,97.7,8,52,36
2025-07-02 14:00:00,61,33,109.6,7,58,43
2025-07-02 15:00:00,62,21,100.8,9,61,39
2025-07-02 16:00:00,62,25,98.5,8,59,38
2025-07-02 17:00:00,56,25,100.1,8,58,38
2025-07-02 18:00:00,59,25,100.7,7,59,38
2025-07-02 19:00:00,59,28,108.9,8,59,38
2025-07-02 20:00:00,52,13,92.1,7,56,34
2025-07-02 21:00:00,54,16,94.7,8,53,40
2025-07-02 22:00:00,47,9,89.0,5,53,31
2025-07-02 23:00:00,42,14,85.8,7,50,29
2025-07-03 00:00:00,47,14,91.9,6,52,33
2025-07-03 01:00:00,48,18,89.2,6,47,37
2025-07-03 02:00:00,46,12,88.7,5,51,31
2025-07-03 03:00:00,49,16,93.9,7,54,34
2025-07-03 04:00:00,42,15,91.1,5,49,31
2025-07-03 05:00:00,47,13,88.1,6,53,32
2025-07-03 06:00:00,46,11,86.8,5,52,32
2025-07-03 07:00:00,49,19,97.9,6,52,37
2025-07-03 08:00:00,52,15,92.3,7,53,31
2025-07-03 09:00:00,59,27,102.3,8,57,39
2025-07-03 10:00:00,58,23,106.2,9,56,38
2025-07-03 11:00:00,59,30,103.9,8,58,40
2025-07-03 12:00:00,60,25,102.0,9,58,36
2025-07-03 13:00:00,64,29,106.2,11,55,40
2025-07-03 14:00:00,64,29,104.3,8,59,38
2025-07-03 15:00:00,60,28,105.1,8,59,40
2025-07-03 16:00:00,59,25,99.3,8,57,41
2025-07-03 17:00:00,56,27,102.9,7,56,40
2025-07-03 18:00:00,56,21,98.5,9,53,38
2025-07-03 19:00:00,50,18,94.6,5,50,35
2025-07-03 20:00:00,60,24,107.7,7,56,40
2025-07-03 21:00:00,50,20,90.3,7,49,34
2025-07-03 22:00:00,52,16,94.8,6,53,35
2025-07-03 23:00:00,54,20,99.0,7,53,36
2025-07-04 00:00:00,47,12,87.8,6,51,31
2025-07-04 01:00:00,47,17,94.1,7,50,33
2025-07-04 02:00:00,42,13,85.2,6,45,31
2025-07-04 03:00:00,43,9,87.1,5,47,30
2025-07-04 04:00:00,52,20,95.5,7,54,36
2025-07-04 05:00:00,50,18,94.0,7,54,32
2025-07-04 06:00:00,49,16,92.8,8,51,35
2025-07-04 07:00:00,55,20,98.1,7,56,37
2025-07-04 08:00:00,55,19,95.8,8,54,39
2025-07-04 09:00:00,56,25,98.3,9,56,40
2025-07-04 10:00:00,56,16,97.8,6,53,35
2025-07-04 11:00:00,57,22,99.6,7,56,37
2025-07-04 12:00:00,60,30,102.7,10,57,40
2025-07-04 13:00:00,61,27,104.9,8,61,38
2025-07-04 14:00:00,63,29,104.9,9,58,38
2025-07-04 15:00:00,57,23,104.8,8,56,40
2025-07-04 16:00:00,63,33,114.9,9,58,44
2025-07-04 17:00:00,60,30,108.4,8,58,41
2025-07-04 18:00:00,55,23,103.1,8,53,38
2025-07-04 19:00:00,54,21,100.0,7,54,37
2025-07-04 20:00:00,49,24,94.4,7,55,33
2025-07-04 21:00:00,52,25,91.5,6,54,36
2025-07-04 22:00:00,48,19,89.7,6,53,34
2025-07-04 23:00:00,49,22,92.6,7,52,35
2025-07-05 00:00:00,40,10,88.0,6,39,33
2025-07-05 01:00:00,45,9,88.5,7,41,38
2025-07-05 02:00:00,46,8,86.0,5,41,36
2025-07-05 03:00:00,46,14,84.1,7,42,32
2025-07-05 04:00:00,48,14,97.9,5,42,35
2025-07-05 05:00:00,46,14,91.6,6,40,36
2025-07-05 06:00:00,46,19,94.5,8,39,34
2025-07-05 07:00:00,53,22,95.4,7,42,36
2025-07-05 08:00:00,54,15,94.7,7,43,37
2025-07-05 09:00:00,52,20,94.7,7,45,36
2025-07-05 10:00:00,57,27,101.9,10,46,39
2025-07-05 11:00:00,58,24,106.9,9,45,41
2025-07-05 12:00:00,67,24,103.4,10,47,42
2025-07-05 13:00:00,63,31,106.9,9,48,38
2025-07-05 14:00:00,56,23,100.6,7,45,39
2025-07-05 15:00:00,56,27,100.3,7,45,36
2025-07-05 16:00:00,63,28,108.7,9,46,42
2025-07-05 17:00:00,65,24,100.4,10,46,36
2025-07-05 18:00:00,58,27,107.6,9,44,40
2025-07-05 19:00:00,54,20,93.2,8,43,36
2025-07-05 20:00:00,56,25,96.8,8,45,36
2025-07-05 21:00:00,49,17,91.8,6,40,36
2025-07-05 22:00:00,44,18,87.9,8,39,32
2025-07-05 23:00:00,51,17,95.4,7,43,35
2025-07-06 00:00:00,44,11,88.5,6,40,33
2025-07-06 01:00:00,46,5,87.2,6,42,31
2025-07-06 02:00:00,44,13,83.9,4,40,30
2025-07-06 03:00:00,46,13,88.9,5,38,34
2025-07-06 04:00:00,49,15,92.3,7,39,36
2025-07-06 05:00:00,50,14,96.1,6,42,34
2025-07-06 06:00:00,50,14,92.9,6,41,36
2025-07-06 07:00:00,54,25,99.9,9,44,34
2025-07-06 08:00:00,54,15,101.0,7,41,37
2025-07-06 09:00:00,58,25,97.6,10,44,35
2025-07-06 10:00:00,54,22,96.6,7,45,36
2025-07-06 11:00:00,56,24,96.5,8,46,36
2025-07-06 12:00:00,55,26,104.7,8,45,42
2025-07-06 13:00:00,63,25,109.5,8,48,44
2025-07-06 14:00:00,61,30,110.0,8,45,40
2025-07-06 15:00:00,65,33,110.3,10,49,42
2025-07-06 16:00:00,62,29,106.6,10,46,39
2025-07-06 17:00:00,57,26,99.8,8,47,36
2025-07-06 18:00:00,56,21,101.2,8,45,35
2025-07-06 19:00:00,55,24,95.3,7,42,37
2025-07-06 20:00:00,54,28,96.0,8,42,35
2025-07-06 21:00:00,53,17,94.2,8,43,34
2025-07-06 22:00:00,55,15,101.8,7,42,37
2025-07-06 23:00:00,50,12,90.3,6,43,33
2025-07-07 00:00:00,46,11,87.7,7,46,31
2025-07-07 01:00:00,46,3,86.9,5,49,34
2025-07-07 02:00:00,50,13,94.9,7,49,35
2025-07-07 03:00:00,41,9,88.9,4,47,31
2025-07-07 04:00:00,48,7,85.4,7,48,32
2025-07-07 05:00:00,50,17,93.4,9,52,35
2025-07-07 06:00:00,51,12,93.4,6,50,35
2025-07-07 07:00:00,53,17,96.4,6,52,37
2025-07-07 08:00:00,54,25,101.8,8,57,39
2025-07-07 09:00:00,59,17,102.1,8,55,42
2025-07-07 10:00:00,57,19,98.7,9,50,35
2025-07-07 11:00:00,59,27,105.9,8,57,43
2025-07-07 12:00:00,63,31,109.8,8,62,42
2025-07-07 13:00:00,62,22,106.0,9,59,40
2025-07-07 14:00:00,62,29,104.3,9,61,38
2025-07-07 15:00:00,63,30,108.6,8,58,40
2025-07-07 16:00:00,59,20,103.8,9,58,39
2025-07-07 17:00:00,59,28,101.5,8,56,36
2025-07-07 18:00:00,57,27,101.6,8,57,38
2025-07-07 19:00:00,52,21,100.8,8,56,41
2025-07-07 20:00:00,59,24,102.8,8,55,39
2025-07-07 21:00:00,52,22,96.2,7,50,37
2025-07-07 22:00:00,41,16,91.8,4,48,31
2025-07-07 23:00:00,48,13,89.5,6,52,34
2025-07-08 00:00:00,46,10,83.5,8,53,28
2025-07-08 01:00:00,41,12,83.5,5,48,26
2025-07-08 02:00:00,44,14,91.8,5,51,35
2025-07-08 03:00:00,43,11,88.5,6,47,33
2025-07-08 04:00:00,42,5,84.7,5,46,34
2025-07-08 05:00:00,52,19,98.6,7,54,33
2025-07-08 06:00:00,49,17,93.4,7,55,36
2025-07-08 07:00:00,50,17,92.7,8,52,34
2025-07-08 08:00:00,57,23,102.8,7,57,40
2025-07-08 09:00:00,58,27,101.4,10,56,35
2025-07-08 10:00:00,51,14,94.3,7,51,36
2025-07-08 11:00:00,58,27,100.0,8,59,35
2025-07-08 12:00:00,60,22,98.6,7,54,40
2025-07-08 13:00:00,60,29,101.5,8,56,37
2025-07-08 14:00:00,67,28,108.5,9,60,41
2025-07-08 15:00:00,62,30,104.1,10,59,40
2025-07-08 16:00:00,58,25,99.9,9,57,36
2025-07-08 17:00:00,55,19,96.8,7,56,38
2025-07-08 18:00:00,60,22,101.4,10,63,41
2025-07-08 19:00:00,55,23,94.0,8,53,32
2025-07-08 20:00:00,56,24,91.8,8,56,34
2025-07-08 21:00:00,47,14,91.9,6,50,33
2025-07-08 22:00:00,51,20,95.2,6,55,33
2025-07-08 23:00:00,46,12,84.7,6,54,32
2025-07-09 00:00:00,46,14,91.2,6,50,35
2025-07-09 01:00:00,43,10,88.0,5,51,31
2025-07-09 02:00:00,48,13,89.8,7,49,37
2025-07-09 03:00:00,45,15,95.7,6,53,35
2025-07-09 04:00:00,45,9,91.1,6,53,34
2025-07-09 05:00:00,47,12,88.5,7,50,33
2025-07-09 06:00:00,54,17,94.6,8,55,33
2025-07-09 07:00:00,56,26,96.3,7,54,33
2025-07-09 08:00:00,55,17,100.2,8,53,40
2025-07-09 09:00:00,54,29,100.9,8,57,40
2025-07-09 10:00:00,58,31,106.1,8,62,42
2025-07-09 11:00:00,62,25,98.0,9,55,37
2025-07-09 12:00:00,58,26,103.8,8,57,37
2025-07-09 13:00:00,61,25,102.0,9,61,38
2025-07-09 14:00:00,59,28,104.9,8,61,35
2025-07-09 15:00:00,58,23,102.1,8,56,38
2025-07-09 16:00:00,65,27,106.4,8,62,40
2025-07-09 17:00:00,63,31,104.5,9,61,39
2025-07-09 18:00:00,60,22,102.6,8,60,37
2025-07-09 19:00:00,57,21,97.3,10,56,37
2025-07-09 20:00:00,52,14,96.6,5,53,38
2025-07-09 21:00:00,50,19,92.1,8,51,32
2025-07-09 22:00:00,49,17,92.7,7,51,33
2025-07-09 23:00:00,47,15,88.6,7,50,26
2025-07-10 00:00:00,51,12,92.7,6,50,37
2025-07-10 01:00:00,42,11,83.1,6,52,30
2025-07-10 02:00:00,44,14,86.3,6,50,32
2025-07-10 03:00:00,43,12,94.3,8,48,33
2025-07-10 04:00:00,49,14,94.6,6,51,35
2025-07-10 05:00:00,53,15,95.6,6,50,37
2025-07-10 06:00:00,51,20,96.9,9,55,35
2025-07-10 07:00:00,53,20,97.5,7,52,37
2025-07-10 08:00:00,54,21,97.1,8,53,33
2025-07-10 09:00:00,58,27,104.8,9,59,41
2025-07-10 10:00:00,60,25,100.5,8,57,36
2025-07-10 11:00:00,62,30,110.5,9,60,43
2025-07-10 12:00:00,63,29,106.2,9,58,41
2025-07-10 13:00:00,62,21,105.0,8,57,45
2025-07-10 14:00:00,59,33,109.3,8,57,43
2025-07-10 15:00:00,62,28,106.4,8,58,43
2025-07-10 16:00:00,61,27,101.9,7,56,39
2025-07-10 17:00:00,61,27,107.5,8,60,41
2025-07-10 18:00:00,57,23,105.1,7,62,36
2025-07-10 19:00:00,56,23,93.8,8,57,38
2025-07-10 20:00:00,51,18,94.3,7,51,39
2025-07-10 21:00:00,48,22,95.1,7,54,35
2025-07-10 22:00:00,52,16,93.4,8,50,34
2025-07-10 23:00:00,45,13,84.8,5,48,30
2025-07-11 00:00:00,45,10,85.1,5,49,31
2025-07-11 01:00:00,44,13,82.7,4,52,29
2025-07-11 02:00:00,50,13,94.5,6,53,36
2025-07-11 03:00:00,46,14,93.7,6,47,36
2025-07-11 04:00:00,45,9,91.4,7,51,33
2025-07-11 05:00:00,48,9,89.2,5,49,34
2025-07-11 06:00:00,55,18,98.2,8,56,39
2025-07-11 07:00:00,54,23,101.4,6,53,37
2025-07-11 08:00:00,52,16,93.6,6,53,38
2025-07-11 09:00:00,59,28,100.2,9,56,42
2025-07-11 10:00:00,54,25,97.2,8,55,39
2025-07-11 11:00:00,60,26,103.2,7,55,39
2025-07-11 12:00:00,65,26,104.3,8,58,38
2025-07-11 13:00:00,61,23,103.8,8,56,40
2025-07-11 14:00:00,63,31,102.9,9,58,40
2025-07-11 15:00:00,61,25,102.6,9,57,43
2025-07-11 16:00:00,59,24,103.0,9,57,38
2025-07-11 17:00:00,61,29,105.4,8,61,38
2025-07-11 18:00:00,58,17,96.5,8,53,40
2025-07-11 19:00:00,53,17,97.8,6,52,36
2025-07-11 20:00:00,47,20,93.5,7,52,35
2025-07-11 21:00:00,53,19,89.8,7,51,33
2025-07-11 22:00:00,55,18,98.5,8,55,37
2025-07-11 23:00:00,47,13,88.6,6,51,33
2025-07-12 00:00:00,45,22,90.5,6,42,33
2025-07-12 01:00:00,47,11,87.1,5,44,33
2025-07-12 02:00:00,49,11,88.1,7,41,33
2025-07-12 03:00:00,46,9,89.0,5,39,31
2025-07-12 04:00:00,51,14,94.4,6,43,38
2025-07-12 05:00:00,50,16,94.0,7,42,37
2025-07-12 06:00:00,52,20,99.0,6,43,38
2025-07-12 07:00:00,49,13,92.9,6,44,33
2025-07-12 08:00:00,54,19,90.8,7,45,37
2025-07-12 09:00:00,56,24,97.0,8,43,37
2025-07-12 10:00:00,58,26,105.5,9,44,39
2025-07-12 11:00:00,59,26,98.4,9,44,37
2025-07-12 12:00:00,62,29,97.1,10,45,37
2025-07-12 13:00:00,58,25,106.6,8,47,38
2025-07-12 14:00:00,65,33,110.1,9,48,43
2025-07-12 15:00:00,60,31,103.1,10,44,39
2025-07-12 16:00:00,59,22,98.4,8,46,39
2025-07-12 17:00:00,59,22,103.0,8,46,38
2025-07-12 18:00:00,54,20,98.9,8,43,38
2025-07-12 19:00:00,51,24,98.0,7,42,36
2025-07-12 20:00:00,51,16,93.3,6,42,34
2025-07-12 21:00:00,48,17,87.9,6,41,34
2025-07-12 22:00:00,52,18,94.7,7,43,37
2025-07-12 23:00:00,45,14,92.3,6,37,33
2025-07-13 00:00:00,50,14,91.0,5,40,37
2025-07-13 01:00:00,45,9,88.8,7,39,32
2025-07-13 02:00:00,46,14,88.7,6,38,37
2025-07-13 03:00:00,40,10,87.0,5,39,30
2025-07-13 04:00:00,47,12,86.5,6,41,32
2025-07-13 05:00:00,48,15,91.4,6,40,30
2025-07-13 06:00:00,46,16,92.2,6,42,34
2025-07-13 07:00:00,52,18,92.9,8,43,37
2025-07-13 08:00:00,52,17,95.9,9,43,34
2025-07-13 09:00:00,55,21,98.0,7,39,38
2025-07-13 10:00:00,58,24,100.8,8,45,37
2025-07-13 11:00:00,57,21,97.2,8,44,37
2025-07-13 12:00:00,61,25,106.4,7,46,42
2025-07-13 13:00:00,62,29,102.5,9,46,43
2025-07-13 14:00:00,62,24,104.2,9,44,42
2025-07-13 15:00:00,61,32,103.5,9,47,39
2025-07-13 16:00:00,59,31,104.3,7,46,36
2025-07-13 17:00:00,56,21,101.1,6,46,39
2025-07-13 18:00:00,63,29,104.9,9,47,43
2025-07-13 19:00:00,58,22,91.0,8,44,35
2025-07-13 20:00:00,57,21,95.6,6,43,35
2025-07-13 21:00:00,54,16,89.4,8,48,36
2025-07-13 22:00:00,49,19,93.9,6,43,35
2025-07-13 23:00:00,49,16,92.3,6,42,34
2025-07-14 00:00:00,46,10,87.3,6,47,33
2025-07-14 01:00:00,46,8,86.0,5,47,34
2025-07-14 02:00:00,43,7,86.2,3,52,30
2025-07-14 03:00:00,46,13,85.1,7,53,28
2025-07-14 04:00:00,47,15,93.8,6,52,32
2025-07-14 05:00:00,50,17,93.4,6,51,33
2025-07-14 06:00:00,51,16,90.8,6,51,38
2025-07-14 07:00:00,51,14,91.5,6,50,33
2025-07-14 08:00:00,53,18,95.4,7,58,37
2025-07-14 09:00:00,57,26,97.3,8,56,36
2025-07-14 10:00:00,61,22,104.7,9,59,38
2025-07-14 11:00:00,55,26,103.0,7,58,41
2025-07-14 12:00:00,57,23,100.7,7,54,34
2025-07-14 13:00:00,64,29,109.3,9,60,44
2025-07-14 14:00:00,62,26,112.5,11,58,42
2025-07-14 15:00:00,63,31,101.5,9,62,39
2025-07-14 16:00:00,63,30,106.6,9,61,43
2025-07-14 17:00:00,59,24,98.0,8,57,40
2025-07-14 18:00:00,56,24,104.5,9,56,37
2025-07-14 19:00:00,57,20,99.7,8,54,35
2025-07-14 20:00:00,52,15,92.1,6,51,31
2025-07-14 21:00:00,50,15,91.6,7,50,34
2025-07-14 22:00:00,51,17,98.3,6,54,35
2025-07-14 23:00:00,50,15,94.1,7,54,33
2025-07-15 00:00:00,47,14,92.1,7,52,35
2025-07-15 01:00:00,50,11,95.7,5,48,37
2025-07-15 02:00:00,50,15,95.4,7,53,35
2025-07-15 03:00:00,48,12,94.1,5,52,34
2025-07-15 04:00:00,54,16,94.9,8,57,36
2025-07-15 05:00:00,46,8,80.8,6,47,28
2025-07-15 06:00:00,45,3,85.4,4,50,33
2025-07-15 07:00:00,54,19,94.7,6,57,37
2025-07-15 08:00:00,52,15,96.1,6,51,39
2025-07-15 09:00:00,56,21,93.3,8,57,32
2025-07-15 10:00:00,55,23,101.2,8,52,39
2025-07-15 11:00:00,62,31,107.1,10,59,42
2025-07-15 12:00:00,57,28,103.3,8,55,42
2025-07-15 13:00:00,61,28,106.7,9,60,40
2025-07-15 14:00:00,63,31,106.4,9,59,40
2025-07-15 15:00:00,61,29,103.7,11,58,39
2025-07-15 16:00:00,56,25,103.6,7,57,38
2025-07-15 17:00:00,56,29,103.5,7,55,37
2025-07-15 18:00:00,55,20,99.7,7,55,35
2025-07-15 19:00:00,57,23,100.2,7,58,36
2025-07-15 20:00:00,53,15,94.8,6,52,37
2025-07-15 21:00:00,52,19,95.0,7,54,34
2025-07-15 22:00:00,47,17,86.5,5,51,34
2025-07-15 23:00:00,50,20,90.6,6,56,34
2025-07-16 00:00:00,40,8,83.6,5,50,32
2025-07-16 01:00:00,39,10,78.3,5,47,30
2025-07-16 02:00:00,46,15,89.5,6,50,33
2025-07-16 03:00:00,45,13,86.0,6,48,34
2025-07-16 04:00:00,49,14,91.5,6,56,37
2025-07-16 05:00:00,47,11,90.1,6,52,31
2025-07-16 06:00:00,53,14,88.8,7,55,32
2025-07-16 07:00:00,51,22,97.1,8,56,36
2025-07-16 08:00:00,55,20,96.2,6,55,38
2025-07-16 09:00:00,55,23,92.3,8,55,38
2025-07-16 10:00:00,61,24,101.6,9,61,39
2025-07-16 11:00:00,58,22,101.2,8,55,41
2025-07-16 12:00:00,64,30,105.8,9,59,40
2025-07-16 13:00:00,59,29,102.5,8,58,42
2025-07-16 14:00:00,63,36,109.1,10,58,43
2025-07-16 15:00:00,60,24,101.3,8,59,39
2025-07-16 16:00:00,65,30,106.7,10,61,42
2025-07-16 17:00:00,53,21,92.6,7,53,37
2025-07-16 18:00:00,57,25,99.1,8,59,37
2025-07-16 19:00:00,56,25,105.8,9,54,38
2025-07-16 20:00:00,46,13,90.1,5,50,35
2025-07-16 21:00:00,50,17,94.4,6,55,35
2025-07-16 22:00:00,45,14,87.3,5,50,32
2025-07-16 23:00:00,41,12,84.8,6,45,34
2025-07-17 00:00:00,46,14,89.4,5,51,32
2025-07-17 01:00:00,46,16,93.2,6,50,36
2025-07-17 02:00:00,45,12,91.6,7,51,34
2025-07-17 03:00:00,46,13,88.4,5,53,31
2025-07-17 04:00:00,44,13,88.5,4,50,30
2025-07-17 05:00:00,52,14,93.3,7,48,30
2025-07-17 06:00:00,48,12,93.0,5,52,34
2025-07-17 07:00:00,56,22,100.3,7,53,36
2025-07-17 08:00:00,50,21,94.4,7,54,35
2025-07-17 09:00:00,54,23,101.4,7,57,38
2025-07-17 10:00:00,59,21,102.1,7,59,35
2025-07-17 11:00:00,58,24,99.1,9,58,33
2025-07-17 12:00:00,58,26,101.9,8,56,39
2025-07-17 13:00:00,55,22,98.3,7,55,36
2025-07-17 14:00:00,62,22,100.1,7,59,37
2025-07-17 15:00:00,63,26,104.0,7,60,39
2025-07-17 16:00:00,62,29,108.7,9,57,42
2025-07-17 17:00:00,58,23,103.9,7,58,41
2025-07-17 18:00:00,54,20,100.0,7,51,37
2025-07-17 19:00:00,55,19,99.7,9,50,38
2025-07-17 20:00:00,50,18,94.5,7,49,37
2025-07-17 21:00:00,49,17,91.0,7,53,36
2025-07-17 22:00:00,55,24,100.5,8,56,40
2025-07-17 23:00:00,44,18,85.1,8,51,29
2025-07-18 00:00:00,49,17,90.8,5,51,28
2025-07-18 01:00:00,51,16,96.9,7,53,34
2025-07-18 02:00:00,46,9,86.7,7,48,34
2025-07-18 03:00:00,45,8,89.3,6,49,33
2025-07-18 04:00:00,44,9,85.9,6,47,34
2025-07-18 05:00:00,47,19,94.2,6,53,32
2025-07-18 06:00:00,43,14,83.5,5,48,29
2025-07-18 07:00:00,50,14,96.3,8,53,37
2025-07-18 08:00:00,52,18,92.0,7,54,35
2025-07-18 09:00:00,54,21,93.3,8,58,36
2025-07-18 10:00:00,58,25,105.0,9,57,39
2025-07-18 11:00:00,60,27,103.2,9,60,39
2025-07-18 12:00:00,58,24,100.4,8,58,41
2025-07-18 13:00:00,66,30,113.3,10,58,43
2025-07-18 14:00:00,63,26,107.2,9,58,43
2025-07-18 15:00:00,64,27,104.5,8,59,40
2025-07-18 16:00:00,61,29,104.6,10,60,42
2025-07-18 17:00:00,60,23,105.5,8,59,40
2025-07-18 18:00:00,55,22,95.5,8,56,36
2025-07-18 19:00:00,58,24,105.5,9,55,39
2025-07-18 20:00:00,52,17,93.6,5,53,37
2025-07-18 21:00:00,49,17,89.7,7,51,31
2025-07-18 22:00:00,50,18,97.0,7,53,35
2025-07-18 23:00:00,49,22,96.6,8,49,37
2025-07-19 00:00:00,53,15,89.3,8,43,34
2025-07-19 01:00:00,47,14,90.2,6,38,32
2025-07-19 02:00:00,50,14,88.9,7,40,33
2025-07-19 03:00:00,47,9,91.2,5,43,35
2025-07-19 04:00:00,47,13,95.2,6,43,37
2025-07-19 05:00:00,47,14,91.9,7,39,32
2025-07-19 06:00:00,45,17,88.3,6,41,36
2025-07-19 07:00:00,49,18,96.2,7,43,34
2025-07-19 08:00:00,56,21,98.5,8,46,37
2025-07-19 09:00:00,55,21,97.7,7,44,35
2025-07-19 10:00:00,59,24,100.2,9,44,38
2025-07-19 11:00:00,53,21,97.3,5,42,35
2025-07-19 12:00:00,62,26,103.8,9,47,38
2025-07-19 13:00:00,66,33,101.9,8,46,40
2025-07-19 14:00:00,58,29,102.8,8,43,38
2025-07-19 15:00:00,62,28,104.9,8,48,38
2025-07-19 16:00:00,66,34,110.7,9,53,41
2025-07-19 17:00:00,62,21,96.8,10,45,38
2025-07-19 18:00:00,55,20,99.6,8,44,35
2025-07-19 19:00:00,59,28,103.5,8,46,40
2025-07-19 20:00:00,57,20,100.7,10,45,36
2025-07-19 21:00:00,52,17,90.0,8,41,35
2025-07-19 22:00:00,52,12,88.9,6,42,36
2025-07-19 23:00:00,48,16,86.2,5,42,31
2025-07-20 00:00:00,48,15,91.9,6,40,32
2025-07-20 01:00:00,43,8,84.9,5,39,35
2025-07-20 02:00:00,45,12,87.7,5,41,34
2025-07-20 03:00:00,46,11,84.9,6,40,31
2025-07-20 04:00:00,45,14,85.5,5,37,32
2025-07-20 05:00:00,46,10,81.1,7,36,28
2025-07-20 06:00:00,53,20,92.3,7,41,31
2025-07-20 07:00:00,57,21,97.8,7,47,37
2025-07-20 08:00:00,48,19,91.0,7,41,33
2025-07-20 09:00:00,60,21,101.6,8,46,40
2025-07-20 10:00:00,57,24,102.5,9,47,39
2025-07-20 11:00:00,61,23,100.7,8,44,38
2025-07-20 12:00:00,63,25,106.4,8,51,40
2025-07-20 13:00:00,65,27,109.1,9,48,38
2025-07-20 14:00:00,62,34,110.3,8,48,39
2025-07-20 15:00:00,62,31,107.6,9,46,38
2025-07-20 16:00:00,62,30,105.8,8,46,41
2025-07-20 17:00:00,59,27,99.5,8,46,39
2025-07-20 18:00:00,60,20,101.8,8,44,39
2025-07-20 19:00:00,55,22,97.6,8,44,40
2025-07-20 20:00:00,51,23,100.1,7,39,38
2025-07-20 21:00:00,49,14,91.6,4,39,34
2025-07-20 22:00:00,46,18,90.9,6,40,33
2025-07-20 23:00:00,49,22,99.3,7,41,36
2025-07-21 00:00:00,49,17,91.4,7,58,32
2025-07-21 01:00:00,45,17,90.5,6,51,36
2025-07-21 02:00:00,45,13,94.5,7,50,36
2025-07-21 03:00:00,46,16,91.1,6,48,33
2025-07-21 04:00:00,46,11,92.0,6,49,34
2025-07-21 05:00:00,50,17,97.9,6,51,39
2025-07-21 06:00:00,52,18,93.6,8,56,37
2025-07-21 07:00:00,57,19,101.7,9,53,37
2025-07-21 08:00:00,55,25,98.5,7,55,34
2025-07-21 09:00:00,57,20,105.3,8,57,39
2025-07-21 10:00:00,54,23,102.3,7,50,39
2025-07-21 11:00:00,59,26,104.4,10,54,36
2025-07-21 12:00:00,59,23,104.7,8,54,36
2025-07-21 13:00:00,59,29,101.4,8,57,38
2025-07-21 14:00:00,59,22,106.1,7,56,41
2025-07-21 15:00:00,62,31,103.8,9,61,40
2025-07-21 16:00:00,60,27,104.4,8,53,40
2025-07-21 17:00:00,65,24,103.7,8,59,39
2025-07-21 18:00:00,58,21,102.8,8,59,41
2025-07-21 19:00:00,61,21,107.0,7,54,42
2025-07-21 20:00:00,58,22,101.9,8,56,42
2025-07-21 21:00:00,50,20,95.7,6,54,35
2025-07-21 22:00:00,49,14,91.2,6,54,36
2025-07-21 23:00:00,46,11,89.1,6,47,32
2025-07-22 00:00:00,47,15,89.7,6,52,33
2025-07-22 01:00:00,42,10,90.9,5,48,34
2025-07-22 02:00:00,44,12,90.5,6,47,33
2025-07-22 03:00:00,47,13,88.7,5,48,32
2025-07-22 04:00:00,48,14,91.1,7,48,35
2025-07-22 05:00:00,49,17,101.8,7,60,36
2025-07-22 06:00:00,48,12,91.1,7,53,38
2025-07-22 07:00:00,52,11,96.9,6,52,37
2025-07-22 08:00:00,52,18,93.6,7,52,36
2025-07-22 09:00:00,61,28,106.0,8,59,41
2025-07-22 10:00:00,55,31,99.8,8,54,41
2025-07-22 11:00:00,63,32,105.5,9,60,43
2025-07-22 12:00:00,62,26,106.7,9,60,42
2025-07-22 13:00:00,58,21,97.6,7,56,40
2025-07-22 14:00:00,59,20,96.5,7,55,37
2025-07-22 15:00:00,62,26,106.4,9,57,42
2025-07-22 16:00:00,63,26,103.6,8,61,40
2025-07-22 17:00:00,56,30,101.3,8,57,40
2025-07-22 18:00:00,60,27,98.2,8,61,38
2025-07-22 19:00:00,55,23,94.8,7,51,36
2025-07-22 20:00:00,56,17,97.7,7,52,35
2025-07-22 21:00:00,46,15,89.3,5,51,30
2025-07-22 22:00:00,56,17,99.9,7,56,40
2025-07-22 23:00:00,46,17,88.2,5,51,33
2025-07-23 00:00:00,50,14,92.3,7,55,35
2025-07-23 01:00:00,44,9,87.1,5,47,33
2025-07-23 02:00:00,44,14,88.0,6,50,31
2025-07-23 03:00:00,47,14,92.0,6,53,32
2025-07-23 04:00:00,48,9,86.2,7,54,35
2025-07-23 05:00:00,43,12,88.6,6,48,34
2025-07-23 06:00:00,52,18,98.6,6,59,39
2025-07-23 07:00:00,51,17,91.8,9,53,32
2025-07-23 08:00:00,57,26,101.9,8,60,38
2025-07-23 09:00:00,56,24,101.0,7,55,40
2025-07-23 10:00:00,56,22,100.8,7,55,41
2025-07-23 11:00:00,57,26,100.8,8,59,39
2025-07-23 12:00:00,62,27,109.4,8,60,42
2025-07-23 13:00:00,63,25,110.8,9,58,40
2025-07-23 14:00:00,63,25,106.2,7,56,40
2025-07-23 15:00:00,63,30,107.7,9,65,38
2025-07-23 16:00:00,64,30,107.1,10,59,39
2025-07-23 17:00:00,64,28,102.1,9,59,41
2025-07-23 18:00:00,55,29,96.4,9,52,35
2025-07-23 19:00:00,49,20,90.7,5,51,34
2025-07-23 20:00:00,60,26,103.5,8,59,38
2025-07-23 21:00:00,47,15,90.3,5,51,34
2025-07-23 22:00:00,46,12,93.7,7,55,33
2025-07-23 23:00:00,45,8,79.8,5,50,31
2025-07-24 00:00:00,42,12,86.4,5,47,33
2025-07-24 01:00:00,44,11,88.7,5,53,32
2025-07-24 02:00:00,44,14,90.8,6,54,31
2025-07-24 03:00:00,45,13,89.5,6,53,31
2025-07-24 04:00:00,46,9,89.1,5,50,34
2025-07-24 05:00:00,47,13,90.3,7,50,30
2025-07-24 06:00:00,48,15,92.7,7,48,33
2025-07-24 07:00:00,50,12,91.8,7,52,34
2025-07-24 08:00:00,55,17,103.1,7,55,41
2025-07-24 09:00:00,59,19,101.9,8,54,40
2025-07-24 10:00:00,59,29,103.8,8,58,38
2025-07-24 11:00:00,64,26,103.7,8,62,38
2025-07-24 12:00:00,64,29,105.5,10,59,40
2025-07-24 13:00:00,57,22,104.5,8,57,42
2025-07-24 14:00:00,60,32,97.7,8,54,35
2025-07-24 15:00:00,61,32,106.4,9,63,38
2025-07-24 16:00:00,62,20,102.5,9,56,39
2025-07-24 17:00:00,57,23,102.0,8,56,39
2025-07-24 18:00:00,53,26,99.6,8,56,35
2025-07-24 19:00:00,56,24,104.3,7,55,41
2025-07-24 20:00:00,48,18,92.7,7,54,36
2025-07-24 21:00:00,49,17,92.3,7,51,34
2025-07-24 22:00:00,47,14,93.6,5,50,34
2025-07-24 23:00:00,48,15,96.1,8,53,36
2025-07-25 00:00:00,50,17,95.7,7,47,31
2025-07-25 01:00:00,47,10,91.7,6,47,30
2025-07-25 02:00:00,43,16,88.0,5,50,33
2025-07-25 03:00:00,44,10,87.3,5,51,29
2025-07-25 04:00:00,46,10,92.8,5,51,33
2025-07-25 05:00:00,48,17,93.8,5,46,35
2025-07-25 06:00:00,50,19,93.3,6,52,37
2025-07-25 07:00:00,48,21,93.6,6,54,36
2025-07-25 08:00:00,49,15,95.6,7,50,35
2025-07-25 09:00:00,54,20,100.8,5,54,38
2025-07-25 10:00:00,51,27,94.9,7,55,35
2025-07-25 11:00:00,61,26,104.8,8,58,40
2025-07-25 12:00:00,56,23,99.6,8,57,37
2025-07-25 13:00:00,64,29,106.5,11,59,42
2025-07-25 14:00:00,63,25,108.6,10,60,41
2025-07-25 15:00:00,62,34,106.5,9,61,40
2025-07-25 16:00:00,65,32,106.7,9,62,42
2025-07-25 17:00:00,62,28,102.5,8,60,39
2025-07-25 18:00:00,58,29,102.4,8,59,39
2025-07-25 19:00:00,55,22,96.2,8,54,33
2025-07-25 20:00:00,57,23,97.5,7,55,35
2025-07-25 21:00:00,53,23,95.2,9,55,36
2025-07-25 22:00:00,52,17,92.4,8,57,37
2025-07-25 23:00:00,42,13,84.4,6,49,33
2025-07-26 00:00:00,45,7,88.0,6,42,31
2025-07-26 01:00:00,42,12,80.4,5,41,31
2025-07-26 02:00:00,46,15,88.1,7,43,35
2025-07-26 03:00:00,48,16,91.6,6,43,33
2025-07-26 04:00:00,51,15,97.0,5,41,35
2025-07-26 05:00:00,45,12,87.8,6,38,34
2025-07-26 06:00:00,46,9,87.8,5,38,35
2025-07-26 07:00:00,51,16,93.4,6,44,35
2025-07-26 08:00:00,51,19,89.2,7,42,31
2025-07-26 09:00:00,58,21,101.9,8,44,39
2025-07-26 10:00:00,58,26,103.8,8,45,40
2025-07-26 11:00:00,62,33,108.9,10,48,42
2025-07-26 12:00:00,62,27,112.7,7,46,41
2025-07-26 13:00:00,61,27,100.3,10,46,43
2025-07-26 14:00:00,60,27,98.7,9,46,41
2025-07-26 15:00:00,62,28,107.0,9,48,40
2025-07-26 16:00:00,58,24,100.0,8,43,36
2025-07-26 17:00:00,60,26,100.0,9,46,37
2025-07-26 18:00:00,61,26,102.5,9,46,40
2025-07-26 19:00:00,53,23,95.6,7,44,37
2025-07-26 20:00:00,50,22,100.4,7,42,38
2025-07-26 21:00:00,52,19,102.4,8,41,39
2025-07-26 22:00:00,46,10,83.3,4,43,33
2025-07-26 23:00:00,48,17,87.9,6,44,32
2025-07-27 00:00:00,47,11,86.8,6,41,31
2025-07-27 01:00:00,39,8,81.4,4,38,30
2025-07-27 02:00:00,46,8,85.4,5,38,30
2025-07-27 03:00:00,43,14,87.3,6,40,29
2025-07-27 04:00:00,46,12,88.0,5,44,33
2025-07-27 05:00:00,44,8,82.8,5,41,30
2025-07-27 06:00:00,49,18,89.7,6,40,34
2025-07-27 07:00:00,54,13,99.4,8,43,38
2025-07-27 08:00:00,55,20,96.5,6,44,35
2025-07-27 09:00:00,58,23,99.6,9,46,38
2025-07-27 10:00:00,59,27,98.3,8,49,36
2025-07-27 11:00:00,63,32,105.5,9,46,37
2025-07-27 12:00:00,60,22,104.9,9,45,41
2025-07-27 13:00:00,62,28,106.8,10,45,43
2025-07-27 14:00:00,64,27,108.7,9,48,42
2025-07-27 15:00:00,62,29,102.2,9,47,42
2025-07-27 16:00:00,67,28,104.4,9,52,41
2025-07-27 17:00:00,61,24,106.9,10,45,39
2025-07-27 18:00:00,54,22,100.7,8,45,38
2025-07-27 19:00:00,54,18,95.8,6,39,40
2025-07-27 20:00:00,56,23,101.9,7,47,37
2025-07-27 21:00:00,52,20,92.0,7,43,35
2025-07-27 22:00:00,52,19,91.9,8,43,37
2025-07-27 23:00:00,49,13,86.9,5,41,34
2025-07-28 00:00:00,42,11,87.4,5,49,31
2025-07-28 01:00:00,48,8,89.7,6,49,37
2025-07-28 02:00:00,44,13,87.0,6,50,32
2025-07-28 03:00:00,43,9,83.7,5,51,31
2025-07-28 04:00:00,47,20,99.5,7,51,35
2025-07-28 05:00:00,49,10,89.2,6,50,36
2025-07-28 06:00:00,49,17,97.0,6,51,34
2025-07-28 07:00:00,51,23,96.1,8,56,35
2025-07-28 08:00:00,53,22,95.8,7,54,38
2025-07-28 09:00:00,51,23,100.6,7,53,39
2025-07-28 10:00:00,55,21,100.1,6,55,41
2025-07-28 11:00:00,55,21,97.9,8,57,39
2025-07-28 12:00:00,61,30,108.3,9,56,39
2025-07-28 13:00:00,65,33,116.2,10,62,45
2025-07-28 14:00:00,63,26,102.9,8,60,37
2025-07-28 15:00:00,64,24,106.1,10,60,42
2025-07-28 16:00:00,61,18,99.8,8,57,36
2025-07-28 17:00:00,57,22,97.1,8,56,37
2025-07-28 18:00:00,58,24,97.9,8,58,35
2025-07-28 19:00:00,57,28,106.7,8,54,39
2025-07-28 20:00:00,49,22,89.1,6,51,32
2025-07-28 21:00:00,49,19,94.8,8,49,35
2025-07-28 22:00:00,49,15,89.3,6,55,35
2025-07-28 23:00:00,47,12,95.0,8,53,34
2025-07-29 00:00:00,49,18,92.4,6,48,32
2025-07-29 01:00:00,47,13,89.0,6,51,33
2025-07-29 02:00:00,39,5,86.6,5,46,33
2025-07-29 03:00:00,46,10,91.2,6,51,33
2025-07-29 04:00:00,46,10,90.1,4,51,35
2025-07-29 05:00:00,49,12,93.5,5,51,35
2025-07-29 06:00:00,53,18,92.3,7,53,34
2025-07-29 07:00:00,51,18,96.5,6,55,37
2025-07-29 08:00:00,57,20,98.1,9,54,39
2025-07-29 09:00:00,55,27,101.0,8,55,39
2025-07-29 10:00:00,55,22,99.5,8,56,38
2025-07-29 11:00:00,62,32,103.4,9,61,37
2025-07-29 12:00:00,59,25,103.8,8,58,39
2025-07-29 13:00:00,62,28,104.8,10,58,38
2025-07-29 14:00:00,67,27,104.0,10,57,41
2025-07-29 15:00:00,63,28,105.1,9,56,39
2025-07-29 16:00:00,62,28,105.1,9,58,43
2025-07-29 17:00:00,58,27,103.8,9,57,41
2025-07-29 18:00:00,53,21,89.6,7,53,35
2025-07-29 19:00:00,54,18,97.9,6,52,34
2025-07-29 20:00:00,59,29,101.7,9,55,37
2025-07-29 21:00:00,50,16,95.7,8,53,38
2025-07-29 22:00:00,51,18,94.7,5,56,35
2025-07-29 23:00:00,50,9,89.4,6,50,35
2025-07-30 00:00:00,50,12,91.0,6,52,32
2025-07-30 01:00:00,47,12,90.4,5,49,30
2025-07-30 02:00:00,46,14,92.6,6,52,34
2025-07-30 03:00:00,39,3,78.9,4,46,30
2025-07-30 04:00:00,45,14,88.0,6,52,30
2025-07-30 05:00:00,46,10,92.9,6,50,36
2025-07-30 06:00:00,48,17,90.9,5,52,35
2025-07-30 07:00:00,51,14,94.3,6,51,37
2025-07-30 08:00:00,58,17,94.7,9,54,35
2025-07-30 09:00:00,59,21,95.8,7,58,39
2025-07-30 10:00:00,57,20,96.2,6,56,35
2025-07-30 11:00:00,61,24,100.9,9,62,35
2025-07-30 12:00:00,58,23,103.6,8,54,39
2025-07-30 13:00:00,63,21,107.1,9,60,42
2025-07-30 14:00:00,59,32,98.6,9,58,36
2025-07-30 15:00:00,63,23,102.2,10,56,39
2025-07-30 16:00:00,62,26,106.5,8,53,42
2025-07-30 17:00:00,58,28,102.5,8,56,41
2025-07-30 18:00:00,57,22,103.9,7,55,41
2025-07-30 19:00:00,52,19,97.6,8,52,36
2025-07-30 20:00:00,51,21,94.7,8,55,35
2025-07-30 21:00:00,49,22,93.7,7,52,34
2025-07-30 22:00:00,50,12,91.7,8,52,34
2025-07-30 23:00:00,51,14,90.2,7,49,35
2025-07-31 00:00:00,39,7,85.9,6,48,30
2025-07-31 01:00:00,50,11,93.4,6,49,34
2025-07-31 02:00:00,45,12,90.1,5,51,35
2025-07-31 03:00:00,46,9,88.6,7,51,33
2025-07-31 04:00:00,42,11,83.5,4,46,31
2025-07-31 05:00:00,50,9,92.1,7,55,36
2025-07-31 06:00:00,50,16,93.6,8,51,35
2025-07-31 07:00:00,55,22,104.6,9,56,37
2025-07-31 08:00:00,56,16,92.9,6,56,39
2025-07-31 09:00:00,58,20,97.8,8,55,38
2025-07-31 10:00:00,57,26,96.0,8,55,38
2025-07-31 11:00:00,60,30,103.9,9,57,39
2025-07-31 12:00:00,58,22,94.9,8,57,37
2025-07-31 13:00:00,64,27,109.4,8,60,44
2025-07-31 14:00:00,63,29,109.3,9,62,42
2025-07-31 15:00:00,64,27,105.8,9,62,40
2025-07-31 16:00:00,61,18,98.1,7,59,35
2025-07-31 17:00:00,56,27,96.2,8,58,32
2025-07-31 18:00:00,63,29,103.8,10,61,43
2025-07-31 19:00:00,58,22,102.6,8,56,39
2025-07-31 20:00:00,52,16,92.0,6,52,39
2025-07-31 21:00:00,52,16,100.1,7,50,38
2025-07-31 22:00:00,51,22,100.3,8,56,36
2025-07-31 23:00:00,50,18,93.8,5,53,35
2025-08-01 00:00:00,46,15,89.0,6,51,36
2025-08-01 01:00:00,47,14,88.7,7,45,36
2025-08-01 02:00:00,45,10,92.4,5,48,36
2025-08-01 03:00:00,44,12,85.9,6,51,29
2025-08-01 04:00:00,47,13,92.7,5,51,31
2025-08-01 05:00:00,55,16,96.6,6,53,39
2025-08-01 06:00:00,49,21,96.6,7,52,37
2025-08-01 07:00:00,52,22,93.9,9,58,38
2025-08-01 08:00:00,51,15,92.1,6,52,34
2025-08-01 09:00:00,55,23,98.4,8,55,35
2025-08-01 10:00:00,60,27,101.7,9,58,39
2025-08-01 11:00:00,62,28,108.7,9,59,42
2025-08-01 12:00:00,60,25,100.4,8,60,37
2025-08-01 13:00:00,67,38,110.1,9,67,39
2025-08-01 14:00:00,63,24,108.0,8,61,42
2025-08-01 15:00:00,60,24,105.9,8,58,38
2025-08-01 16:00:00,57,28,106.6,8,59,44
2025-08-01 17:00:00,64,33,102.2,8,57,42
2025-08-01 18:00:00,57,21,100.2,8,56,39
2025-08-01 19:00:00,56,21,98.8,7,54,41
2025-08-01 20:00:00,53,24,96.4,8,54,37
2025-08-01 21:00:00,53,18,96.9,7,56,36
2025-08-01 22:00:00,50,15,91.7,7,55,38
2025-08-01 23:00:00,48,16,92.2,7,49,35
2025-08-02 00:00:00,44,14,98.5,5,39,35
2025-08-02 01:00:00,49,16,93.6,6,41,33
2025-08-02 02:00:00,48,17,93.1,6,42,33
2025-08-02 03:00:00,47,13,92.4,6,42,37
2025-08-02 04:00:00,40,14,86.5,6,42,32
2025-08-02 05:00:00,48,15,88.1,6,43,37
2025-08-02 06:00:00,49,18,88.3,6,44,35
2025-08-02 07:00:00,50,18,93.7,7,40,37
2025-08-02 08:00:00,55,20,97.3,5,43,35
2025-08-02 09:00:00,59,26,96.4,9,46,36
2025-08-02 10:00:00,60,29,109.3,8,51,38
2025-08-02 11:00:00,61,20,101.8,8,46,37
2025-08-02 12:00:00,58,27,106.6,8,48,39
2025-08-02 13:00:00,60,25,96.0,9,45,36
2025-08-02 14:00:00,62,27,108.9,10,47,45
2025-08-02 15:00:00,60,29,103.0,9,47,38
2025-08-02 16:00:00,63,29,110.1,9,47,44
2025-08-02 17:00:00,58,25,102.2,8,46,36
2025-08-02 18:00:00,59,17,100.8,8,43,37
2025-08-02 19:00:00,52,19,97.0,8,40,37
2025-08-02 20:00:00,60,23,100.7,11,45,40
2025-08-02 21:00:00,54,8,91.0,6,43,35
2025-08-02 22:00:00,50,20,93.7,7,41,35
2025-08-02 23:00:00,51,16,89.5,6,46,35
2025-08-03 00:00:00,47,18,90.1,6,41,34
2025-08-03 01:00:00,48,12,88.1,5,41,30
2025-08-03 02:00:00,43,5,80.1,6,37,33
2025-08-03 03:00:00,43,14,89.1,6,40,33
2025-08-03 04:00:00,39,18,86.4,5,40,32
2025-08-03 05:00:00,48,18,93.1,7,42,35
2025-08-03 06:00:00,50,14,94.1,7,42,32
2025-08-03 07:00:00,55,18,96.3,8,44,33
2025-08-03 08:00:00,53,18,93.1,7,42,39
2025-08-03 09:00:00,57,19,100.0,8,47,37
2025-08-03 10:00:00,58,27,93.2,9,45,35
2025-08-03 11:00:00,57,21,99.5,7,48,37
2025-08-03 12:00:00,62,24,106.2,7,45,41
2025-08-03 13:00:00,54,24,101.8,9,46,37
2025-08-03 14:00:00,60,23,100.7,8,46,37
2025-08-03 15:00:00,61,28,97.6,10,47,37
2025-08-03 16:00:00,65,31,100.4,11,47,40
2025-08-03 17:00:00,58,25,103.3,10,46,40
2025-08-03 18:00:00,58,19,97.9,5,45,37
2025-08-03 19:00:00,59,25,108.1,9,48,37
2025-08-03 20:00:00,52,26,93.3,7,44,37
2025-08-03 21:00:00,50,16,94.3,6,41,37
2025-08-03 22:00:00,48,14,96.2,7,40,33
2025-08-03 23:00:00,51,16,94.2,6,43,35
2025-08-04 00:00:00,50,19,89.1,7,55,33
2025-08-04 01:00:00,45,10,95.9,7,50,37
2025-08-04 02:00:00,41,7,89.2,5,50,34
2025-08-04 03:00:00,49,14,91.1,7,52,32
2025-08-04 04:00:00,47,16,93.6,6,47,39
2025-08-04 05:00:00,44,14,90.9,6,50,33
2025-08-04 06:00:00,45,14,91.2,7,50,35
2025-08-04 07:00:00,54,21,93.1,8,57,35
2025-08-04 08:00:00,51,22,96.7,7,57,34
2025-08-04 09:00:00,60,19,104.9,9,60,39
2025-08-04 10:00:00,55,24,101.0,7,55,34
2025-08-04 11:00:00,58,21,101.3,8,55,34
2025-08-04 12:00:00,62,29,103.8,8,58,39
2025-08-04 13:00:00,59,27,100.3,7,57,37
2025-08-04 14:00:00,56,26,95.8,7,56,36
2025-08-04 15:00:00,62,28,107.2,9,57,39
2025-08-04 16:00:00,59,27,102.1,9,57,43
2025-08-04 17:00:00,61,29,100.4,8,54,39
2025-08-04 18:00:00,58,26,104.7,8,61,39
2025-08-04 19:00:00,56,22,97.3,6,55,39
2025-08-04 20:00:00,58,23,98.2,10,56,42
2025-08-04 21:00:00,50,19,93.1,8,54,32
2025-08-04 22:00:00,48,15,90.6,6,53,35
2025-08-04 23:00:00,43,14,89.5,6,45,32
2025-08-05 00:00:00,46,13,86.6,5,49,33
2025-08-05 01:00:00,47,14,93.6,7,54,35
2025-08-05 02:00:00,44,11,88.7,6,51,31
2025-08-05 03:00:00,46,11,87.4,5,48,35
2025-08-05 04:00:00,48,20,92.7,6,54,34
2025-08-05 05:00:00,45,18,89.4,6,52,34
2025-08-05 06:00:00,50,13,92.1,7,50,36
2025-08-05 07:00:00,52,20,100.0,7,53,39
2025-08-05 08:00:00,54,20,96.0,8,51,35
2025-08-05 09:00:00,55,23,99.3,8,57,37
2025-08-05 10:00:00,56,24,98.0,7,59,36
2025-08-05 11:00:00,61,30,106.7,8,58,38
2025-08-05 12:00:00,60,28,105.0,9,58,39
2025-08-05 13:00:00,66,28,111.4,10,61,43
2025-08-05 14:00:00,65,32,105.7,10,60,38
2025-08-05 15:00:00,63,29,108.1,9,55,41
2025-08-05 16:00:00,60,27,107.6,9,60,42
2025-08-05 17:00:00,55,27,98.6,10,58,39
2025-08-05 18:00:00,56,24,99.1,10,57,34
2025-08-05 19:00:00,54,22,98.5,7,58,32
2025-08-05 20:00:00,52,18,94.6,6,53,35
2025-08-05 21:00:00,51,15,93.8,7,53,34
2025-08-05 22:00:00,50,13,94.0,6,50,33
2025-08-05 23:00:00,47,9,88.6,5,48,33
2025-08-06 00:00:00,48,10,89.7,6,48,32
2025-08-06 01:00:00,45,12,88.9,5,50,31
2025-08-06 02:00:00,46,12,88.1,6,50,31
2025-08-06 03:00:00,46,11,88.0,6,52,33
2025-08-06 04:00:00,45,5,83.1,6,45,27
2025-08-06 05:00:00,53,20,96.0,8,54,36
2025-08-06 06:00:00,53,20,97.4,7,57,42
2025-08-06 07:00:00,49,19,92.6,7,52,36
2025-08-06 08:00:00,55,27,97.9,9,58,36
2025-08-06 09:00:00,55,19,96.8,7,59,39
2025-08-06 10:00:00,65,31,109.1,9,63,44
2025-08-06 11:00:00,58,22,100.7,8,53,39
2025-08-06 12:00:00,59,28,109.4,8,57,39
2025-08-06 13:00:00,61,23,101.1,8,59,37
2025-08-06 14:00:00,63,28,105.4,10,59,38
2025-08-06 15:00:00,62,29,107.7,9,61,37
2025-08-06 16:00:00,60,26,101.2,7,58,40
2025-08-06 17:00:00,62,28,111.3,10,59,46
2025-08-06 18:00:00,56,24,99.7,8,58,38
2025-08-06 19:00:00,54,20,99.1,8,52,36
2025-08-06 20:00:00,52,18,95.0,6,54,37
2025-08-06 21:00:00,55,21,101.1,7,54,40
2025-08-06 22:00:00,50,14,88.8,8,53,32
2025-08-06 23:00:00,46,18,95.8,7,50,36
2025-08-07 00:00:00,45,17,91.2,7,52,30
2025-08-07 01:00:00,49,6,90.9,6,49,34
2025-08-07 02:00:00,49,16,90.3,8,48,32
2025-08-07 03:00:00,50,19,95.2,6,53,36
2025-08-07 04:00:00,47,14,87.4,5,48,32
2025-08-07 05:00:00,52,16,98.2,8,56,37
2025-08-07 06:00:00,48,20,89.0,6,53,38
2025-08-07 07:00:00,53,17,95.9,7,55,36
2025-08-07 08:00:00,53,21,95.3,6,53,37
2025-08-07 09:00:00,54,17,91.4,5,54,34
2025-08-07 10:00:00,60,24,99.5,7,53,34
2025-08-07 11:00:00,60,27,104.7,8,58,38
2025-08-07 12:00:00,60,29,101.5,8,56,37
2025-08-07 13:00:00,61,31,103.9,9,60,41
2025-08-07 14:00:00,56,25,101.4,9,54,39
2025-08-07 15:00:00,63,26,107.7,9,60,41
2025-08-07 16:00:00,60,34,107.8,8,59,42
2025-08-07 17:00:00,64,25,105.2,9,56,38
2025-08-07 18:00:00,57,25,101.5,7,59,42
2025-08-07 19:00:00,59,22,101.3,9,56,35
2025-08-07 20:00:00,48,17,89.3,6,50,31
2025-08-07 21:00:00,55,24,99.8,7,57,38
2025-08-07 22:00:00,51,14,90.3,7,51,32
2025-08-07 23:00:00,50,10,92.9,6,51,35
2025-08-08 00:00:00,42,11,86.9,6,52,31
2025-08-08 01:00:00,42,5,77.6,3,48,30
2025-08-08 02:00:00,46,10,91.3,5,51,34
2025-08-08 03:00:00,45,9,85.8,6,49,31
2025-08-08 04:00:00,48,15,89.6,7,50,33
2025-08-08 05:00:00,46,12,92.1,8,50,38
2025-08-08 06:00:00,54,19,96.4,8,50,36
2025-08-08 07:00:00,59,23,103.4,8,58,36
2025-08-08 08:00:00,55,23,96.5,9,56,33
2025-08-08 09:00:00,57,21,101.7,8,53,37
2025-08-08 10:00:00,58,24,101.9,9,57,39
2025-08-08 11:00:00,61,20,103.1,9,51,42
2025-08-08 12:00:00,63,26,104.5,10,63,41
2025-08-08 13:00:00,58,25,106.3,9,56,38
2025-08-08 14:00:00,61,30,110.9,9,58,39
2025-08-08 15:00:00,62,37,101.3,9,61,38
2025-08-08 16:00:00,68,29,112.0,9,62,42
2025-08-08 17:00:00,59,19,96.7,7,53,36
2025-08-08 18:00:00,56,23,100.8,8,56,39
2025-08-08 19:00:00,54,22,92.7,8,56,33
2025-08-08 20:00:00,56,20,99.5,8,53,37
2025-08-08 21:00:00,53,15,92.3,6,55,35
2025-08-08 22:00:00,52,17,93.1,8,50,32
2025-08-08 23:00:00,45,10,86.8,5,51,33
2025-08-09 00:00:00,46,10,86.3,6,38,34
2025-08-09 01:00:00,47,15,88.2,7,40,34
2025-08-09 02:00:00,42,8,84.1,4,36,31
2025-08-09 03:00:00,44,14,88.0,6,41,30
2025-08-09 04:00:00,46,8,88.9,5,42,31
2025-08-09 05:00:00,50,21,100.3,8,45,37
2025-08-09 06:00:00,50,13,89.4,8,41,34
2025-08-09 07:00:00,53,17,96.0,7,42,34
2025-08-09 08:00:00,58,21,102.2,9,46,39
2025-08-09 09:00:00,53,20,94.5,8,43,34
2025-08-09 10:00:00,59,25,95.4,9,45,36
2025-08-09 11:00:00,62,28,99.2,8,46,39
2025-08-09 12:00:00,61,30,98.5,8,47,33
2025-08-09 13:00:00,63,30,111.0,9,49,42
2025-08-09 14:00:00,61,27,106.1,7,45,40
2025-08-09 15:00:00,67,27,110.1,10,50,40
2025-08-09 16:00:00,63,35,111.4,8,48,46
2025-08-09 17:00:00,61,29,103.4,9,49,37
2025-08-09 18:00:00,56,21,105.7,7,44,41
2025-08-09 19:00:00,55,22,99.4,7,45,39
2025-08-09 20:00:00,50,19,93.9,7,41,36
2025-08-09 21:00:00,54,17,99.6,8,44,35
2025-08-09 22:00:00,50,12,93.7,7,42,36
2025-08-09 23:00:00,47,13,93.8,6,37,33
2025-08-10 00:00:00,46,19,95.9,6,44,31
2025-08-10 01:00:00,47,14,89.3,5,38,33
2025-08-10 02:00:00,42,3,83.8,5,39,31
2025-08-10 03:00:00,46,17,88.1,6,40,34
2025-08-10 04:00:00,44,17,84.9,5,41,30
2025-08-10 05:00:00,48,13,93.3,7,41,38
2025-08-10 06:00:00,51,19,97.4,8,42,36
2025-08-10 07:00:00,53,15,89.0,7,41,36
2025-08-10 08:00:00,53,18,93.6,7,43,37
2025-08-10 09:00:00,56,27,101.4,8,44,39
2025-08-10 10:00:00,54,23,98.3,8,44,39
2025-08-10 11:00:00,60,19,107.0,7,46,40
2025-08-10 12:00:00,63,27,103.4,9,46,41
2025-08-10 13:00:00,62,27,104.1,8,45,39
2025-08-10 14:00:00,60,32,107.0,9,46,40
2025-08-10 15:00:00,59,28,101.7,9,46,37
2025-08-10 16:00:00,59,25,100.7,7,45,38
2025-08-10 17:00:00,63,29,104.4,10,48,42
2025-08-10 18:00:00,59,24,102.3,9,45,40
2025-08-10 19:00:00,51,19,94.6,7,44,36
2025-08-10 20:00:00,56,24,101.7,7,45,37
2025-08-10 21:00:00,50,19,94.8,6,43,34
2025-08-10 22:00:00,48,16,83.2,6,40,30
2025-08-10 23:00:00,50,15,87.7,6,44,36
2025-08-11 00:00:00,47,9,87.5,5,51,34
2025-08-11 01:00:00,48,10,92.7,6,53,31
2025-08-11 02:00:00,45,12,86.7,5,52,34
2025-08-11 03:00:00,48,12,91.2,7,50,36
2025-08-11 04:00:00,46,18,93.0,6,50,35
2025-08-11 05:00:00,47,15,92.7,6,51,38
2025-08-11 06:00:00,50,19,92.2,7,52,32
2025-08-11 07:00:00,52,18,91.3,7,52,35
2025-08-11 08:00:00,51,24,92.8,7,52,38
2025-08-11 09:00:00,56,23,108.2,7,59,42
2025-08-11 10:00:00,61,24,104.7,7,55,43
2025-08-11 11:00:00,57,26,106.3,6,52,38
2025-08-11 12:00:00,56,24,97.5,7,57,35
2025-08-11 13:00:00,59,30,107.4,8,56,39
2025-08-11 14:00:00,68,28,107.8,10,61,41
2025-08-11 15:00:00,62,26,104.5,10,56,44
2025-08-11 16:00:00,61,31,104.7,9,60,38
2025-08-11 17:00:00,58,21,97.8,6,57,37
2025-08-11 18:00:00,58,23,97.9,7,58,35
2025-08-11 19:00:00,55,26,99.7,8,57,36
2025-08-11 20:00:00,53,21,94.8,7,53,36
2025-08-11 21:00:00,51,18,94.8,5,50,31
2025-08-11 22:00:00,48,17,89.5,6,50,33
2025-08-11 23:00:00,47,15,92.9,5,49,33
2025-08-12 00:00:00,46,8,86.1,7,47,33
2025-08-12 01:00:00,43,11,91.6,6,51,36
2025-08-12 02:00:00,53,18,95.8,7,57,35
2025-08-12 03:00:00,47,10,88.7,6,49,33
2025-08-12 04:00:00,43,12,91.9,6,50,33
2025-08-12 05:00:00,41,12,84.6,5,49,33
2025-08-12 06:00:00,48,16,90.3,8,50,33
2025-08-12 07:00:00,53,16,92.7,8,53,37
2025-08-12 08:00:00,55,22,99.2,9,51,38
2025-08-12 09:00:00,56,23,96.9,8,52,40
2025-08-12 10:00:00,57,27,103.7,8,57,40
2025-08-12 11:00:00,56,22,99.0,7,57,37
2025-08-12 12:00:00,59,26,105.1,8,59,41
2025-08-12 13:00:00,59,27,104.8,9,55,43
2025-08-12 14:00:00,61,30,103.7,8,60,42
2025-08-12 15:00:00,64,25,103.2,9,60,44
2025-08-12 16:00:00,60,30,103.4,8,59,39
2025-08-12 17:00:00,62,30,105.8,9,59,41
2025-08-12 18:00:00,59,21,101.3,7,55,38
2025-08-12 19:00:00,53,20,97.6,8,55,35
2025-08-12 20:00:00,51,18,94.4,7,55,36
2025-08-12 21:00:00,57,27,99.3,7,56,33
2025-08-12 22:00:00,47,14,88.7,5,52,34
2025-08-12 23:00:00,49,20,95.7,7,53,38
2025-08-13 00:00:00,50,9,88.8,6,51,35
2025-08-13 01:00:00,47,9,90.4,5,49,35
2025-08-13 02:00:00,45,10,89.3,5,49,29
2025-08-13 03:00:00,47,9,93.4,5,52,38
2025-08-13 04:00:00,46,12,87.7,4,48,32
2025-08-13 05:00:00,50,12,90.4,6,54,35
2025-08-13 06:00:00,44,13,81.0,4,48,29
2025-08-13 07:00:00,52,22,93.8,7,58,35
2025-08-13 08:00:00,50,24,92.9,7,55,36
2025-08-13 09:00:00,57,25,102.5,8,55,41
2025-08-13 10:00:00,58,26,106.9,9,54,40
2025-08-13 11:00:00,63,26,106.7,8,58,41
2025-08-13 12:00:00,62,25,107.1,8,58,38
2025-08-13 13:00:00,59,24,100.0,8,56,40
2025-08-13 14:00:00,61,29,101.4,9,57,34
2025-08-13 15:00:00,61,24,102.4,9,58,36
2025-08-13 16:00:00,58,23,99.3,9,56,33
2025-08-13 17:00:00,60,30,102.1,10,57,38
2025-08-13 18:00:00,63,31,107.3,8,62,40
2025-08-13 19:00:00,54,23,94.8,8,57,36
2025-08-13 20:00:00,54,24,100.7,7,55,40
2025-08-13 21:00:00,50,17,92.6,7,54,34
2025-08-13 22:00:00,56,11,95.3,7,55,37
2025-08-13 23:00:00,50,16,93.5,6,51,32
2025-08-14 00:00:00,50,15,91.3,7,53,35
2025-08-14 01:00:00,48,13,94.1,5,49,34
2025-08-14 02:00:00,47,11,84.8,7,49,31
2025-08-14 03:00:00,48,16,95.4,7,53,35
2025-08-14 04:00:00,46,10,87.5,6,51,31
2025-08-14 05:00:00,43,12,90.0,5,50,33
2025-08-14 06:00:00,49,12,92.1,6,52,37
2025-08-14 07:00:00,51,18,97.3,7,50,39
2025-08-14 08:00:00,54,16,95.3,6,51,36
2025-08-14 09:00:00,55,20,98.3,5,55,36
2025-08-14 10:00:00,59,22,104.1,8,58,38
2025-08-14 11:00:00,62,25,103.9,8,57,37
2025-08-14 12:00:00,52,22,100.4,6,57,40
2025-08-14 13:00:00,61,28,105.2,7,57,40
2025-08-14 14:00:00,58,32,102.1,10,60,35
2025-08-14 15:00:00,62,28,104.3,10,56,37
2025-08-14 16:00:00,61,32,108.9,9,57,39
2025-08-14 17:00:00,64,30,103.6,9,61,34
2025-08-14 18:00:00,59,27,105.1,9,57,38
2025-08-14 19:00:00,55,22,97.2,8,57,32
2025-08-14 20:00:00,56,20,94.5,7,56,36
2025-08-14 21:00:00,51,21,96.3,8,56,36
2025-08-14 22:00:00,48,15,89.1,7,50,35
2025-08-14 23:00:00,47,8,86.5,6,48,33
2025-08-15 00:00:00,51,15,91.4,8,52,40
2025-08-15 01:00:00,47,8,88.6,6,49,32
2025-08-15 02:00:00,46,9,86.6,5,48,31
2025-08-15 03:00:00,53,12,94.6,7,51,38
2025-08-15 04:00:00,45,13,91.4,6,47,34
2025-08-15 05:00:00,45,9,88.8,5,52,33
2025-08-15 06:00:00,50,17,98.7,6,49,39
2025-08-15 07:00:00,56,21,105.1,6,55,41
2025-08-15 08:00:00,50,16,92.3,8,53,31
2025-08-15 09:00:00,61,27,100.7,9,59,38
2025-08-15 10:00:00,53,19,94.8,8,54,36
2025-08-15 11:00:00,61,33,106.7,8,56,35
2025-08-15 12:00:00,61,25,110.1,9,56,40
2025-08-15 13:00:00,59,28,102.4,9,58,40
2025-08-15 14:00:00,58,21,101.3,6,56,40
2025-08-15 15:00:00,63,28,103.9,9,57,39
2025-08-15 16:00:00,65,28,105.6,8,61,38
2025-08-15 17:00:00,54,25,95.4,8,53,36
2025-08-15 18:00:00,58,22,95.8,8,59,36
2025-08-15 19:00:00,55,19,101.1,7,51,37
2025-08-15 20:00:00,55,24,102.3,6,56,35
2025-08-15 21:00:00,51,18,93.2,7,53,34
2025-08-15 22:00:00,48,21,96.7,7,52,33
2025-08-15 23:00:00,51,13,88.7,6,53,32
2025-08-16 00:00:00,49,12,90.3,7,40,34
2025-08-16 01:00:00,46,15,90.8,6,40,32
2025-08-16 02:00:00,43,6,88.7,3,37,36
2025-08-16 03:00:00,43,8,86.3,6,41,32
2025-08-16 04:00:00,41,17,89.3,5,38,34
2025-08-16 05:00:00,48,10,88.1,5,39,33
2025-08-16 06:00:00,50,10,91.4,6,43,32
2025-08-16 07:00:00,54,24,102.2,9,41,37
2025-08-16 08:00:00,52,15,89.3,8,45,33
2025-08-16 09:00:00,56,23,102.9,8,44,37
2025-08-16 10:00:00,56,24,99.0,7,46,37
2025-08-16 11:00:00,55,16,92.3,10,44,34
2025-08-16 12:00:00,60,26,102.3,8,43,39
2025-08-16 13:00:00,64,29,110.6,9,49,44
2025-08-16 14:00:00,66,29,106.4,10,47,42
2025-08-16 15:00:00,62,31,106.9,9,47,41
2025-08-16 16:00:00,58,26,96.6,10,48,37
2025-08-16 17:00:00,60,28,98.5,8,46,35
2025-08-16 18:00:00,62,22,99.7,8,48,40
2025-08-16 19:00:00,52,17,97.8,8,41,33
2025-08-16 20:00:00,55,15,95.7,7,46,35
2025-08-16 21:00:00,53,13,97.5,7,42,35
2025-08-16 22:00:00,50,20,97.5,6,43,37
2025-08-16 23:00:00,45,9,84.8,5,39,35
2025-08-17 00:00:00,48,14,95.9,5,41,35
2025-08-17 01:00:00,46,11,87.4,7,38,36
2025-08-17 02:00:00,47,12,92.6,7,40,33
2025-08-17 03:00:00,52,17,97.7,7,41,35
2025-08-17 04:00:00,46,12,89.4,5,38,32
2025-08-17 05:00:00,45,16,90.5,6,40,36
2025-08-17 06:00:00,50,16,93.9,7,44,37
2025-08-17 07:00:00,52,17,95.2,8,41,35
2025-08-17 08:00:00,59,28,102.0,9,49,40
2025-08-17 09:00:00,54,17,94.5,7,43,35
2025-08-17 10:00:00,58,29,101.5,8,45,40
2025-08-17 11:00:00,57,28,105.3,9,45,38
2025-08-17 12:00:00,62,25,99.1,8,50,40
2025-08-17 13:00:00,72,33,111.7,9,51,44
2025-08-17 14:00:00,59,22,100.2,7,46,39
2025-08-17 15:00:00,62,26,103.8,9,48,35
2025-08-17 16:00:00,58,23,101.7,9,43,40
2025-08-17 17:00:00,57,27,97.2,6,47,39
2025-08-17 18:00:00,58,20,102.6,8,43,39
2025-08-17 19:00:00,56,24,102.5,7,43,40
2025-08-17 20:00:00,47,19,94.6,7,41,35
2025-08-17 21:00:00,55,16,95.8,8,43,35
2025-08-17 22:00:00,51,17,91.9,6,42,34
2025-08-17 23:00:00,48,13,89.7,6,40,37
2025-08-18 00:00:00,44,9,87.2,6,48,33
2025-08-18 01:00:00,49,22,96.8,8,52,34
2025-08-18 02:00:00,46,10,88.3,5,50,35
2025-08-18 03:00:00,44,5,86.6,6,45,34
2025-08-18 04:00:00,48,10,88.6,6,51,36
2025-08-18 05:00:00,50,10,91.7,6,54,32
2025-08-18 06:00:00,55,19,96.8,7,55,35
2025-08-18 07:00:00,50,19,94.8,7,54,38
2025-08-18 08:00:00,53,21,91.3,8,57,34
2025-08-18 09:00:00,56,21,100.3,8,57,32
2025-08-18 10:00:00,55,23,100.8,7,54,35
2025-08-18 11:00:00,58,24,102.5,8,55,40
2025-08-18 12:00:00,62,27,101.6,8,59,38
2025-08-18 13:00:00,65,31,105.6,9,58,39
2025-08-18 14:00:00,65,29,105.1,9,65,43
2025-08-18 15:00:00,62,29,106.3,10,59,41
2025-08-18 16:00:00,62,29,107.6,9,62,43
2025-08-18 17:00:00,61,29,102.6,9,58,39
2025-08-18 18:00:00,58,25,105.4,8,57,39
2025-08-18 19:00:00,54,23,102.2,8,55,35
2025-08-18 20:00:00,52,24,97.9,7,57,36
2025-08-18 21:00:00,52,16,95.7,7,58,35
2025-08-18 22:00:00,47,13,84.8,7,48,29
2025-08-18 23:00:00,42,10,84.4,7,48,33
2025-08-19 00:00:00,47,14,86.3,7,51,31
2025-08-19 01:00:00,47,6,85.1,5,46,32
2025-08-19 02:00:00,39,14,86.5,6,46,31
2025-08-19 03:00:00,45,12,90.6,6,50,32
2025-08-19 04:00:00,49,17,95.4,8,51,33
2025-08-19 05:00:00,43,12,87.6,7,49,31
2025-08-19 06:00:00,49,15,93.6,4,53,34
2025-08-19 07:00:00,50,22,90.2,7,52,34
2025-08-19 08:00:00,52,25,93.9,7,53,34
2025-08-19 09:00:00,54,20,96.4,7,52,36
2025-08-19 10:00:00,55,25,101.2,7,51,38
2025-08-19 11:00:00,57,27,99.9,8,57,39
2025-08-19 12:00:00,61,28,100.4,8,58,41
2025-08-19 13:00:00,67,27,105.8,9,63,43
2025-08-19 14:00:00,65,32,105.8,8,62,38
2025-08-19 15:00:00,62,21,97.7,8,58,38
2025-08-19 16:00:00,62,25,111.1,10,59,45
2025-08-19 17:00:00,58,27,106.0,8,54,39
2025-08-19 18:00:00,59,26,96.3,7,58,39
2025-08-19 19:00:00,60,27,97.5,9,57,38
2025-08-19 20:00:00,57,24,98.0,9,55,34
2025-08-19 21:00:00,52,17,90.0,7,52,38
2025-08-19 22:00:00,52,21,103.2,7,55,40
2025-08-19 23:00:00,53,12,91.3,6,52,35
2025-08-20 00:00:00,49,16,94.0,7,52,36
2025-08-20 01:00:00,47,19,90.3,6,52,34
2025-08-20 02:00:00,46,16,87.3,6,50,32
2025-08-20 03:00:00,43,13,90.6,5,49,35
2025-08-20 04:00:00,52,12,94.9,7,52,35
2025-08-20 05:00:00,50,9,90.7,6,54,32
2025-08-20 06:00:00,50,17,100.6,7,53,36
2025-08-20 07:00:00,56,14,96.9,6,51,33
2025-08-20 08:00:00,54,17,95.0,6,56,35
2025-08-20 09:00:00,53,18,101.8,7,53,36
2025-08-20 10:00:00,60,22,102.7,8,56,38
2025-08-20 11:00:00,60,26,108.1,9,57,38
2025-08-20 12:00:00,63,28,105.7,10,64,37
2025-08-20 13:00:00,58,26,92.3,7,58,39
2025-08-20 14:00:00,61,32,101.0,10,63,39
2025-08-20 15:00:00,65,27,110.0,8,60,41
2025-08-20 16:00:00,64,24,103.4,9,61,38
2025-08-20 17:00:00,63,26,106.1,8,63,41
2025-08-20 18:00:00,65,31,111.6,8,62,42
2025-08-20 19:00:00,58,23,101.1,9,57,37
2025-08-20 20:00:00,55,19,94.4,7,52,36
2025-08-20 21:00:00,48,13,90.4,6,49,35
2025-08-20 22:00:00,48,15,91.7,5,52,30
2025-08-20 23:00:00,43,15,87.1,6,51,32
2025-08-21 00:00:00,45,12,84.4,6,49,32
2025-08-21 01:00:00,39,6,81.4,5,48,29
2025-08-21 02:00:00,47,9,88.6,4,48,30
2025-08-21 03:00:00,48,17,88.0,7,50,32
2025-08-21 04:00:00,43,18,86.4,5,51,32
2025-08-21 05:00:00,46,11,87.0,6,50,33
2025-08-21 06:00:00,55,18,91.6,7,54,37
2025-08-21 07:00:00,50,14,92.7,6,51,37
2025-08-21 08:00:00,52,25,98.5,7,51,36
2025-08-21 09:00:00,52,23,94.9,7,54,36
2025-08-21 10:00:00,54,27,95.7,7,53,36
2025-08-21 11:00:00,59,20,101.5,7,56,40
2025-08-21 12:00:00,60,29,106.1,9,58,42
2025-08-21 13:00:00,61,28,104.4,8,61,41
2025-08-21 14:00:00,62,31,106.0,9,57,40
2025-08-21 15:00:00,62,31,108.0,12,60,43
2025-08-21 16:00:00,58,27,101.7,8,57,39
2025-08-21 17:00:00,60,24,99.2,7,55,37
2025-08-21 18:00:00,55,27,99.8,10,56,38
2025-08-21 19:00:00,54,22,96.4,8,52,35
2025-08-21 20:00:00,55,17,96.6,7,55,37
2025-08-21 21:00:00,52,15,96.3,6,52,37
2025-08-21 22:00:00,50,11,87.5,5,53,33
2025-08-21 23:00:00,53,13,94.1,6,51,33
2025-08-22 00:00:00,47,17,88.0,6,47,34
2025-08-22 01:00:00,46,13,86.6,5,49,33
2025-08-22 02:00:00,44,10,92.0,6,50,31
2025-08-22 03:00:00,45,15,91.1,7,51,35
2025-08-22 04:00:00,43,10,87.1,5,48,32
2025-08-22 05:00:00,48,15,86.4,7,54,30
2025-08-22 06:00:00,50,15,92.3,8,52,36
2025-08-22 07:00:00,53,21,90.6,7,56,33
2025-08-22 08:00:00,52,14,94.1,5,53,32
2025-08-22 09:00:00,57,19,95.1,8,57,37
2025-08-22 10:00:00,56,18,99.6,7,57,36
2025-08-22 11:00:00,58,25,101.9,8,59,39
2025-08-22 12:00:00,60,31,101.0,9,57,41
2025-08-22 13:00:00,57,26,102.4,9,58,41
2025-08-22 14:00:00,65,26,112.7,9,57,42
2025-08-22 15:00:00,61,31,104.6,7,60,39
2025-08-22 16:00:00,59,31,107.0,9,55,36
2025-08-22 17:00:00,58,25,95.5,8,61,34
2025-08-22 18:00:00,58,26,103.1,7,57,41
2025-08-22 19:00:00,59,18,97.9,6,57,39
2025-08-22 20:00:00,54,25,98.1,7,52,41
2025-08-22 21:00:00,60,25,104.8,7,60,38
2025-08-22 22:00:00,50,18,93.1,5,55,35
2025-08-22 23:00:00,51,7,85.7,5,51,30
2025-08-23 00:00:00,48,11,94.8,5,40,35
2025-08-23 01:00:00,47,14,86.3,7,40,35
2025-08-23 02:00:00,49,11,87.9,6,44,34
2025-08-23 03:00:00,50,17,93.5,7,42,34
2025-08-23 04:00:00,49,15,92.3,7,42,34
2025-08-23 05:00:00,53,12,94.8,5,44,33
2025-08-23 06:00:00,48,16,92.4,6,37,33
2025-08-23 07:00:00,48,15,94.9,6,41,36
2025-08-23 08:00:00,52,19,96.9,7,42,39
2025-08-23 09:00:00,60,20,97.2,8,46,37
2025-08-23 10:00:00,62,28,97.7,10,48,41
2025-08-23 11:00:00,60,33,106.1,9,49,43
2025-08-23 12:00:00,53,22,101.8,9,43,40
2025-08-23 13:00:00,59,21,97.0,8,45,37
2025-08-23 14:00:00,59,27,99.7,8,46,38
2025-08-23 15:00:00,59,22,102.2,9,47,36
2025-08-23 16:00:00,58,27,103.7,7,47,38
2025-08-23 17:00:00,56,28,104.8,9,43,35
2025-08-23 18:00:00,64,29,111.7,9,48,40
2025-08-23 19:00:00,54,23,98.9,7,44,38
2025-08-23 20:00:00,57,19,96.0,8,48,37
2025-08-23 21:00:00,49,11,88.0,6,39,36
2025-08-23 22:00:00,47,16,89.3,5,39,30
2025-08-23 23:00:00,49,15,95.1,7,40,39
2025-08-24 00:00:00,46,15,88.8,5,41,34
2025-08-24 01:00:00,44,10,90.2,6,40,35
2025-08-24 02:00:00,45,10,83.5,6,39,34
2025-08-24 03:00:00,42,7,85.8,5,40,33
2025-08-24 04:00:00,40,5,80.6,3,37,24
2025-08-24 05:00:00,47,10,90.5,5,41,38
2025-08-24 06:00:00,50,11,90.6,6,39,33
2025-08-24 07:00:00,50,19,96.3,9,40,35
2025-08-24 08:00:00,53,18,94.8,7,42,37
2025-08-24 09:00:00,59,20,100.3,8,45,36
2025-08-24 10:00:00,57,21,101.4,8,43,39
2025-08-24 11:00:00,56,14,96.4,7,42,32
2025-08-24 12:00:00,62,32,107.0,9,48,40
2025-08-24 13:00:00,59,24,104.0,8,47,40
2025-08-24 14:00:00,59,27,102.4,9,45,37
2025-08-24 15:00:00,58,23,95.6,8,43,34
2025-08-24 16:00:00,63,30,104.6,9,48,42
2025-08-24 17:00:00,61,26,98.3,7,47,38
2025-08-24 18:00:00,59,21,99.9,7,44,36
2025-08-24 19:00:00,54,21,99.0,8,46,38
2025-08-24 20:00:00,58,26,102.1,8,44,37
2025-08-24 21:00:00,52,18,99.3,7,42,33
2025-08-24 22:00:00,49,15,96.4,7,41,32
2025-08-24 23:00:00,39,11,84.7,4,36,31
2025-08-25 00:00:00,43,6,77.7,5,52,29
2025-08-25 01:00:00,42,12,88.2,5,46,32
2025-08-25 02:00:00,47,13,88.0,5,54,34
2025-08-25 03:00:00,47,16,93.8,6,50,31
2025-08-25 04:00:00,42,5,84.8,5,47,32
2025-08-25 05:00:00,47,10,91.4,6,49,33
2025-08-25 06:00:00,45,14,90.9,5,51,34
2025-08-25 07:00:00,49,18,100.2,7,56,38
2025-08-25 08:00:00,52,19,97.0,7,52,39
2025-08-25 09:00:00,57,22,95.8,7,55,34
2025-08-25 10:00:00,62,25,107.2,10,61,42
2025-08-25 11:00:00,57,22,98.7,7,54,38
2025-08-25 12:00:00,65,30,111.8,8,59,42
2025-08-25 13:00:00,62,29,110.2,9,62,43
2025-08-25 14:00:00,62,27,106.6,9,59,39
2025-08-25 15:00:00,63,33,103.8,10,58,37
2025-08-25 16:00:00,62,32,105.1,9,60,42
2025-08-25 17:00:00,61,29,109.1,9,56,41
2025-08-25 18:00:00,57,13,102.5,8,57,42
2025-08-25 19:00:00,55,28,100.6,7,52,41
2025-08-25 20:00:00,54,23,97.2,8,53,34
2025-08-25 21:00:00,58,25,97.6,8,57,40
2025-08-25 22:00:00,51,20,91.9,7,51,34
2025-08-25 23:00:00,50,20,95.2,7,53,36
2025-08-26 00:00:00,50,16,95.4,7,53,36
2025-08-26 01:00:00,46,17,86.2,6,49,30
2025-08-26 02:00:00,47,19,94.8,6,51,34
2025-08-26 03:00:00,48,13,94.8,6,53,38
2025-08-26 04:00:00,48,8,90.8,8,51,34
2025-08-26 05:00:00,42,13,91.6,6,52,31
2025-08-26 06:00:00,48,17,93.4,6,50,37
2025-08-26 07:00:00,49,18,94.3,6,50,33
2025-08-26 08:00:00,52,16,95.4,8,56,38
2025-08-26 09:00:00,52,16,98.5,6,54,40
2025-08-26 10:00:00,59,21,102.2,7,56,37
2025-08-26 11:00:00,61,28,102.8,8,57,41
2025-08-26 12:00:00,65,32,109.6,10,62,43
2025-08-26 13:00:00,65,31,109.3,10,59,45
2025-08-26 14:00:00,65,32,107.4,9,62,38
2025-08-26 15:00:00,61,27,107.1,8,61,38
2025-08-26 16:00:00,59,21,101.1,8,57,37
2025-08-26 17:00:00,58,24,103.1,10,54,36
2025-08-26 18:00:00,54,23,99.7,7,56,43
2025-08-26 19:00:00,58,20,97.4,8,58,37
2025-08-26 20:00:00,53,20,93.9,7,57,36
2025-08-26 21:00:00,48,19,91.0,7,52,37
2025-08-26 22:00:00,52,19,95.0,7,50,34
2025-08-26 23:00:00,47,13,95.0,7,50,36
2025-08-27 00:00:00,39,6,82.7,5,46,27
2025-08-27 01:00:00,42,11,87.0,6,50,31
2025-08-27 02:00:00,44,12,90.2,5,50,37
2025-08-27 03:00:00,47,17,90.5,6,53,36
2025-08-27 04:00:00,48,11,88.8,6,49,34
2025-08-27 05:00:00,50,16,96.4,6,53,36
2025-08-27 06:00:00,51,17,96.0,7,48,36
2025-08-27 07:00:00,51,18,93.1,6,52,36
2025-08-27 08:00:00,59,23,100.1,8,54,34
2025-08-27 09:00:00,57,20,99.1,8,59,41
2025-08-27 10:00:00,58,22,101.2,7,57,35
2025-08-27 11:00:00,61,26,107.2,8,59,38
2025-08-27 12:00:00,59,25,103.7,9,55,35
2025-08-27 13:00:00,62,30,102.6,9,59,40
2025-08-27 14:00:00,56,26,97.9,8,57,41
2025-08-27 15:00:00,61,29,105.4,9,57,37
2025-08-27 16:00:00,65,27,107.0,10,59,40
2025-08-27 17:00:00,60,26,100.7,8,60,37
2025-08-27 18:00:00,58,22,103.4,7,54,37
2025-08-27 19:00:00,58,21,93.2,7,55,35
2025-08-27 20:00:00,55,20,98.6,8,53,37
2025-08-27 21:00:00,50,19,89.2,7,53,35
2025-08-27 22:00:00,50,16,95.4,7,54,35
2025-08-27 23:00:00,47,20,91.6,6,55,31
2025-08-28 00:00:00,46,10,90.5,5,51,36
2025-08-28 01:00:00,43,12,86.3,5,52,35
2025-08-28 02:00:00,46,6,91.2,6,50,33
2025-08-28 03:00:00,45,14,83.2,6,47,33
2025-08-28 04:00:00,43,9,89.0,5,49,35
2025-08-28 05:00:00,47,13,88.5,5,51,33
2025-08-28 06:00:00,50,15,93.8,6,54,34
2025-08-28 07:00:00,49,19,94.5,5,52,38
2025-08-28 08:00:00,52,18,90.8,6,52,34
2025-08-28 09:00:00,55,20,101.0,7,53,40
2025-08-28 10:00:00,62,29,106.9,7,59,45
2025-08-28 11:00:00,53,27,99.4,7,55,39
2025-08-28 12:00:00,62,25,105.0,9,59,37
2025-08-28 13:00:00,60,27,104.0,9,56,38
2025-08-28 14:00:00,62,34,109.8,9,64,40
2025-08-28 15:00:00,60,27,101.8,8,56,39
2025-08-28 16:00:00,59,25,104.5,8,55,35
2025-08-28 17:00:00,60,23,104.1,8,58,39
2025-08-28 18:00:00,56,22,98.5,7,53,36
2025-08-28 19:00:00,59,20,106.1,8,57,35
2025-08-28 20:00:00,54,16,96.8,7,52,36
2025-08-28 21:00:00,51,14,93.5,6,54,32
2025-08-28 22:00:00,48,13,92.7,6,51,33
2025-08-28 23:00:00,51,16,93.8,9,55,37
2025-08-29 00:00:00,49,12,94.8,7,52,35
2025-08-29 01:00:00,43,12,86.6,5,49,34
2025-08-29 02:00:00,45,16,92.4,4,51,36
2025-08-29 03:00:00,48,17,89.2,5,50,36
2025-08-29 04:00:00,49,12,85.4,6,50,35
2025-08-29 05:00:00,46,12,90.6,6,51,33
2025-08-29 06:00:00,47,13,88.8,5,52,33
2025-08-29 07:00:00,52,20,95.6,7,53,34
2025-08-29 08:00:00,57,19,91.8,7,55,36
2025-08-29 09:00:00,55,21,103.4,7,54,39
2025-08-29 10:00:00,54,21,97.7,7,55,34
2025-08-29 11:00:00,59,23,105.4,7,57,40
2025-08-29 12:00:00,63,28,101.6,8,60,41
2025-08-29 13:00:00,60,23,102.4,7,56,38
2025-08-29 14:00:00,66,31,110.1,9,61,42
2025-08-29 15:00:00,63,26,105.5,8,62,41
2025-08-29 16:00:00,60,26,104.2,10,62,41
2025-08-29 17:00:00,58,21,96.0,9,56,38
2025-08-29 18:00:00,53,24,98.9,8,57,36
2025-08-29 19:00:00,58,21,97.8,7,59,33
2025-08-29 20:00:00,53,20,94.4,6,56,34
2025-08-29 21:00:00,52,23,96.9,6,50,35
2025-08-29 22:00:00,48,17,91.1,8,49,37
2025-08-29 23:00:00,48,12,89.5,7,50,31
2025-08-30 00:00:00,43,11,90.0,6,38,36
2025-08-30 01:00:00,44,14,88.0,6,38,34
2025-08-30 02:00:00,47,17,89.8,6,42,35
2025-08-30 03:00:00,44,13,88.1,6,41,31
2025-08-30 04:00:00,48,15,88.3,8,44,31
2025-08-30 05:00:00,47,16,91.7,7,40,37
2025-08-30 06:00:00,55,21,100.2,7,43,36
2025-08-30 07:00:00,51,11,93.2,6,42,33
2025-08-30 08:00:00,56,22,99.3,8,42,35
2025-08-30 09:00:00,55,26,101.6,7,48,35
2025-08-30 10:00:00,62,19,100.7,8,46,39
2025-08-30 11:00:00,57,23,100.4,9,45,41
2025-08-30 12:00:00,58,24,105.4,8,45,40
2025-08-30 13:00:00,63,25,103.6,7,47,40
2025-08-30 14:00:00,62,26,106.2,11,46,42
2025-08-30 15:00:00,60,29,105.7,9,50,35
2025-08-30 16:00:00,67,30,106.8,9,49,41
2025-08-30 17:00:00,63,29,108.3,9,48,42
2025-08-30 18:00:00,57,21,97.5,6,44,34
2025-08-30 19:00:00,61,19,102.6,8,47,40
2025-08-30 20:00:00,57,25,98.7,7,45,36
2025-08-30 21:00:00,52,20,96.8,7,43,36
2025-08-30 22:00:00,55,16,97.0,8,44,40
2025-08-30 23:00:00,50,16,93.4,7,43,37
2025-08-31 00:00:00,48,13,91.5,8,42,35
2025-08-31 01:00:00,45,14,87.7,5,40,33
2025-08-31 02:00:00,45,11,84.6,4,40,30
2025-08-31 03:00:00,45,13,89.0,7,38,32
2025-08-31 04:00:00,49,8,92.6,6,40,35
2025-08-31 05:00:00,43,12,88.9,6,39,31
2025-08-31 06:00:00,52,14,95.1,7,44,34
2025-08-31 07:00:00,49,17,91.1,7,38,33
2025-08-31 08:00:00,53,17,95.6,7,43,40
2025-08-31 09:00:00,54,20,95.0,8,42,38
2025-08-31 10:00:00,55,19,96.0,7,45,36
2025-08-31 11:00:00,62,28,105.8,11,49,38
2025-08-31 12:00:00,61,27,98.3,9,46,38
2025-08-31 13:00:00,58,22,105.6,8,47,39
2025-08-31 14:00:00,61,25,99.7,8,48,41
2025-08-31 15:00:00,60,29,109.9,9,47,44
2025-08-31 16:00:00,59,25,99.5,8,43,36
2025-08-31 17:00:00,55,23,96.3,6,45,38
2025-08-31 18:00:00,57,24,98.9,8,43,36
2025-08-31 19:00:00,57,23,99.1,7,40,36
2025-08-31 20:00:00,52,15,92.4,7,41,37
2025-08-31 21:00:00,57,20,97.6,8,46,37
2025-08-31 22:00:00,55,13,95.8,6,43,42
2025-08-31 23:00:00,47,14,87.6,7,42,32
2025-09-01 00:00:00,44,13,90.9,6,53,32
2025-09-01 01:00:00,48,10,94.1,6,51,33
2025-09-01 02:00:00,45,8,81.5,5,48,31
2025-09-01 03:00:00,48,11,95.8,6,49,33
2025-09-01 04:00:00,49,19,95.8,7,52,35
2025-09-01 05:00:00,46,10,89.0,5,48,31
2025-09-01 06:00:00,51,22,93.9,7,51,34
2025-09-01 07:00:00,52,17,95.4,6,52,34
2025-09-01 08:00:00,53,20,99.3,7,54,38
2025-09-01 09:00:00,58,18,106.7,8,55,39
2025-09-01 10:00:00,54,21,103.9,7,54,38
2025-09-01 11:00:00,62,24,99.1,9,59,37
2025-09-01 12:00:00,55,23,98.3,8,55,34
2025-09-01 13:00:00,62,27,104.8,10,60,38
2025-09-01 14:00:00,61,27,107.7,7,59,44
2025-09-01 15:00:00,60,34,105.4,10,61,37
2025-09-01 16:00:00,54,23,96.1,7,55,35
2025-09-01 17:00:00,57,26,101.2,7,54,36
2025-09-01 18:00:00,58,25,100.3,8,56,39
2025-09-01 19:00:00,53,18,98.9,8,52,36
2025-09-01 20:00:00,52,22,103.6,7,55,39
2025-09-01 21:00:00,54,17,98.9,8,51,39
2025-09-01 22:00:00,44,7,89.0,5,49,33
2025-09-01 23:00:00,50,17,97.1,7,53,35
2025-09-02 00:00:00,43,9,87.6,5,50,35
2025-09-02 01:00:00,42,9,84.0,4,48,30
2025-09-02 02:00:00,45,14,88.1,6,50,34
2025-09-02 03:00:00,47,11,92.6,6,48,33
2025-09-02 04:00:00,44,16,90.1,6,53,35
2025-09-02 05:00:00,50,19,90.8,7,52,35
2025-09-02 06:00:00,46,14,93.9,6,50,38
2025-09-02 07:00:00,50,21,92.6,7,53,34
2025-09-02 08:00:00,54,17,92.7,8,56,37
2025-09-02 09:00:00,63,30,104.0,8,59,41
2025-09-02 10:00:00,55,22,99.1,7,57,37
2025-09-02 11:00:00,62,29,108.6,10,59,39
2025-09-02 12:00:00,61,30,105.7,10,60,37
2025-09-02 13:00:00,61,29,102.9,9,59,39
2025-09-02 14:00:00,64,26,103.1,10,60,38
2025-09-02 15:00:00,59,27,105.4,9,59,40
2025-09-02 16:00:00,56,19,97.7,9,56,35
2025-09-02 17:00:00,61,26,104.8,10,61,41
2025-09-02 18:00:00,62,25,103.7,10,58,39
2025-09-02 19:00:00,58,23,101.3,7,59,38
2025-09-02 20:00:00,47,10,90.2,6,49,31
2025-09-02 21:00:00,49,13,98.6,6,52,36
2025-09-02 22:00:00,51,13,94.2,5,51,37
2025-09-02 23:00:00,52,15,93.0,8,51,34
2025-09-03 00:00:00,47,14,91.2,7,54,31
2025-09-03 01:00:00,44,12,84.9,5,53,31
2025-09-03 02:00:00,50,14,89.7,6,52,36
2025-09-03 03:00:00,44,9,90.7,5,47,31
2025-09-03 04:00:00,46,15,90.8,5,50,28
2025-09-03 05:00:00,46,16,94.1,5,49,35
2025-09-03 06:00:00,47,17,86.6,6,54,30
2025-09-03 07:00:00,58,17,96.1,8,57,33
2025-09-03 08:00:00,59,26,103.5,8,58,39
2025-09-03 09:00:00,55,24,96.3,7,55,39
2025-09-03 10:00:00,61,21,97.7,8,56,36
2025-09-03 11:00:00,61,27,100.7,11,60,35
2025-09-03 12:00:00,63,30,105.1,8,59,35
2025-09-03 13:00:00,59,26,103.7,7,55,39
2025-09-03 14:00:00,62,32,111.3,9,62,42
2025-09-03 15:00:00,62,29,102.2,9,64,39
2025-09-03 16:00:00,54,19,93.3,7,54,37
2025-09-03 17:00:00,59,27,98.0,8,58,39
2025-09-03 18:00:00,57,23,101.9,8,60,36
2025-09-03 19:00:00,60,24,102.5,9,57,41
2025-09-03 20:00:00,53,23,94.7,8,57,36
2025-09-03 21:00:00,54,19,93.9,7,53,35
2025-09-03 22:00:00,46,22,92.1,7,52,32
2025-09-03 23:00:00,51,14,92.4,6,50,33
2025-09-04 00:00:00,45,15,86.4,6,50,30
2025-09-04 01:00:00,47,15,91.2,7,47,37
2025-09-04 02:00:00,46,12,85.0,7,51,31
2025-09-04 03:00:00,47,15,90.9,6,52,34
2025-09-04 04:00:00,46,11,88.0,6,48,28
2025-09-04 05:00:00,44,13,89.5,7,54,31
2025-09-04 06:00:00,46,11,92.5,6,50,33
2025-09-04 07:00:00,54,19,95.7,7,54,40
2025-09-04 08:00:00,52,21,96.5,7,52,36
2025-09-04 09:00:00,57,26,95.0,7,58,35
2025-09-04 10:00:00,55,27,105.9,7,54,37
2025-09-04 11:00:00,61,25,97.9,10,59,36
2025-09-04 12:00:00,56,23,99.3,7,54,36
2025-09-04 13:00:00,64,29,99.4,10,61,40
2025-09-04 14:00:00,60,32,102.9,9,58,34
2025-09-04 15:00:00,65,30,113.0,10,62,39
2025-09-04 16:00:00,62,31,109.4,8,56,42
2025-09-04 17:00:00,58,25,104.3,8,58,41
2025-09-04 18:00:00,61,22,102.1,7,56,37
2025-09-04 19:00:00,55,19,102.4,7,53,41
2025-09-04 20:00:00,53,20,96.9,8,55,36
2025-09-04 21:00:00,54,18,98.1,8,54,34
2025-09-04 22:00:00,46,17,98.7,6,51,34
2025-09-04 23:00:00,41,14,90.0,5,50,33
2025-09-05 00:00:00,49,13,91.2,6,52,35
2025-09-05 01:00:00,43,10,87.7,5,48,27
2025-09-05 02:00:00,48,15,96.1,6,50,34
2025-09-05 03:00:00,46,13,91.0,6,54,30
2025-09-05 04:00:00,43,12,89.9,6,50,33
2025-09-05 05:00:00,49,12,94.5,7,51,35
2025-09-05 06:00:00,47,11,97.2,7,50,35
2025-09-05 07:00:00,50,23,92.6,7,54,39
2025-09-05 08:00:00,52,22,98.3,6,54,40
2025-09-05 09:00:00,50,16,94.5,6,53,36
2025-09-05 10:00:00,59,27,101.8,7,56,37
2025-09-05 11:00:00,58,29,100.9,9,61,36
2025-09-05 12:00:00,61,27,109.0,7,60,43
2025-09-05 13:00:00,63,33,104.3,7,56,37
2025-09-05 14:00:00,60,29,99.6,9,58,38
2025-09-05 15:00:00,56,23,97.9,8,57,41
2025-09-05 16:00:00,67,28,103.4,9,58,36
2025-09-05 17:00:00,60,27,100.4,9,60,40
2025-09-05 18:00:00,62,22,99.6,7,59,39
2025-09-05 19:00:00,59,24,102.2,8,54,39
2025-09-05 20:00:00,51,14,97.5,7,52,37
2025-09-05 21:00:00,53,21,95.1,8,52,36
2025-09-05 22:00:00,49,13,94.0,7,53,36
2025-09-05 23:00:00,51,11,94.5,5,50,34
2025-09-06 00:00:00,48,13,84.3,6,39,33
2025-09-06 01:00:00,44,14,86.8,7,40,31
2025-09-06 02:00:00,46,13,88.4,6,44,31
2025-09-06 03:00:00,47,10,90.0,5,42,33
2025-09-06 04:00:00,43,11,88.6,5,37,32
2025-09-06 05:00:00,48,10,90.8,6,39,37
2025-09-06 06:00:00,53,15,91.8,5,42,37
2025-09-06 07:00:00,50,22,93.4,7,40,35
2025-09-06 08:00:00,52,20,91.2,7,44,32
2025-09-06 09:00:00,59,25,102.6,8,47,37
2025-09-06 10:00:00,58,29,102.0,8,47,42
2025-09-06 11:00:00,56,24,101.5,7,45,36
2025-09-06 12:00:00,63,26,107.1,9,47,42
2025-09-06 13:00:00,65,35,108.7,10,47,40
2025-09-06 14:00:00,63,33,108.7,9,48,42
2025-09-06 15:00:00,63,22,102.8,9,49,39
2025-09-06 16:00:00,64,28,103.2,9,47,40
2025-09-06 17:00:00,59,26,100.1,8,46,36
2025-09-06 18:00:00,63,27,98.9,9,47,39
2025-09-06 19:00:00,59,19,98.9,8,44,37
2025-09-06 20:00:00,48,17,90.3,6,42,33
2025-09-06 21:00:00,48,16,88.5,5,44,32
2025-09-06 22:00:00,43,14,90.5,5,42,32
2025-09-06 23:00:00,48,17,93.6,7,40,33
2025-09-07 00:00:00,42,9,87.3,5,39,31
2025-09-07 01:00:00,43,10,88.6,6,40,34
2025-09-07 02:00:00,46,6,87.1,5,40,30
2025-09-07 03:00:00,42,16,87.9,6,37,32
2025-09-07 04:00:00,48,18,94.8,5,40,34
2025-09-07 05:00:00,48,13,92.7,7,42,37
2025-09-07 06:00:00,49,15,95.2,8,44,35
2025-09-07 07:00:00,52,20,95.7,7,42,36
2025-09-07 08:00:00,49,25,93.0,8,41,35
2025-09-07 09:00:00,54,24,99.1,7,46,41
2025-09-07 10:00:00,61,22,100.4,8,46,39
2025-09-07 11:00:00,55,20,99.6,6,43,42
2025-09-07 12:00:00,64,23,105.4,9,47,42
2025-09-07 13:00:00,58,28,102.7,8,46,38
2025-09-07 14:00:00,57,26,100.1,8,46,32
2025-09-07 15:00:00,59,28,106.5,10,47,39
2025-09-07 16:00:00,63,25,107.5,10,45,42
2025-09-07 17:00:00,57,22,98.1,8,45,35
2025-09-07 18:00:00,57,20,95.6,9,48,32
2025-09-07 19:00:00,57,28,102.5,9,47,39
2025-09-07 20:00:00,54,23,102.0,8,46,35
2025-09-07 21:00:00,56,24,96.2,8,43,37
2025-09-07 22:00:00,52,18,96.4,7,43,36
2025-09-07 23:00:00,44,13,86.0,5,41,29
2025-09-08 00:00:00,47,18,88.7,8,51,37
2025-09-08 01:00:00,50,12,94.5,7,54,34
2025-09-08 02:00:00,46,13,91.6,6,49,36
2025-09-08 03:00:00,42,12,86.0,6,49,34
2025-09-08 04:00:00,40,3,84.5,5,45,30
2025-09-08 05:00:00,52,20,97.6,9,56,41
2025-09-08 06:00:00,52,18,90.4,7,53,32
2025-09-08 07:00:00,49,19,94.1,7,52,35
2025-09-08 08:00:00,55,20,102.2,7,53,39
2025-09-08 09:00:00,60,23,103.3,7,59,36
2025-09-08 10:00:00,61,22,94.3,8,58,36
2025-09-08 11:00:00,64,28,103.2,10,59,41
2025-09-08 12:00:00,61,22,105.4,8,59,40
2025-09-08 13:00:00,61,28,103.1,8,61,42
2025-09-08 14:00:00,61,30,108.8,10,59,39
2025-09-08 15:00:00,61,27,110.5,8,59,41
2025-09-08 16:00:00,59,28,102.5,8,59,38
2025-09-08 17:00:00,58,22,98.3,7,53,35
2025-09-08 18:00:00,60,21,98.2,7,58,37
2025-09-08 19:00:00,52,23,99.1,7,51,37
2025-09-08 20:00:00,50,22,93.8,8,53,34
2025-09-08 21:00:00,52,11,91.4,6,53,33
2025-09-08 22:00:00,49,18,89.8,7,48,34
2025-09-08 23:00:00,42,12,85.6,6,49,34
2025-09-09 00:00:00,46,12,87.2,6,49,35
2025-09-09 01:00:00,44,8,80.2,4,48,31
2025-09-09 02:00:00,43,9,83.9,7,50,29
2025-09-09 03:00:00,48,16,94.1,6,55,33
2025-09-09 04:00:00,43,13,91.7,4,51,32
2025-09-09 05:00:00,47,13,90.1,6,51,33
2025-09-09 06:00:00,49,16,92.3,7,49,35
2025-09-09 07:00:00,52,20,96.6,8,56,35
2025-09-09 08:00:00,50,22,100.7,6,53,38
2025-09-09 09:00:00,54,22,94.9,6,51,34
2025-09-09 10:00:00,59,28,99.2,9,55,40
2025-09-09 11:00:00,62,29,105.1,9,56,40
2025-09-09 12:00:00,66,28,108.9,10,58,42
2025-09-09 13:00:00,64,28,106.0,10,61,40
2025-09-09 14:00:00,64,30,102.9,9,60,37
2025-09-09 15:00:00,65,29,110.0,8,61,43
2025-09-09 16:00:00,61,31,105.0,8,53,38
2025-09-09 17:00:00,64,29,108.5,9,61,40
2025-09-09 18:00:00,60,20,105.5,7,58,36
2025-09-09 19:00:00,54,18,91.8,8,50,33
2025-09-09 20:00:00,58,18,93.5,8,53,34
2025-09-09 21:00:00,54,21,99.0,6,57,36
2025-09-09 22:00:00,53,10,87.3,6,52,34
2025-09-09 23:00:00,49,16,91.1,8,54,35
2025-09-10 00:00:00,45,14,87.8,7,50,37
2025-09-10 01:00:00,45,16,91.0,6,49,35
2025-09-10 02:00:00,45,13,86.4,7,49,36
2025-09-10 03:00:00,43,8,87.0,7,44,30
2025-09-10 04:00:00,49,10,86.9,6,52,33
2025-09-10 05:00:00,47,10,85.1,5,48,35
2025-09-10 06:00:00,45,14,89.2,7,46,34
2025-09-10 07:00:00,52,17,95.1,8,50,36
2025-09-10 08:00:00,53,16,95.8,6,52,37
2025-09-10 09:00:00,56,27,105.4,8,57,36
2025-09-10 10:00:00,57,19,102.7,7,54,41
2025-09-10 11:00:00,61,30,106.4,7,60,38
2025-09-10 12:00:00,63,31,109.6,9,62,40
2025-09-10 13:00:00,64,31,108.1,10,62,39
2025-09-10 14:00:00,62,26,107.8,9,62,41
2025-09-10 15:00:00,59,29,104.3,9,58,40
2025-09-10 16:00:00,65,22,103.3,8,60,39
2025-09-10 17:00:00,56,29,99.5,9,55,35
2025-09-10 18:00:00,57,24,104.0,8,52,37
2025-09-10 19:00:00,53,21,95.9,7,55,35
2025-09-10 20:00:00,53,16,101.0,8,51,39
2025-09-10 21:00:00,49,9,87.0,5,48,28
2025-09-10 22:00:00,48,12,94.3,6,49,38
2025-09-10 23:00:00,53,18,94.3,6,55,34
2025-09-11 00:00:00,49,12,92.0,6,53,35
2025-09-11 01:00:00,45,12,84.2,4,50,32
2025-09-11 02:00:00,48,14,85.7,7,49,31
2025-09-11 03:00:00,51,19,99.3,7,53,38
2025-09-11 04:00:00,51,18,92.7,8,56,30
2025-09-11 05:00:00,46,11,92.0,6,50,34
2025-09-11 06:00:00,44,9,84.6,5,48,28
2025-09-11 07:00:00,55,26,102.6,9,58,39
2025-09-11 08:00:00,57,28,100.9,9,61,40
2025-09-11 09:00:00,54,23,94.4,9,54,34
2025-09-11 10:00:00,57,20,100.5,6,52,44
2025-09-11 11:00:00,60,29,107.1,8,58,42
2025-09-11 12:00:00,64,27,107.9,8,59,43
2025-09-11 13:00:00,66,27,107.1,10,63,41
2025-09-11 14:00:00,66,31,103.3,10,58,39
2025-09-11 15:00:00,62,29,102.0,10,57,41
2025-09-11 16:00:00,62,23,101.5,8,57,43
2025-09-11 17:00:00,61,25,102.3,9,59,37
2025-09-11 18:00:00,58,26,105.4,7,55,39
2025-09-11 19:00:00,61,24,102.9,8,60,40
2025-09-11 20:00:00,52,21,89.8,7,53,37
2025-09-11 21:00:00,54,21,89.7,8,51,32
2025-09-11 22:00:00,51,15,91.4,7,51,32
2025-09-11 23:00:00,47,15,89.4,6,48,30
2025-09-12 00:00:00,45,3,86.4,5,46,34
2025-09-12 01:00:00,48,11,85.3,6,54,34
2025-09-12 02:00:00,47,15,86.4,7,51,29
2025-09-12 03:00:00,46,11,90.4,5,52,37
2025-09-12 04:00:00,46,11,93.1,4,49,31
2025-09-12 05:00:00,49,11,84.5,7,52,30
2025-09-12 06:00:00,50,20,92.0,7,51,31
2025-09-12 07:00:00,51,20,98.6,6,57,38
2025-09-12 08:00:00,54,23,101.2,7,54,41
2025-09-12 09:00:00,57,16,94.9,8,53,38
2025-09-12 10:00:00,53,23,101.3,7,52,38
2025-09-12 11:00:00,57,25,100.7,7,54,38
2025-09-12 12:00:00,66,26,109.1,9,58,41
2025-09-12 13:00:00,62,26,101.9,9,62,39
2025-09-12 14:00:00,60,27,104.6,8,58,41
2025-09-12 15:00:00,64,31,104.1,9,59,39
2025-09-12 16:00:00,57,20,97.4,8,62,36
2025-09-12 17:00:00,56,32,101.6,7,60,40
2025-09-12 18:00:00,59,26,102.8,8,55,35
2025-09-12 19:00:00,54,22,104.9,7,57,40
2025-09-12 20:00:00,55,23,106.4,8,54,43
2025-09-12 21:00:00,51,13,91.4,7,52,33
2025-09-12 22:00:00,49,14,96.2,7,50,35
2025-09-12 23:00:00,43,14,84.7,5,49,31
2025-09-13 00:00:00,48,18,93.6,6,40,35
2025-09-13 01:00:00,47,12,87.5,5,40,33
2025-09-13 02:00:00,42,14,85.9,6,38,32
2025-09-13 03:00:00,41,10,93.4,5,39,33
2025-09-13 04:00:00,44,15,87.8,5,41,33
2025-09-13 05:00:00,51,20,93.5,9,43,37
2025-09-13 06:00:00,45,19,88.4,7,43,32
2025-09-13 07:00:00,53,18,93.6,7,45,33
2025-09-13 08:00:00,55,22,94.5,8,46,38
2025-09-13 09:00:00,56,24,100.3,9,43,38
2025-09-13 10:00:00,55,26,100.1,8,42,34
2025-09-13 11:00:00,59,30,104.4,9,46,41
2025-09-13 12:00:00,64,31,107.2,10,49,39
2025-09-13 13:00:00,65,27,104.8,11,46,39
2025-09-13 14:00:00,60,30,102.5,9,47,38
2025-09-13 15:00:00,64,26,106.3,10,45,39
2025-09-13 16:00:00,62,24,103.1,7,46,41
2025-09-13 17:00:00,59,25,100.2,10,44,41
2025-09-13 18:00:00,56,24,98.7,8,45,39
2025-09-13 19:00:00,53,16,99.5,7,44,38
2025-09-13 20:00:00,59,23,107.3,7,42,39
2025-09-13 21:00:00,49,8,89.2,5,36,38
2025-09-13 22:00:00,55,26,97.8,7,47,38
2025-09-13 23:00:00,50,20,94.1,7,40,37
2025-09-14 00:00:00,45,12,92.0,6,39,33
2025-09-14 01:00:00,47,12,89.8,6,39,37
2025-09-14 02:00:00,51,13,93.8,6,44,31
2025-09-14 03:00:00,43,10,84.8,4,41,28
2025-09-14 04:00:00,49,14,88.1,7,41,35
2025-09-14 05:00:00,48,14,93.4,6,42,32
2025-09-14 06:00:00,46,16,90.8,7,41,32
2025-09-14 07:00:00,48,19,94.6,6,42,35
2025-09-14 08:00:00,51,15,88.5,6,43,34
2025-09-14 09:00:00,57,22,105.1,8,45,43
2025-09-14 10:00:00,60,25,103.4,9,45,39
2025-09-14 11:00:00,56,26,94.9,9,46,33
2025-09-14 12:00:00,62,26,107.5,9,47,41
2025-09-14 13:00:00,62,32,105.5,9,47,39
2025-09-14 14:00:00,62,27,104.4,9,47,39
2025-09-14 15:00:00,63,29,104.7,9,46,40
2025-09-14 16:00:00,66,31,108.9,8,47,43
2025-09-14 17:00:00,60,25,102.8,9,45,40
2025-09-14 18:00:00,55,25,94.1,7,45,36
2025-09-14 19:00:00,55,22,101.1,8,44,40
2025-09-14 20:00:00,57,24,100.9,7,43,39
2025-09-14 21:00:00,53,17,97.0,7,41,37
2025-09-14 22:00:00,52,20,98.7,6,41,33
2025-09-14 23:00:00,46,14,90.4,6,40,37
2025-09-15 00:00:00,42,10,86.9,5,51,30
2025-09-15 01:00:00,48,15,86.8,7,49,31
2025-09-15 02:00:00,42,11,83.7,3,50,32
2025-09-15 03:00:00,48,14,91.5,8,48,32
2025-09-15 04:00:00,46,4,86.4,4,50,31
2025-09-15 05:00:00,47,14,91.5,7,49,37
2025-09-15 06:00:00,49,14,95.9,7,51,39
2025-09-15 07:00:00,51,14,92.8,7,54,34
2025-09-15 08:00:00,52,18,95.9,6,53,35
2025-09-15 09:00:00,52,20,95.8,7,54,35
2025-09-15 10:00:00,58,24,100.0,8,57,32
2025-09-15 11:00:00,58,21,99.5,8,60,40
2025-09-15 12:00:00,64,28,104.4,8,57,40
2025-09-15 13:00:00,61,33,105.6,9,59,39
2025-09-15 14:00:00,65,29,106.6,11,60,45
2025-09-15 15:00:00,59,31,103.9,8,56,35
2025-09-15 16:00:00,58,31,98.5,9,59,40
2025-09-15 17:00:00,60,30,104.1,9,57,37
2025-09-15 18:00:00,57,31,100.2,8,59,42
2025-09-15 19:00:00,52,20,95.6,8,54,39
2025-09-15 20:00:00,58,17,95.4,8,55,34
2025-09-15 21:00:00,51,21,95.6,7,57,37
2025-09-15 22:00:00,56,18,96.9,9,51,38
2025-09-15 23:00:00,46,17,89.0,6,52,32
2025-09-16 00:00:00,44,20,91.4,7,53,36
2025-09-16 01:00:00,49,12,92.2,6,48,37
2025-09-16 02:00:00,44,13,88.1,6,49,34
2025-09-16 03:00:00,45,9,89.1,6,50,32
2025-09-16 04:00:00,45,21,90.3,7,49,37
2025-09-16 05:00:00,47,13,91.6,5,52,33
2025-09-16 06:00:00,46,15,89.8,6,53,33
2025-09-16 07:00:00,51,17,91.0,8,54,34
2025-09-16 08:00:00,52,18,92.5,7,57,36
2025-09-16 09:00:00,56,20,101.5,6,53,37
2025-09-16 10:00:00,59,22,105.7,7,56,39
2025-09-16 11:00:00,59,21,102.6,8,53,36
2025-09-16 12:00:00,61,24,101.4,8,57,34
2025-09-16 13:00:00,63,35,112.5,10,61,44
2025-09-16 14:00:00,61,31,107.5,9,59,42
2025-09-16 15:00:00,64,31,108.2,10,59,46
2025-09-16 16:00:00,62,31,111.4,11,59,42
2025-09-16 17:00:00,61,32,103.3,9,55,37
2025-09-16 18:00:00,57,18,100.6,7,55,35
2025-09-16 19:00:00,52,18,92.5,7,56,33
2025-09-16 20:00:00,56,17,95.8,8,52,37
2025-09-16 21:00:00,50,16,101.3,7,52,36
2025-09-16 22:00:00,49,15,93.9,8,55,37
2025-09-16 23:00:00,47,13,95.7,5,49,37
2025-09-17 00:00:00,48,14,92.9,7,51,35
2025-09-17 01:00:00,47,12,90.8,5,53,31
2025-09-17 02:00:00,45,9,85.4,7,54,34
2025-09-17 03:00:00,47,5,90.2,4,50,38
2025-09-17 04:00:00,37,10,82.8,7,47,28
2025-09-17 05:00:00,50,12,92.3,6,50,34
2025-09-17 06:00:00,52,15,93.0,6,53,33
2025-09-17 07:00:00,46,14,89.3,7,50,34
2025-09-17 08:00:00,55,18,97.5,8,55,38
2025-09-17 09:00:00,57,18,98.9,8,56,37
2025-09-17 10:00:00,59,24,101.4,9,56,41
2025-09-17 11:00:00,54,22,93.4,8,57,38
2025-09-17 12:00:00,62,24,105.1,8,59,37
2025-09-17 13:00:00,63,23,103.5,8,57,40
2025-09-17 14:00:00,60,27,93.8,8,55,37
2025-09-17 15:00:00,62,25,99.1,8,61,38
2025-09-17 16:00:00,61,30,103.6,9,61,39
2025-09-17 17:00:00,62,27,108.6,9,59,42
2025-09-17 18:00:00,57,24,102.1,9,53,35
2025-09-17 19:00:00,54,19,94.5,7,54,39
2025-09-17 20:00:00,54,21,96.9,7,56,36
2025-09-17 21:00:00,49,20,97.1,6,51,35
2025-09-17 22:00:00,49,16,91.0,5,56,31
2025-09-17 23:00:00,50,20,91.4,9,50,38
2025-09-18 00:00:00,49,15,94.7,6,49,39
2025-09-18 01:00:00,47,15,94.4,6,51,35
2025-09-18 02:00:00,42,12,84.8,7,51,29
2025-09-18 03:00:00,50,15,93.9,5,47,34
2025-09-18 04:00:00,49,10,90.5,7,49,34
2025-09-18 05:00:00,48,13,88.6,5,45,32
2025-09-18 06:00:00,48,17,95.7,6,54,36
2025-09-18 07:00:00,50,19,92.5,7,51,36
2025-09-18 08:00:00,54,22,99.7,7,58,37
2025-09-18 09:00:00,58,26,101.7,9,53,35
2025-09-18 10:00:00,56,19,97.3,8,53,36
2025-09-18 11:00:00,56,22,97.7,8,55,36
2025-09-18 12:00:00,64,28,103.0,8,60,39
2025-09-18 13:00:00,61,25,103.0,8,58,42
2025-09-18 14:00:00,63,40,108.0,9,59,40
2025-09-18 15:00:00,63,30,106.4,8,54,41
2025-09-18 16:00:00,61,27,100.4,8,58,41
2025-09-18 17:00:00,57,24,100.0,9,56,38
2025-09-18 18:00:00,60,22,103.2,9,56,39
2025-09-18 19:00:00,56,22,97.2,7,58,37
2025-09-18 20:00:00,53,20,98.9,7,54,40
2025-09-18 21:00:00,51,16,96.3,7,56,41
2025-09-18 22:00:00,50,15,89.4,9,53,34
2025-09-18 23:00:00,49,19,91.2,7,53,37
2025-09-19 00:00:00,48,18,88.2,7,53,36
2025-09-19 01:00:00,49,13,92.4,5,52,37
2025-09-19 02:00:00,40,7,84.3,5,46,33
2025-09-19 03:00:00,43,14,83.1,7,50,31
2025-09-19 04:00:00,50,19,92.0,7,54,38
2025-09-19 05:00:00,55,19,98.5,8,56,34
2025-09-19 06:00:00,52,19,95.9,7,51,35
2025-09-19 07:00:00,58,23,104.0,8,58,41
2025-09-19 08:00:00,53,20,92.8,8,55,33
2025-09-19 09:00:00,55,24,99.1,7,57,41
2025-09-19 10:00:00,58,22,97.4,7,56,35
2025-09-19 11:00:00,62,27,105.0,9,57,42
2025-09-19 12:00:00,59,32,103.7,8,58,37
2025-09-19 13:00:00,60,26,104.1,6,60,41
2025-09-19 14:00:00,61,25,102.1,8,55,37
2025-09-19 15:00:00,60,28,106.1,7,58,42
2025-09-19 16:00:00,59,26,100.4,8,53,38
2025-09-19 17:00:00,62,28,102.1,9,56,40
2025-09-19 18:00:00,58,22,101.5,8,59,40
2025-09-19 19:00:00,59,28,109.0,9,58,43
2025-09-19 20:00:00,53,15,90.4,7,51,34
2025-09-19 21:00:00,51,22,92.2,7,55,35
2025-09-19 22:00:00,50,13,92.7,9,51,34
2025-09-19 23:00:00,44,8,89.6,5,49,32
2025-09-20 00:00:00,46,14,90.6,6,41,36
2025-09-20 01:00:00,43,11,85.0,5,40,32
2025-09-20 02:00:00,43,8,86.9,4,40,32
2025-09-20 03:00:00,44,6,87.5,5,39,34
2025-09-20 04:00:00,45,13,87.0,7,40,34
2025-09-20 05:00:00,47,18,93.9,8,43,37
2025-09-20 06:00:00,53,18,95.6,7,42,34
2025-09-20 07:00:00,51,18,89.4,7,43,31
2025-09-20 08:00:00,53,22,96.5,8,42,36
2025-09-20 09:00:00,53,22,95.4,9,44,32
2025-09-20 10:00:00,52,19,99.1,6,45,37
2025-09-20 11:00:00,57,21,95.6,8,43,35
2025-09-20 12:00:00,57,26,99.8,10,43,36
2025-09-20 13:00:00,63,27,106.3,9,50,37
2025-09-20 14:00:00,63,31,113.9,8,48,43
2025-09-20 15:00:00,66,30,114.5,10,47,44
2025-09-20 16:00:00,62,29,105.3,8,47,40
2025-09-20 17:00:00,57,25,102.0,9,45,40
2025-09-20 18:00:00,52,19,97.1,9,42,37
2025-09-20 19:00:00,58,24,98.0,8,47,38
2025-09-20 20:00:00,51,22,95.7,8,41,37
2025-09-20 21:00:00,48,10,93.7,6,40,35
2025-09-20 22:00:00,53,13,94.4,8,41,35
2025-09-20 23:00:00,49,12,96.6,6,41,35
2025-09-21 00:00:00,48,13,89.3,7,40,31
2025-09-21 01:00:00,47,9,88.7,6,41,33
2025-09-21 02:00:00,48,12,89.8,5,40,36
2025-09-21 03:00:00,49,12,87.2,6,42,34
2025-09-21 04:00:00,45,13,91.8,6,42,33
2025-09-21 05:00:00,46,12,88.1,5,38,34
2025-09-21 06:00:00,47,14,90.8,5,41,35
2025-09-21 07:00:00,50,14,90.9,5,39,33
2025-09-21 08:00:00,54,21,102.5,7,44,41
2025-09-21 09:00:00,52,24,100.9,8,44,35
2025-09-21 10:00:00,55,21,98.6,7,44,37
2025-09-21 11:00:00,65,31,104.1,10,49,38
2025-09-21 12:00:00,61,26,105.9,7,47,42
2025-09-21 13:00:00,65,33,112.0,10,49,40
2025-09-21 14:00:00,61,26,100.8,8,44,37
2025-09-21 15:00:00,55,21,97.4,7,46,41
2025-09-21 16:00:00,61,28,104.7,9,46,40
2025-09-21 17:00:00,62,27,108.0,7,44,42
2025-09-21 18:00:00,55,24,98.6,6,43,37
2025-09-21 19:00:00,57,20,101.9,8,42,38
2025-09-21 20:00:00,49,20,91.7,7,41,36
2025-09-21 21:00:00,51,16,90.6,6,41,34
2025-09-21 22:00:00,51,15,98.6,8,39,35
2025-09-21 23:00:00,48,17,88.2,5,39,35
2025-09-22 00:00:00,53,14,91.9,6,53,37
2025-09-22 01:00:00,45,14,91.7,7,53,35
2025-09-22 02:00:00,44,11,85.7,5,49,33
2025-09-22 03:00:00,46,11,87.0,5,49,33
2025-09-22 04:00:00,43,9,85.8,6,47,33
2025-09-22 05:00:00,44,13,81.6,5,47,29
2025-09-22 06:00:00,43,4,88.2,5,47,33
2025-09-22 07:00:00,53,16,95.4,7,53,36
2025-09-22 08:00:00,53,20,93.8,7,55,34
2025-09-22 09:00:00,61,24,97.6,9,57,41
2025-09-22 10:00:00,56,23,95.6,7,59,37
2025-09-22 11:00:00,62,27,99.6,8,56,36
2025-09-22 12:00:00,60,19,101.4,8,54,38
2025-09-22 13:00:00,60,28,104.6,6,59,40
2025-09-22 14:00:00,58,22,102.3,8,55,41
2025-09-22 15:00:00,56,23,101.9,8,55,39
2025-09-22 16:00:00,62,26,106.3,9,57,41
2025-09-22 17:00:00,64,30,111.5,8,57,43
2025-09-22 18:00:00,54,25,102.6,9,51,38
2025-09-22 19:00:00,55,22,101.3,7,54,38
2025-09-22 20:00:00,52,20,96.4,8,51,39
2025-09-22 21:00:00,52,15,96.5,6,54,40
2025-09-22 22:00:00,48,14,90.0,7,51,37
2025-09-22 23:00:00,51,16,93.4,5,52,33
2025-09-23 00:00:00,44,8,91.7,4,48,32
2025-09-23 01:00:00,43,14,86.4,6,51,31
2025-09-23 02:00:00,44,11,85.3,5,47,32
2025-09-23 03:00:00,46,15,88.8,6,52,30
2025-09-23 04:00:00,49,16,90.8,6,54,33
2025-09-23 05:00:00,45,8,86.0,5,50,33
2025-09-23 06:00:00,50,14,93.1,7,51,33
2025-09-23 07:00:00,49,15,92.7,8,51,35
2025-09-23 08:00:00,51,14,95.7,9,54,38
2025-09-23 09:00:00,53,18,102.3,8,53,40
2025-09-23 10:00:00,58,33,103.0,7,63,40
2025-09-23 11:00:00,63,28,105.6,10,58,42
2025-09-23 12:00:00,61,34,100.8,10,60,36
2025-09-23 13:00:00,62,31,101.8,9,61,40
2025-09-23 14:00:00,64,25,104.9,10,56,44
2025-09-23 15:00:00,63,26,106.6,9,59,37
2025-09-23 16:00:00,65,29,109.1,9,60,43
2025-09-23 17:00:00,61,27,106.1,9,58,41
2025-09-23 18:00:00,56,22,102.6,7,57,41
2025-09-23 19:00:00,59,17,104.6,6,56,37
2025-09-23 20:00:00,58,32,103.2,7,61,37
2025-09-23 21:00:00,51,17,91.8,8,50,37
2025-09-23 22:00:00,49,15,94.2,6,49,32
2025-09-23 23:00:00,48,15,94.4,5,51,32
2025-09-24 00:00:00,46,12,89.3,5,49,35
2025-09-24 01:00:00,42,13,86.4,5,47,27
2025-09-24 02:00:00,51,17,92.2,8,48,35
2025-09-24 03:00:00,45,12,88.6,6,52,29
2025-09-24 04:00:00,46,9,90.0,4,50,34
2025-09-24 05:00:00,53,14,92.1,8,54,34
2025-09-24 06:00:00,47,14,88.4,6,49,37
2025-09-24 07:00:00,55,23,100.2,7,56,35
2025-09-24 08:00:00,53,24,95.2,8,59,35
2025-09-24 09:00:00,57,22,100.1,8,57,38
2025-09-24 10:00:00,57,20,99.2,7,56,34
2025-09-24 11:00:00,60,21,101.6,8,57,37
2025-09-24 12:00:00,64,27,104.0,8,62,43
2025-09-24 13:00:00,60,29,109.6,8,56,41
2025-09-24 14:00:00,65,27,107.8,10,60,39
2025-09-24 15:00:00,65,26,104.7,10,60,41
2025-09-24 16:00:00,60,25,103.4,8,58,38
2025-09-24 17:00:00,59,26,108.0,8,56,40
2025-09-24 18:00:00,54,16,95.9,6,50,39
2025-09-24 19:00:00,54,18,101.0,7,54,38
2025-09-24 20:00:00,50,18,90.3,6,57,36
2025-09-24 21:00:00,55,22,95.7,8,56,37
2025-09-24 22:00:00,44,13,81.5,6,47,29
2025-09-24 23:00:00,46,15,96.2,6,50,35
2025-09-25 00:00:00,47,14,85.0,6,50,34
2025-09-25 01:00:00,50,17,94.0,6,56,33
2025-09-25 02:00:00,45,16,95.4,6,50,35
2025-09-25 03:00:00,47,12,92.5,6,53,35
2025-09-25 04:00:00,46,11,89.9,7,50,31
2025-09-25 05:00:00,49,12,95.2,7,52,37
2025-09-25 06:00:00,50,15,90.9,7,50,35
2025-09-25 07:00:00,53,16,96.8,7,55,33
2025-09-25 08:00:00,53,22,96.6,7,53,35
2025-09-25 09:00:00,54,24,97.7,8,57,34
2025-09-25 10:00:00,59,26,103.2,9,57,39
2025-09-25 11:00:00,59,30,107.7,8,58,40
2025-09-25 12:00:00,63,33,112.1,8,58,41
2025-09-25 13:00:00,62,28,104.7,8,58,39
2025-09-25 14:00:00,66,32,105.8,9,60,39
2025-09-25 15:00:00,63,26,102.9,9,59,39
2025-09-25 16:00:00,60,31,110.8,9,62,43
2025-09-25 17:00:00,58,29,107.2,8,54,41
2025-09-25 18:00:00,63,28,102.3,9,59,38
2025-09-25 19:00:00,52,22,101.5,7,57,34
2025-09-25 20:00:00,52,18,92.7,6,51,35
2025-09-25 21:00:00,52,13,95.2,8,52,36
2025-09-25 22:00:00,54,16,93.2,7,55,34
2025-09-25 23:00:00,49,20,100.1,6,50,38
2025-09-26 00:00:00,46,12,87.5,5,53,35
2025-09-26 01:00:00,44,15,85.9,6,52,35
2025-09-26 02:00:00,47,15,89.1,7,51,37
2025-09-26 03:00:00,42,11,94.4,5,43,34
2025-09-26 04:00:00,46,18,91.8,6,50,38
2025-09-26 05:00:00,47,4,83.8,5,51,31
2025-09-26 06:00:00,47,12,87.4,6,50,33
2025-09-26 07:00:00,53,15,89.3,8,53,37
2025-09-26 08:00:00,52,17,96.7,7,57,34
2025-09-26 09:00:00,53,23,93.6,7,55,36
2025-09-26 10:00:00,61,25,106.7,10,58,43
2025-09-26 11:00:00,57,27,103.6,8,56,38
2025-09-26 12:00:00,60,29,103.7,8,61,39
2025-09-26 13:00:00,60,24,106.3,8,60,43
2025-09-26 14:00:00,63,24,107.1,8,58,40
2025-09-26 15:00:00,61,29,105.1,9,57,39
2025-09-26 16:00:00,58,25,98.9,9,55,35
2025-09-26 17:00:00,58,20,101.2,8,55,37
2025-09-26 18:00:00,58,27,103.6,8,56,38
2025-09-26 19:00:00,56,27,102.3,8,56,37
2025-09-26 20:00:00,56,25,100.3,7,58,41
2025-09-26 21:00:00,49,19,94.1,7,50,34
2025-09-26 22:00:00,46,18,92.0,6,49,38
2025-09-26 23:00:00,54,19,101.2,8,53,42
2025-09-27 00:00:00,46,11,84.9,6,40,34
2025-09-27 01:00:00,47,16,88.3,6,39,32
2025-09-27 02:00:00,44,13,88.2,7,37,32
2025-09-27 03:00:00,49,15,89.8,6,41,35
2025-09-27 04:00:00,45,14,89.9,5,40,33
2025-09-27 05:00:00,42,19,85.6,7,39,32
2025-09-27 06:00:00,48,17,89.4,6,41,36
2025-09-27 07:00:00,49,13,97.7,6,43,34
2025-09-27 08:00:00,55,25,98.6,7,46,37
2025-09-27 09:00:00,54,19,93.3,7,43,35
2025-09-27 10:00:00,57,28,101.9,7,46,39
2025-09-27 11:00:00,57,25,104.3,9,48,41
2025-09-27 12:00:00,61,31,109.2,10,47,46
2025-09-27 13:00:00,59,32,99.8,9,46,37
2025-09-27 14:00:00,57,30,100.3,8,44,39
2025-09-27 15:00:00,62,30,106.5,9,48,38
2025-09-27 16:00:00,61,28,104.8,10,45,40
2025-09-27 17:00:00,60,19,95.5,8,44,39
2025-09-27 18:00:00,57,24,96.4,7,43,37
2025-09-27 19:00:00,52,18,91.7,6,41,38
2025-09-27 20:00:00,49,21,88.7,6,44,32
2025-09-27 21:00:00,48,14,89.8,7,41,34
2025-09-27 22:00:00,49,12,94.8,7,39,33
2025-09-27 23:00:00,53,20,94.4,6,44,38
2025-09-28 00:00:00,48,17,95.1,7,43,33
2025-09-28 01:00:00,43,12,87.1,6,40,32
2025-09-28 02:00:00,43,13,87.0,6,41,36
2025-09-28 03:00:00,43,11,82.1,7,40,32
2025-09-28 04:00:00,46,15,93.7,6,42,33
2025-09-28 05:00:00,50,12,92.0,7,41,30
2025-09-28 06:00:00,53,19,91.8,5,46,33
2025-09-28 07:00:00,51,17,95.1,6,43,36
2025-09-28 08:00:00,54,19,94.6,8,44,37
2025-09-28 09:00:00,54,22,97.9,9,42,37
2025-09-28 10:00:00,53,22,97.8,6,45,34
2025-09-28 11:00:00,64,27,109.8,9,49,41
2025-09-28 12:00:00,54,25,95.7,8,48,36
2025-09-28 13:00:00,57,29,104.3,8,46,41
2025-09-28 14:00:00,68,32,114.2,10,50,45
2025-09-28 15:00:00,61,25,111.0,10,47,42
2025-09-28 16:00:00,58,26,105.0,7,42,41
2025-09-28 17:00:00,62,27,105.7,9,48,41
2025-09-28 18:00:00,59,22,102.2,8,46,41
2025-09-28 19:00:00,53,24,102.3,8,43,39
2025-09-28 20:00:00,53,22,96.1,7,42,37
2025-09-28 21:00:00,55,22,100.6,7,42,38
2025-09-28 22:00:00,47,14,96.9,6,42,40
2025-09-28 23:00:00,48,11,89.4,6,39,34
2025-09-29 00:00:00,50,12,85.5,5,53,32
2025-09-29 01:00:00,39,9,80.7,6,47,27
2025-09-29 02:00:00,45,14,90.1,6,51,36
2025-09-29 03:00:00,45,8,84.7,6,52,31
2025-09-29 04:00:00,44,21,90.2,6,52,34
2025-09-29 05:00:00,48,19,91.7,6,53,37
2025-09-29 06:00:00,52,16,96.2,6,52,37
2025-09-29 07:00:00,51,21,92.4,8,54,36
2025-09-29 08:00:00,48,14,89.6,6,51,34
2025-09-29 09:00:00,61,31,109.7,8,56,42
2025-09-29 10:00:00,58,22,99.1,8,56,37
2025-09-29 11:00:00,59,25,104.4,8,60,40
2025-09-29 12:00:00,59,20,100.3,8,55,36
2025-09-29 13:00:00,65,29,107.2,8,61,40
2025-09-29 14:00:00,61,24,105.6,7,58,36
2025-09-29 15:00:00,63,28,100.4,9,59,37
2025-09-29 16:00:00,58,25,103.1,7,56,40
2025-09-29 17:00:00,54,22,99.1,7,55,38
2025-09-29 18:00:00,58,21,103.0,9,54,40
2025-09-29 19:00:00,59,23,100.0,7,58,32
2025-09-29 20:00:00,52,16,94.1,6,52,35
2025-09-29 21:00:00,53,15,87.4,6,54,35
2025-09-29 22:00:00,49,18,91.4,6,53,36
2025-09-29 23:00:00,50,23,96.3,7,54,36
2025-09-30 00:00:00,51,15,97.9,7,52,38
2025-09-30 01:00:00,44,9,92.3,5,46,32
2025-09-30 02:00:00,44,11,86.4,6,48,34
2025-09-30 03:00:00,41,12,88.6,3,47,32
2025-09-30 04:00:00,48,12,89.8,6,47,32
2025-09-30 05:00:00,47,18,86.8,7,50,32
2025-09-30 06:00:00,50,17,95.2,7,55,34
2025-09-30 07:00:00,52,21,101.4,7,52,35
2025-09-30 08:00:00,52,19,94.4,7,55,35
2025-09-30 09:00:00,57,27,98.5,9,55,38
2025-09-30 10:00:00,57,23,100.7,9,55,40
2025-09-30 11:00:00,61,22,102.3,8,57,40
2025-09-30 12:00:00,67,35,118.3,11,62,49
2025-09-30 13:00:00,61,21,105.4,9,57,40
2025-09-30 14:00:00,64,25,106.1,8,58,44
2025-09-30 15:00:00,63,26,96.3,9,62,38
2025-09-30 16:00:00,64,36,108.9,10,61,43
2025-09-30 17:00:00,65,32,113.9,7,58,43
2025-09-30 18:00:00,56,29,101.8,8,52,39
2025-09-30 19:00:00,54,21,99.7,7,57,38
2025-09-30 20:00:00,54,28,101.2,7,57,40
2025-09-30 21:00:00,51,19,93.5,8,53,32
2025-09-30 22:00:00,52,19,100.8,7,54,37
2025-09-30 23:00:00,45,15,90.2,6,50,31
2025-10-01 00:00:00,48,13,88.4,6,51,29
2025-10-01 01:00:00,44,11,87.6,8,50,34
2025-10-01 02:00:00,44,11,92.0,6,51,33
2025-10-01 03:00:00,47,14,86.0,6,53,31
2025-10-01 04:00:00,51,14,94.0,6,53,36
2025-10-01 05:00:00,46,14,90.1,5,51,35
2025-10-01 06:00:00,51,21,90.8,6,55,35
2025-10-01 07:00:00,46,8,89.8,5,51,32
2025-10-01 08:00:00,52,22,97.4,8,54,37
2025-10-01 09:00:00,54,25,101.2,7,49,40
2025-10-01 10:00:00,59,28,106.9,9,59,36
2025-10-01 11:00:00,60,25,103.0,8,60,37
2025-10-01 12:00:00,63,28,103.7,8,58,39
2025-10-01 13:00:00,61,31,101.1,9,56,35
2025-10-01 14:00:00,65,33,106.7,11,62,39
2025-10-01 15:00:00,62,27,104.4,11,60,42
2025-10-01 16:00:00,61,28,101.4,8,57,39
2025-10-01 17:00:00,58,32,105.5,8,59,39
2025-10-01 18:00:00,56,17,94.5,8,54,34
2025-10-01 19:00:00,56,20,92.7,8,56,34
2025-10-01 20:00:00,55,25,98.0,7,58,34
2025-10-01 21:00:00,54,22,98.0,8,55,36
2025-10-01 22:00:00,52,18,91.1,8,52,31
2025-10-01 23:00:00,45,13,85.8,6,49,35
2025-10-02 00:00:00,45,10,85.9,5,53,30
2025-10-02 01:00:00,46,10,87.2,7,53,30
2025-10-02 02:00:00,46,17,92.0,6,50,34
2025-10-02 03:00:00,47,10,91.3,5,50,35
2025-10-02 04:00:00,47,13,88.7,6,50,33
2025-10-02 05:00:00,42,12,83.4,7,49,32
2025-10-02 06:00:00,52,19,96.1,5,55,34
2025-10-02 07:00:00,51,16,95.1,7,54,36
2025-10-02 08:00:00,49,20,98.6,7,54,37
2025-10-02 09:00:00,53,16,98.8,8,52,38
2025-10-02 10:00:00,53,18,92.1,7,54,36
2025-10-02 11:00:00,61,26,103.4,7,60,41
2025-10-02 12:00:00,59,22,102.7,9,60,43
2025-10-02 13:00:00,61,35,104.6,9,55,39
2025-10-02 14:00:00,62,21,101.4,7,59,36
2025-10-02 15:00:00,62,25,106.0,8,61,39
2025-10-02 16:00:00,60,27,104.3,9,54,39
2025-10-02 17:00:00,56,24,99.9,7,59,39
2025-10-02 18:00:00,55,20,95.5,6,59,37
2025-10-02 19:00:00,53,19,91.4,7,54,35
2025-10-02 20:00:00,54,17,95.3,6,55,36
2025-10-02 21:00:00,47,17,91.2,5,49,33
2025-10-02 22:00:00,51,23,91.9,8,58,35
2025-10-02 23:00:00,47,15,91.0,6,52,31
2025-10-03 00:00:00,50,17,94.8,6,47,35
2025-10-03 01:00:00,47,14,88.2,5,53,33
2025-10-03 02:00:00,48,16,92.8,7,50,36
2025-10-03 03:00:00,42,3,84.0,5,46,28
2025-10-03 04:00:00,43,12,86.3,6,49,33
2025-10-03 05:00:00,48,19,91.7,7,52,38
2025-10-03 06:00:00,51,14,92.0,7,53,35
2025-10-03 07:00:00,55,24,96.7,8,56,36
2025-10-03 08:00:00,54,25,99.9,7,58,39
2025-10-03 09:00:00,53,20,94.1,6,51,36
2025-10-03 10:00:00,55,22,95.9,9,56,34
2025-10-03 11:00:00,58,22,102.0,9,57,38
2025-10-03 12:00:00,60,25,102.2,8,57,40
2025-10-03 13:00:00,64,23,105.0,8,56,36
2025-10-03 14:00:00,63,30,100.9,11,60,38
2025-10-03 15:00:00,62,23,101.4,8,56,36
2025-10-03 16:00:00,59,29,108.8,9,54,41
2025-10-03 17:00:00,60,28,98.5,8,58,39
2025-10-03 18:00:00,56,18,103.3,7,56,38
2025-10-03 19:00:00,57,27,102.4,8,55,37
2025-10-03 20:00:00,54,22,96.2,6,51,35
2025-10-03 21:00:00,53,21,95.7,7,54,34
2025-10-03 22:00:00,50,13,95.8,7,54,37
2025-10-03 23:00:00,51,17,87.3,6,51,34
2025-10-04 00:00:00,42,17,92.4,8,37,37
2025-10-04 01:00:00,48,12,91.4,6,38,35
2025-10-04 02:00:00,43,19,92.7,6,39,36
2025-10-04 03:00:00,46,12,84.3,6,40,29
2025-10-04 04:00:00,53,17,95.0,7,42,35
2025-10-04 05:00:00,48,15,84.6,6,41,29
2025-10-04 06:00:00,51,18,97.7,6,42,36
2025-10-04 07:00:00,49,12,88.2,6,43,32
2025-10-04 08:00:00,56,21,95.6,8,44,37
2025-10-04 09:00:00,56,19,92.4,7,45,35
2025-10-04 10:00:00,55,21,99.6,8,44,39
2025-10-04 11:00:00,61,32,105.9,8,47,42
2025-10-04 12:00:00,58,26,99.4,8,46,38
2025-10-04 13:00:00,60,24,103.4,8,44,39
2025-10-04 14:00:00,60,27,101.3,5,46,39
2025-10-04 15:00:00,61,23,97.2,8,45,41
2025-10-04 16:00:00,60,32,104.3,8,46,38
2025-10-04 17:00:00,58,23,105.9,8,46,40
2025-10-04 18:00:00,58,26,104.8,9,46,37
2025-10-04 19:00:00,57,27,103.0,7,44,38
2025-10-04 20:00:00,54,18,97.1,7,44,38
2025-10-04 21:00:00,52,20,94.3,6,42,36
2025-10-04 22:00:00,47,12,91.8,6,42,34
2025-10-04 23:00:00,50,23,97.5,7,46,33
2025-10-05 00:00:00,47,16,91.0,6,42,35
2025-10-05 01:00:00,48,12,90.9,6,40,37
2025-10-05 02:00:00,47,9,84.3,6,39,29
2025-10-05 03:00:00,42,12,85.1,5,39,33
2025-10-05 04:00:00,48,12,86.6,6,39,30
2025-10-05 05:00:00,52,21,92.4,8,43,37
2025-10-05 06:00:00,45,12,89.7,6,38,35
2025-10-05 07:00:00,53,18,92.1,6,44,38
2025-10-05 08:00:00,56,20,100.6,6,43,37
2025-10-05 09:00:00,53,22,100.3,7,43,36
2025-10-05 10:00:00,57,24,100.1,8,42,42
2025-10-05 11:00:00,60,25,100.9,7,45,38
2025-10-05 12:00:00,63,30,109.5,10,47,40
2025-10-05 13:00:00,60,30,105.9,8,45,38
2025-10-05 14:00:00,65,29,111.2,9,48,39
2025-10-05 15:00:00,54,17,92.5,8,39,34
2025-10-05 16:00:00,64,28,105.8,9,46,42
2025-10-05 17:00:00,59,20,99.8,7,42,35
2025-10-05 18:00:00,57,26,101.7,6,46,38
2025-10-05 19:00:00,59,27,105.0,9,46,40
2025-10-05 20:00:00,50,17,93.8,7,38,33
2025-10-05 21:00:00,51,17,98.4,7,44,34
2025-10-05 22:00:00,49,14,90.9,6,42,34
2025-10-05 23:00:00,50,19,90.6,6,42,36
2025-10-06 00:00:00,44,13,86.6,5,50,30
2025-10-06 01:00:00,46,18,89.0,6,51,32
2025-10-06 02:00:00,46,13,88.3,7,50,33
2025-10-06 03:00:00,44,13,87.4,3,50,36
2025-10-06 04:00:00,47,13,89.7,7,51,35
2025-10-06 05:00:00,47,17,92.3,6,50,37
2025-10-06 06:00:00,50,10,89.8,6,53,35
2025-10-06 07:00:00,55,18,100.6,8,53,40
2025-10-06 08:00:00,53,20,90.4,7,53,31
2025-10-06 09:00:00,59,25,95.1,8,59,31
2025-10-06 10:00:00,57,23,103.2,7,58,41
2025-10-06 11:00:00,56,22,101.9,7,57,39
2025-10-06 12:00:00,60,27,106.9,9,54,36
2025-10-06 13:00:00,61,24,104.8,8,57,38
2025-10-06 14:00:00,55,21,98.5,7,53,36
2025-10-06 15:00:00,64,30,106.3,9,58,42
2025-10-06 16:00:00,62,29,100.3,9,57,38
2025-10-06 17:00:00,62,27,105.5,10,58,42
2025-10-06 18:00:00,61,29,100.0,9,57,36
2025-10-06 19:00:00,55,20,105.3,9,50,36
2025-10-06 20:00:00,51,15,90.5,7,53,30
2025-10-06 21:00:00,55,18,96.8,5,54,37
2025-10-06 22:00:00,55,15,100.2,7,56,37
2025-10-06 23:00:00,46,11,87.9,5,50,33
2025-10-07 00:00:00,49,13,90.2,6,48,34
2025-10-07 01:00:00,43,10,78.9,5,46,25
2025-10-07 02:00:00,42,6,80.4,5,44,30
2025-10-07 03:00:00,44,11,89.2,5,49,35
2025-10-07 04:00:00,47,9,93.8,6,53,37
2025-10-07 05:00:00,45,15,87.1,6,51,31
2025-10-07 06:00:00,53,14,94.6,7,53,34
2025-10-07 07:00:00,55,22,106.4,6,53,40
2025-10-07 08:00:00,57,26,102.6,9,57,39
2025-10-07 09:00:00,56,24,102.7,8,55,36
2025-10-07 10:00:00,58,19,97.1,8,56,36
2025-10-07 11:00:00,54,31,105.3,7,57,40
2025-10-07 12:00:00,63,32,105.5,10,59,38
2025-10-07 13:00:00,62,28,102.4,8,59,43
2025-10-07 14:00:00,58,33,108.8,8,62,41
2025-10-07 15:00:00,62,26,102.4,9,61,38
2025-10-07 16:00:00,60,20,101.4,9,59,40
2025-10-07 17:00:00,54,23,103.1,8,60,39
2025-10-07 18:00:00,56,30,99.5,8,61,39
2025-10-07 19:00:00,59,17,98.8,7,59,34
2025-10-07 20:00:00,53,20,94.7,7,52,36
2025-10-07 21:00:00,54,18,95.4,7,52,37
2025-10-07 22:00:00,52,14,93.8,7,50,36
2025-10-07 23:00:00,48,13,94.9,6,53,37
2025-10-08 00:00:00,49,13,96.5,6,53,39
2025-10-08 01:00:00,40,10,84.9,5,48,33
2025-10-08 02:00:00,43,7,83.5,5,46,31
2025-10-08 03:00:00,38,13,86.4,5,49,35
2025-10-08 04:00:00,43,17,89.0,6,49,35
2025-10-08 05:00:00,47,17,91.9,6,51,36
2025-10-08 06:00:00,47,13,87.1,6,52,32
2025-10-08 07:00:00,50,14,87.6,7,52,31
2025-10-08 08:00:00,53,19,96.2,8,54,36
2025-10-08 09:00:00,58,28,98.9,9,54,38
2025-10-08 10:00:00,59,26,100.8,8,54,37
2025-10-08 11:00:00,61,28,108.9,9,60,41
2025-10-08 12:00:00,59,30,103.8,10,59,40
2025-10-08 13:00:00,60,29,107.6,9,56,43
2025-10-08 14:00:00,62,28,106.0,10,59,44
2025-10-08 15:00:00,62,30,107.7,9,59,41
2025-10-08 16:00:00,57,25,99.5,6,54,36
2025-10-08 17:00:00,61,21,105.2,9,57,41
2025-10-08 18:00:00,60,27,104.4,9,58,38
2025-10-08 19:00:00,55,26,99.1,8,52,35
2025-10-08 20:00:00,52,16,95.4,6,55,38
2025-10-08 21:00:00,57,21,97.4,9,56,36
2025-10-08 22:00:00,52,22,95.3,7,57,38
2025-10-08 23:00:00,49,14,91.5,6,54,32
2025-10-09 00:00:00,44,10,85.7,6,52,33
2025-10-09 01:00:00,45,13,93.4,8,48,38
2025-10-09 02:00:00,49,10,88.9,6,52,31
2025-10-09 03:00:00,45,10,94.2,6,50,36
2025-10-09 04:00:00,47,15,90.7,6,54,33
2025-10-09 05:00:00,46,9,87.4,7,52,31
2025-10-09 06:00:00,54,11,92.7,7,57,41
2025-10-09 07:00:00,52,18,96.1,8,53,34
2025-10-09 08:00:00,52,20,98.1,7,51,38
2025-10-09 09:00:00,54,23,90.9,8,53,33
2025-10-09 10:00:00,62,31,105.7,9,60,40
2025-10-09 11:00:00,56,26,94.5,8,54,36
2025-10-09 12:00:00,62,29,108.7,8,59,42
2025-10-09 13:00:00,59,24,104.7,8,57,39
2025-10-09 14:00:00,58,31,103.5,9,53,39
2025-10-09 15:00:00,59,26,102.8,8,58,39
2025-10-09 16:00:00,61,27,99.8,9,60,39
2025-10-09 17:00:00,63,25,103.0,8,61,41
2025-10-09 18:00:00,61,28,102.5,8,57,38
2025-10-09 19:00:00,54,17,94.7,7,52,33
2025-10-09 20:00:00,54,12,96.8,7,52,35
2025-10-09 21:00:00,50,17,97.6,6,50,37
2025-10-09 22:00:00,46,18,93.1,7,52,32
2025-10-09 23:00:00,48,15,90.4,5,51,31
2025-10-10 00:00:00,44,17,87.4,7,48,30
2025-10-10 01:00:00,48,14,91.3,7,50,33
2025-10-10 02:00:00,47,10,89.8,5,53,32
2025-10-10 03:00:00,41,4,82.5,5,47,31
2025-10-10 04:00:00,47,12,87.6,5,49,32
2025-10-10 05:00:00,49,18,95.1,6,51,36
2025-10-10 06:00:00,51,15,95.6,7,53,34
2025-10-10 07:00:00,48,18,88.8,7,56,35
2025-10-10 08:00:00,56,21,97.4,8,53,35
2025-10-10 09:00:00,51,19,97.3,7,56,40
2025-10-10 10:00:00,60,26,106.3,9,57,37
2025-10-10 11:00:00,64,31,107.6,9,62,41
2025-10-10 12:00:00,59,26,103.6,8,55,40
2025-10-10 13:00:00,64,24,105.4,9,62,42
2025-10-10 14:00:00,58,28,105.2,7,61,36
2025-10-10 15:00:00,62,20,99.0,9,61,36
2025-10-10 16:00:00,65,28,107.7,8,60,41
2025-10-10 17:00:00,61,27,101.3,8,58,37
2025-10-10 18:00:00,59,30,107.0,9,56,41
2025-10-10 19:00:00,56,21,95.9,7,54,35
2025-10-10 20:00:00,52,21,97.8,6,56,38
2025-10-10 21:00:00,57,15,94.7,7,55,33
2025-10-10 22:00:00,48,15,93.4,6,52,37
2025-10-10 23:00:00,50,9,91.7,6,52,37
2025-10-11 00:00:00,44,12,88.9,6,38,35
2025-10-11 01:00:00,49,11,96.9,5,39,37
2025-10-11 02:00:00,51,13,90.4,5,43,32
2025-10-11 03:00:00,46,10,91.2,6,41,33
2025-10-11 04:00:00,47,13,93.9,7,40,34
2025-10-11 05:00:00,45,13,91.7,6,41,34
2025-10-11 06:00:00,46,15,88.4,6,43,32
2025-10-11 07:00:00,52,18,94.7,8,44,36
2025-10-11 08:00:00,57,20,97.5,8,45,35
2025-10-11 09:00:00,55,25,98.6,6,45,34
2025-10-11 10:00:00,63,24,101.8,8,49,40
2025-10-11 11:00:00,58,24,99.9,8,44,39
2025-10-11 12:00:00,61,26,108.3,8,47,39
2025-10-11 13:00:00,61,25,102.8,8,46,39
2025-10-11 14:00:00,61,27,104.5,9,46,42
2025-10-11 15:00:00,58,35,103.0,9,46,39
2025-10-11 16:00:00,58,24,101.2,7,44,39
2025-10-11 17:00:00,60,25,104.9,9,48,36
2025-10-11 18:00:00,57,23,101.5,8,44,38
2025-10-11 19:00:00,57,21,103.8,7,45,38
2025-10-11 20:00:00,55,19,93.8,8,45,37
2025-10-11 21:00:00,51,19,92.6,7,45,35
2025-10-11 22:00:00,45,10,86.8,6,40,34
2025-10-11 23:00:00,53,18,100.1,7,43,35
2025-10-12 00:00:00,44,15,89.6,5,41,32
2025-10-12 01:00:00,43,8,81.4,4,39,32
2025-10-12 02:00:00,41,4,86.4,6,36,33
2025-10-12 03:00:00,47,9,88.7,7,43,32
2025-10-12 04:00:00,50,12,94.1,5,42,35
2025-10-12 05:00:00,50,23,100.3,8,44,36
2025-10-12 06:00:00,51,18,91.2,8,43,31
2025-10-12 07:00:00,51,12,96.8,6,42,36
2025-10-12 08:00:00,57,18,98.3,7,44,35
2025-10-12 09:00:00,51,22,94.7,5,44,35
2025-10-12 10:00:00,60,25,103.1,8,47,38
2025-10-12 11:00:00,59,21,97.2,8,47,36
2025-10-12 12:00:00,60,26,103.0,9,44,43
2025-10-12 13:00:00,62,25,103.2,8,45,36
2025-10-12 14:00:00,63,24,101.3,9,47,43
2025-10-12 15:00:00,63,29,104.2,8,47,40
2025-10-12 16:00:00,67,30,112.3,10,51,44
2025-10-12 17:00:00,61,29,103.8,10,45,36
2025-10-12 18:00:00,58,26,99.1,9,47,40
2025-10-12 19:00:00,55,20,99.1,7,41,37
2025-10-12 20:00:00,56,23,101.4,7,42,37
2025-10-12 21:00:00,52,19,95.2,7,43,34
2025-10-12 22:00:00,50,16,89.3,6,42,29
2025-10-12 23:00:00,47,12,82.3,5,42,29
2025-10-13 00:00:00,46,11,85.9,6,52,30
2025-10-13 01:00:00,44,13,91.3,6,50,32
2025-10-13 02:00:00,49,21,96.8,6,52,38
2025-10-13 03:00:00,45,13,86.7,7,48,33
2025-10-13 04:00:00,47,11,88.9,5,47,36
2025-10-13 05:00:00,47,11,91.8,6,52,31
2025-10-13 06:00:00,48,14,90.8,7,49,32
2025-10-13 07:00:00,58,26,104.1,8,57,40
2025-10-13 08:00:00,53,19,95.6,8,56,35
2025-10-13 09:00:00,58,25,103.1,9,63,38
2025-10-13 10:00:00,56,23,98.1,7,55,38
2025-10-13 11:00:00,55,27,97.5,7,53,35
2025-10-13 12:00:00,60,30,108.0,10,59,36
2025-10-13 13:00:00,56,26,95.7,9,52,35
2025-10-13 14:00:00,61,26,101.6,9,58,41
2025-10-13 15:00:00,67,34,109.9,9,61,42
2025-10-13 16:00:00,59,30,106.8,9,58,40
2025-10-13 17:00:00,55,28,98.0,8,58,38
2025-10-13 18:00:00,62,27,105.2,8,60,39
2025-10-13 19:00:00,55,24,94.9,7,54,31
2025-10-13 20:00:00,56,27,101.9,8,59,35
2025-10-13 21:00:00,53,18,101.6,8,56,36
2025-10-13 22:00:00,51,18,88.8,6,51,34
2025-10-13 23:00:00,48,9,87.4,5,47,35
2025-10-14 00:00:00,48,10,92.2,6,46,33
2025-10-14 01:00:00,40,8,92.7,5,48,36
2025-10-14 02:00:00,43,16,90.5,6,52,35
2025-10-14 03:00:00,46,3,83.9,6,48,30
2025-10-14 04:00:00,44,12,87.3,4,49,33
2025-10-14 05:00:00,43,4,80.7,5,49,31
2025-10-14 06:00:00,46,13,91.6,6,51,35
2025-10-14 07:00:00,50,16,96.3,6,53,35
2025-10-14 08:00:00,54,25,103.1,7,59,40
2025-10-14 09:00:00,54,23,97.2,8,54,39
2025-10-14 10:00:00,54,21,95.2,8,55,40
2025-10-14 11:00:00,61,29,109.6,9,57,42
2025-10-14 12:00:00,59,27,106.8,9,59,40
2025-10-14 13:00:00,60,28,100.8,9,61,38
2025-10-14 14:00:00,55,24,98.1,7,56,35
2025-10-14 15:00:00,65,24,108.4,8,60,38
2025-10-14 16:00:00,62,24,103.1,8,61,36
2025-10-14 17:00:00,58,26,102.0,8,56,40
2025-10-14 18:00:00,56,24,95.2,7,56,35
2025-10-14 19:00:00,57,27,98.5,8,54,36
2025-10-14 20:00:00,54,21,97.3,7,55,37
2025-10-14 21:00:00,46,8,85.5,4,49,34
2025-10-14 22:00:00,43,17,85.7,6,52,31
2025-10-14 23:00:00,45,9,86.6,5,49,28
2025-10-15 00:00:00,42,10,82.8,5,47,28
2025-10-15 01:00:00,45,9,87.8,5,53,37
2025-10-15 02:00:00,45,10,90.7,5,49,36
2025-10-15 03:00:00,42,7,83.9,5,49,35
2025-10-15 04:00:00,45,14,88.0,7,53,33
2025-10-15 05:00:00,51,9,94.5,6,50,33
2025-10-15 06:00:00,52,17,96.9,8,55,36
2025-10-15 07:00:00,53,26,100.6,8,53,36
2025-10-15 08:00:00,58,15,90.5,7,57,38
2025-10-15 09:00:00,52,21,95.1,7,56,35
2025-10-15 10:00:00,53,15,93.2,7,52,42
2025-10-15 11:00:00,59,25,99.4,8,52,39
2025-10-15 12:00:00,58,29,105.8,8,55,42
2025-10-15 13:00:00,67,30,107.3,10,61,38
2025-10-15 14:00:00,62,28,101.3,8,57,43
2025-10-15 15:00:00,60,31,105.8,10,58,40
2025-10-15 16:00:00,64,36,109.3,9,62,41
2025-10-15 17:00:00,61,32,103.3,8,58,37
2025-10-15 18:00:00,56,22,102.5,6,56,36
2025-10-15 19:00:00,51,17,95.9,6,52,37
2025-10-15 20:00:00,50,19,95.3,6,56,33
2025-10-15 21:00:00,56,15,98.0,6,53,39
2025-10-15 22:00:00,47,18,94.7,7,51,34
2025-10-15 23:00:00,51,10,91.2,6,53,34
2025-10-16 00:00:00,44,13,84.5,4,47,29
2025-10-16 01:00:00,48,15,91.2,7,52,35
2025-10-16 02:00:00,46,12,84.3,7,50,31
2025-10-16 03:00:00,46,9,85.1,6,51,30
2025-10-16 04:00:00,49,17,98.0,6,52,34
2025-10-16 05:00:00,42,8,81.7,5,47,32
2025-10-16 06:00:00,47,15,87.5,6,52,33
2025-10-16 07:00:00,48,18,94.4,6,54,34
2025-10-16 08:00:00,54,20,99.8,7,54,39
2025-10-16 09:00:00,53,23,92.1,7,54,35
2025-10-16 10:00:00,53,26,99.6,7,55,37
2025-10-16 11:00:00,59,26,100.5,10,58,37
2025-10-16 12:00:00,55,26,100.6,8,54,39
2025-10-16 13:00:00,62,26,103.5,9,62,41
2025-10-16 14:00:00,58,26,97.7,10,60,38
2025-10-16 15:00:00,60,30,103.4,8,58,39
2025-10-16 16:00:00,54,25,100.9,8,59,41
2025-10-16 17:00:00,64,29,112.7,10,55,41
2025-10-16 18:00:00,54,24,99.7,8,57,37
2025-10-16 19:00:00,54,20,96.2,7,62,35
2025-10-16 20:00:00,50,22,91.5,9,53,35
2025-10-16 21:00:00,49,15,91.5,7,53,32
2025-10-16 22:00:00,54,18,95.7,6,56,35
2025-10-16 23:00:00,49,15,92.9,7,51,36
2025-10-17 00:00:00,44,11,87.3,7,50,30
2025-10-17 01:00:00,46,14,91.3,7,54,36
2025-10-17 02:00:00,44,14,87.7,6,48,30
2025-10-17 03:00:00,47,16,96.1,7,52,36
2025-10-17 04:00:00,49,16,94.5,7,54,36
2025-10-17 05:00:00,47,16,89.3,7,50,35
2025-10-17 06:00:00,49,12,94.0,6,52,37
2025-10-17 07:00:00,54,26,96.2,7,57,35
2025-10-17 08:00:00,51,15,91.1,6,51,35
2025-10-17 09:00:00,55,25,97.1,8,58,35
2025-10-17 10:00:00,57,26,104.9,9,57,40
2025-10-17 11:00:00,60,22,101.0,8,56,40
2025-10-17 12:00:00,63,26,103.1,8,57,39
2025-10-17 13:00:00,59,27,103.2,7,57,39
2025-10-17 14:00:00,62,33,108.6,9,59,41
2025-10-17 15:00:00,59,25,106.9,9,58,39
2025-10-17 16:00:00,62,26,100.2,11,56,37
2025-10-17 17:00:00,56,17,101.3,7,54,40
2025-10-17 18:00:00,65,30,101.5,10,63,38
2025-10-17 19:00:00,55,18,100.0,8,52,38
2025-10-17 20:00:00,57,21,102.9,8,55,40
2025-10-17 21:00:00,49,18,96.5,7,50,36
2025-10-17 22:00:00,49,16,94.3,7,52,34
2025-10-17 23:00:00,50,17,90.4,8,54,34
2025-10-18 00:00:00,46,19,93.5,6,46,36
2025-10-18 01:00:00,46,13,86.3,6,42,33
2025-10-18 02:00:00,49,14,88.8,6,39,31
2025-10-18 03:00:00,45,13,87.7,4,41,30
2025-10-18 04:00:00,45,17,89.2,6,40,32
2025-10-18 05:00:00,52,13,93.9,7,41,35
2025-10-18 06:00:00,48,20,90.8,8,41,32
2025-10-18 07:00:00,53,22,98.0,8,45,33
2025-10-18 08:00:00,53,24,93.6,5,45,33
2025-10-18 09:00:00,53,20,96.3,8,41,35
2025-10-18 10:00:00,59,23,101.0,9,46,42
2025-10-18 11:00:00,59,26,105.8,8,44,44
2025-10-18 12:00:00,60,22,105.4,8,46,41
2025-10-18 13:00:00,57,33,103.5,10,45,39
2025-10-18 14:00:00,63,28,99.9,9,49,38
2025-10-18 15:00:00,60,29,99.7,8,46,38
2025-10-18 16:00:00,55,25,103.1,7,43,39
2025-10-18 17:00:00,63,21,102.8,11,47,39
2025-10-18 18:00:00,59,22,106.0,9,45,39
2025-10-18 19:00:00,57,23,102.4,8,44,42
2025-10-18 20:00:00,57,22,100.9,9,44,36
2025-10-18 21:00:00,52,18,95.8,7,39,38
2025-10-18 22:00:00,48,17,88.7,7,44,30
2025-10-18 23:00:00,47,13,88.3,7,38,34
2025-10-19 00:00:00,45,15,90.8,6,41,30
2025-10-19 01:00:00,46,17,89.9,7,41,37
2025-10-19 02:00:00,43,14,89.4,6,43,31
2025-10-19 03:00:00,44,15,92.0,6,43,34
2025-10-19 04:00:00,49,14,91.2,8,42,36
2025-10-19 05:00:00,47,9,87.5,8,38,31
2025-10-19 06:00:00,47,12,87.3,6,39,33
2025-10-19 07:00:00,49,20,96.4,5,41,35
2025-10-19 08:00:00,53,20,98.4,8,43,39
2025-10-19 09:00:00,52,24,103.6,7,43,40
2025-10-19 10:00:00,60,30,104.8,7,45,40
2025-10-19 11:00:00,63,28,105.2,9,47,37
2025-10-19 12:00:00,68,31,111.5,10,48,41
2025-10-19 13:00:00,59,28,102.2,8,48,38
2025-10-19 14:00:00,63,25,102.3,8,46,42
2025-10-19 15:00:00,60,28,103.7,10,45,36
2025-10-19 16:00:00,57,24,101.9,8,45,38
2025-10-19 17:00:00,58,31,105.2,8,44,42
2025-10-19 18:00:00,59,27,104.0,9,45,39
2025-10-19 19:00:00,54,24,101.6,7,42,38
2025-10-19 20:00:00,53,24,99.7,8,44,34
2025-10-19 21:00:00,48,11,91.1,6,39,33
2025-10-19 22:00:00,48,18,88.9,4,41,34
2025-10-19 23:00:00,44,10,88.0,6,40,31
2025-10-20 00:00:00,40,13,85.3,5,47,28
2025-10-20 01:00:00,46,11,85.2,5,51,30
2025-10-20 02:00:00,46,14,91.5,5,48,36
2025-10-20 03:00:00,44,13,89.6,5,48,34
2025-10-20 04:00:00,49,18,94.1,6,51,37
2025-10-20 05:00:00,51,12,93.9,7,54,36
2025-10-20 06:00:00,50,18,94.5,7,55,40
2025-10-20 07:00:00,55,18,96.5,7,53,38
2025-10-20 08:00:00,58,14,102.7,8,54,39
2025-10-20 09:00:00,61,19,101.8,8,53,38
2025-10-20 10:00:00,55,23,91.1,7,55,36
2025-10-20 11:00:00,58,30,95.5,10,57,39
2025-10-20 12:00:00,60,29,107.7,9,61,39
2025-10-20 13:00:00,61,24,97.3,8,57,38
2025-10-20 14:00:00,66,28,105.7,10,60,41
2025-10-20 15:00:00,65,35,105.8,11,60,41
2025-10-20 16:00:00,58,27,101.2,9,58,38
2025-10-20 17:00:00,58,25,102.2,8,57,40
2025-10-20 18:00:00,58,26,99.8,8,58,40
2025-10-20 19:00:00,53,25,95.5,8,59,37
2025-10-20 20:00:00,53,18,98.2,9,51,33
2025-10-20 21:00:00,49,20,101.6,7,47,36
2025-10-20 22:00:00,45,15,91.1,6,52,37
2025-10-20 23:00:00,46,17,88.1,5,51,30
2025-10-21 00:00:00,48,14,93.4,5,50,32
2025-10-21 01:00:00,47,14,95.7,7,53,34
2025-10-21 02:00:00,45,9,90.6,6,50,32
2025-10-21 03:00:00,47,9,84.4,6,49,32
2025-10-21 04:00:00,50,16,94.6,7,54,36
2025-10-21 05:00:00,48,14,89.9,7,53,34
2025-10-21 06:00:00,50,17,93.6,7,54,34
2025-10-21 07:00:00,51,17,93.2,7,50,34
2025-10-21 08:00:00,54,23,100.5,8,53,37
2025-10-21 09:00:00,50,20,93.2,7,53,37
2025-10-21 10:00:00,60,24,106.8,9,58,39
2025-10-21 11:00:00,61,28,104.7,8,61,40
2025-10-21 12:00:00,59,31,103.4,8,57,39
2025-10-21 13:00:00,65,26,107.8,9,59,40
2025-10-21 14:00:00,62,35,108.8,9,62,43
2025-10-21 15:00:00,62,29,106.9,9,58,39
2025-10-21 16:00:00,62,23,103.2,8,58,40
2025-10-21 17:00:00,60,27,107.7,8,58,42
2025-10-21 18:00:00,61,23,105.3,9,59,41
2025-10-21 19:00:00,55,24,99.2,9,56,38
2025-10-21 20:00:00,58,20,102.0,8,53,39
2025-10-21 21:00:00,50,18,92.8,6,54,35
2025-10-21 22:00:00,52,13,94.9,7,56,36
2025-10-21 23:00:00,43,18,91.7,4,47,33
2025-10-22 00:00:00,43,9,86.6,5,49,31
2025-10-22 01:00:00,45,8,84.9,4,50,32
2025-10-22 02:00:00,45,13,85.1,5,47,32
2025-10-22 03:00:00,47,18,92.7,7,50,35
2025-10-22 04:00:00,46,12,87.0,6,49,34
2025-10-22 05:00:00,45,17,93.6,7,51,32
2025-10-22 06:00:00,48,20,88.4,7,49,34
2025-10-22 07:00:00,53,21,100.6,6,53,38
2025-10-22 08:00:00,52,19,95.3,8,54,36
2025-10-22 09:00:00,58,18,96.5,8,57,38
2025-10-22 10:00:00,55,16,95.1,8,54,34
2025-10-22 11:00:00,61,25,102.7,9,56,39
2025-10-22 12:00:00,63,31,108.3,10,59,41
2025-10-22 13:00:00,59,24,98.0,7,57,34
2025-10-22 14:00:00,58,30,100.2,9,60,41
2025-10-22 15:00:00,64,24,103.9,9,60,38
2025-10-22 16:00:00,58,27,102.4,9,61,39
2025-10-22 17:00:00,59,28,105.4,10,59,35
2025-10-22 18:00:00,57,22,100.3,9,58,40
2025-10-22 19:00:00,56,23,98.0,8,54,36
2025-10-22 20:00:00,56,19,98.3,7,56,36
2025-10-22 21:00:00,52,20,96.5,7,54,34
2025-10-22 22:00:00,49,17,92.2,5,57,33
2025-10-22 23:00:00,50,15,93.2,7,51,35
2025-10-23 00:00:00,49,19,87.2,6,56,36
2025-10-23 01:00:00,44,15,91.8,6,53,36
2025-10-23 02:00:00,42,10,87.2,5,47,34
2025-10-23 03:00:00,43,12,92.0,6,50,31
2025-10-23 04:00:00,46,13,87.1,7,47,33
2025-10-23 05:00:00,45,15,90.9,6,54,33
2025-10-23 06:00:00,52,25,91.9,7,50,32
2025-10-23 07:00:00,52,19,89.9,6,50,33
2025-10-23 08:00:00,45,13,88.2,6,50,33
2025-10-23 09:00:00,52,20,93.9,8,52,34
2025-10-23 10:00:00,49,17,95.8,6,50,36
2025-10-23 11:00:00,58,25,105.0,8,56,37
2025-10-23 12:00:00,61,20,105.8,9,59,45
2025-10-23 13:00:00,56,25,101.8,9,58,39
2025-10-23 14:00:00,57,23,101.9,8,57,37
2025-10-23 15:00:00,62,29,101.3,9,60,38
2025-10-23 16:00:00,58,27,106.4,8,57,37
2025-10-23 17:00:00,57,27,105.2,8,59,36
2025-10-23 18:00:00,59,24,97.5,9,57,37
2025-10-23 19:00:00,53,17,97.0,7,52,37
2025-10-23 20:00:00,50,22,93.7,7,53,32
2025-10-23 21:00:00,48,25,100.5,6,53,35
2025-10-23 22:00:00,55,17,94.2,9,56,36
2025-10-23 23:00:00,50,13,92.4,7,53,32
2025-10-24 00:00:00,44,8,86.9,5,46,34
2025-10-24 01:00:00,45,9,87.3,5,51,33
2025-10-24 02:00:00,45,14,95.2,7,49,34
2025-10-24 03:00:00,48,16,96.9,9,52,36
2025-10-24 04:00:00,45,14,84.0,4,47,30
2025-10-24 05:00:00,47,17,93.1,6,52,33
2025-10-24 06:00:00,51,18,94.8,7,55,38
2025-10-24 07:00:00,56,20,100.5,8,54,41
2025-10-24 08:00:00,55,18,97.5,8,55,36
2025-10-24 09:00:00,59,23,98.8,8,57,38
2025-10-24 10:00:00,56,21,95.7,6,54,35
2025-10-24 11:00:00,58,26,100.4,9,59,40
2025-10-24 12:00:00,56,28,101.0,8,56,42
2025-10-24 13:00:00,63,34,108.5,8,59,40
2025-10-24 14:00:00,62,23,101.5,8,59,36
2025-10-24 15:00:00,61,29,110.2,8,59,43
2025-10-24 16:00:00,60,32,107.0,9,60,42
2025-10-24 17:00:00,63,28,108.7,8,60,44
2025-10-24 18:00:00,60,27,103.1,8,59,39
2025-10-24 19:00:00,60,24,99.1,10,57,34
2025-10-24 20:00:00,52,25,100.4,8,53,35
2025-10-24 21:00:00,49,14,88.6,6,50,37
2025-10-24 22:00:00,51,11,86.1,7,51,33
2025-10-24 23:00:00,48,14,92.7,6,50,33
2025-10-25 00:00:00,43,6,82.6,4,43,27
2025-10-25 01:00:00,46,17,89.4,5,41,34
2025-10-25 02:00:00,47,16,93.0,6,40,35
2025-10-25 03:00:00,48,11,87.0,6,42,30
2025-10-25 04:00:00,46,12,84.0,6,43,30
2025-10-25 05:00:00,50,14,95.9,5,41,34
2025-10-25 06:00:00,51,16,93.4,9,41,36
2025-10-25 07:00:00,49,18,97.3,9,39,39
2025-10-25 08:00:00,52,22,98.3,8,43,36
2025-10-25 09:00:00,54,21,99.9,7,45,41
2025-10-25 10:00:00,55,27,101.0,7,44,38
2025-10-25 11:00:00,59,27,103.1,9,44,37
2025-10-25 12:00:00,64,25,108.6,9,45,44
2025-10-25 13:00:00,63,32,109.6,10,48,42
2025-10-25 14:00:00,59,23,99.5,9,44,40
2025-10-25 15:00:00,66,27,109.1,9,52,42
2025-10-25 16:00:00,59,30,102.3,8,46,44
2025-10-25 17:00:00,56,23,98.8,9,43,38
2025-10-25 18:00:00,61,25,105.2,9,48,41
2025-10-25 19:00:00,58,24,99.1,7,48,36
2025-10-25 20:00:00,52,17,95.5,7,46,38
2025-10-25 21:00:00,53,18,97.1,7,42,36
2025-10-25 22:00:00,50,15,91.9,7,40,36
2025-10-25 23:00:00,44,12,90.3,6,37,36
2025-10-26 00:00:00,43,21,88.8,7,41,33
2025-10-26 01:00:00,43,10,89.4,6,39,34
2025-10-26 02:00:00,49,16,92.7,6,40,37
2025-10-26 03:00:00,44,11,88.1,5,41,31
2025-10-26 04:00:00,47,9,85.8,6,39,32
2025-10-26 05:00:00,48,15,90.9,6,43,31
2025-10-26 06:00:00,46,18,91.8,6,39,34
2025-10-26 07:00:00,51,21,98.9,6,42,39
2025-10-26 08:00:00,56,25,99.4,9,47,34
2025-10-26 09:00:00,57,32,106.2,10,46,38
2025-10-26 10:00:00,57,25,98.5,8,43,35
2025-10-26 11:00:00,60,23,103.0,9,48,41
2025-10-26 12:00:00,61,29,103.3,9,49,40
2025-10-26 13:00:00,64,27,110.6,8,50,44
2025-10-26 14:00:00,64,31,111.4,9,45,44
2025-10-26 15:00:00,58,23,101.6,8,46,37
2025-10-26 16:00:00,62,35,105.9,10,47,40
2025-10-26 17:00:00,60,29,99.7,10,46,37
2025-10-26 18:00:00,59,18,101.1,7,46,41
2025-10-26 19:00:00,54,20,97.5,8,41,38
2025-10-26 20:00:00,50,23,98.1,8,43,38
2025-10-26 21:00:00,54,22,93.2,8,46,37
2025-10-26 22:00:00,46,12,89.6,7,40,32
2025-10-26 23:00:00,45,17,91.6,5,42,32
2025-10-27 00:00:00,45,6,83.5,4,49,32
2025-10-27 01:00:00,48,12,90.7,7,49,37
2025-10-27 02:00:00,45,16,87.6,6,54,33
2025-10-27 03:00:00,46,10,86.3,5,50,30
2025-10-27 04:00:00,47,8,86.5,7,47,33
2025-10-27 05:00:00,50,15,91.8,6,49,33
2025-10-27 06:00:00,47,14,94.2,7,50,31
2025-10-27 07:00:00,49,20,93.1,6,54,38
2025-10-27 08:00:00,50,17,91.1,6,52,33
2025-10-27 09:00:00,57,19,101.2,8,52,41
2025-10-27 10:00:00,57,17,101.3,8,56,41
2025-10-27 11:00:00,57,26,103.8,8,59,40
2025-10-27 12:00:00,66,26,111.2,11,60,40
2025-10-27 13:00:00,58,24,101.3,8,59,41
2025-10-27 14:00:00,65,29,107.4,9,58,39
2025-10-27 15:00:00,66,31,107.0,11,63,41
2025-10-27 16:00:00,61,26,107.9,9,59,40
2025-10-27 17:00:00,58,27,101.6,8,58,38
2025-10-27 18:00:00,56,25,99.3,8,57,38
2025-10-27 19:00:00,54,18,95.1,7,53,32
2025-10-27 20:00:00,58,27,104.3,8,58,38
2025-10-27 21:00:00,48,16,92.2,7,51,32
2025-10-27 22:00:00,46,18,91.6,5,51,35
2025-10-27 23:00:00,49,17,92.1,6,53,36
2025-10-28 00:00:00,48,13,89.9,6,50,33
2025-10-28 01:00:00,51,14,92.8,6,52,36
2025-10-28 02:00:00,42,13,91.2,5,46,33
2025-10-28 03:00:00,44,7,80.7,5,49,30
2025-10-28 04:00:00,49,12,92.4,6,52,35
2025-10-28 05:00:00,47,12,93.4,5,51,35
2025-10-28 06:00:00,49,14,86.1,5,52,30
2025-10-28 07:00:00,52,13,93.4,7,50,37
2025-10-28 08:00:00,53,24,100.9,8,55,35
2025-10-28 09:00:00,59,28,101.1,9,55,36
2025-10-28 10:00:00,56,27,101.5,8,55,36
2025-10-28 11:00:00,57,30,99.7,7,55,38
2025-10-28 12:00:00,60,26,102.9,8,55,42
2025-10-28 13:00:00,55,26,103.2,7,56,41
2025-10-28 14:00:00,61,25,108.8,9,55,39
2025-10-28 15:00:00,58,30,103.9,7,55,39
2025-10-28 16:00:00,62,28,100.9,7,62,36
2025-10-28 17:00:00,60,25,101.8,10,61,37
2025-10-28 18:00:00,59,29,97.8,9,60,41
2025-10-28 19:00:00,57,23,99.5,7,56,37
2025-10-28 20:00:00,53,17,98.5,7,56,39
2025-10-28 21:00:00,50,16,88.9,6,53,35
2025-10-28 22:00:00,55,18,96.4,8,51,35
2025-10-28 23:00:00,50,18,91.2,6,55,32
2025-10-29 00:00:00,49,15,97.4,5,49,36
2025-10-29 01:00:00,50,19,95.4,7,52,35
2025-10-29 02:00:00,49,18,95.4,8,53,37
2025-10-29 03:00:00,51,14,94.0,7,53,35
2025-10-29 04:00:00,46,10,90.8,6,51,35
2025-10-29 05:00:00,46,10,91.9,6,52,33
2025-10-29 06:00:00,47,15,91.1,6,52,34
2025-10-29 07:00:00,52,21,94.1,7,54,33
2025-10-29 08:00:00,54,26,96.2,8,58,33
2025-10-29 09:00:00,58,24,106.1,9,56,38
2025-10-29 10:00:00,57,28,104.1,9,56,40
2025-10-29 11:00:00,59,25,95.6,8,58,39
2025-10-29 12:00:00,63,29,105.2,9,63,40
2025-10-29 13:00:00,63,31,107.7,9,58,42
2025-10-29 14:00:00,58,21,104.9,8,53,39
2025-10-29 15:00:00,63,26,101.8,9,59,38
2025-10-29 16:00:00,61,30,106.8,9,62,43
2025-10-29 17:00:00,53,27,97.3,7,56,39
2025-10-29 18:00:00,54,20,93.5,7,53,38
2025-10-29 19:00:00,57,14,100.7,7,55,40
2025-10-29 20:00:00,57,19,95.7,8,53,36
2025-10-29 21:00:00,53,18,98.4,7,50,36
2025-10-29 22:00:00,51,13,87.6,8,51,30
2025-10-29 23:00:00,46,15,88.6,6,48,37
2025-10-30 00:00:00,46,15,92.0,7,50,31
2025-10-30 01:00:00,49,15,94.4,8,49,35
2025-10-30 02:00:00,44,4,86.3,5,52,29
2025-10-30 03:00:00,45,8,89.6,5,51,35
2025-10-30 04:00:00,46,12,88.0,5,49,34
2025-10-30 05:00:00,51,16,98.2,6,53,39
2025-10-30 06:00:00,53,18,96.6,8,56,37
2025-10-30 07:00:00,54,20,98.9,7,55,38
2025-10-30 08:00:00,53,19,97.3,7,53,37
2025-10-30 09:00:00,55,21,99.2,7,56,40
2025-10-30 10:00:00,59,21,97.7,8,56,38
2025-10-30 11:00:00,57,28,99.4,8,57,40
2025-10-30 12:00:00,58,24,99.1,8,60,42
2025-10-30 13:00:00,59,31,105.5,9,59,38
2025-10-30 14:00:00,65,29,105.6,7,60,39
2025-10-30 15:00:00,60,28,102.6,9,56,41
2025-10-30 16:00:00,61,25,103.1,8,59,40
2025-10-30 17:00:00,58,21,104.1,8,58,40
2025-10-30 18:00:00,64,22,106.2,9,61,42
2025-10-30 19:00:00,57,21,94.7,8,61,36
2025-10-30 20:00:00,47,12,89.9,7,48,30
2025-10-30 21:00:00,54,17,95.4,9,50,36
2025-10-30 22:00:00,49,19,93.2,5,54,33
2025-10-30 23:00:00,48,16,91.8,6,49,35
2025-10-31 00:00:00,44,11,91.1,4,47,35
2025-10-31 01:00:00,46,12,86.9,6,51,33
2025-10-31 02:00:00,45,10,88.6,6,50,33
2025-10-31 03:00:00,44,13,89.1,5,48,37
2025-10-31 04:00:00,47,18,91.2,7,50,38
2025-10-31 05:00:00,49,18,91.1,6,52,30
2025-10-31 06:00:00,44,18,87.7,7,49,32
2025-10-31 07:00:00,47,16,90.2,6,51,37
2025-10-31 08:00:00,59,23,103.2,8,55,41
2025-10-31 09:00:00,55,16,95.3,7,52,35
2025-10-31 10:00:00,56,23,99.3,9,53,40
2025-10-31 11:00:00,56,28,97.5,7,57,35
2025-10-31 12:00:00,61,30,103.8,9,57,38
2025-10-31 13:00:00,65,30,108.3,9,62,41
2025-10-31 14:00:00,69,29,104.8,9,57,41
2025-10-31 15:00:00,66,27,110.6,10,57,43
2025-10-31 16:00:00,59,29,101.7,8,57,39
2025-10-31 17:00:00,57,22,105.3,8,55,40
2025-10-31 18:00:00,53,21,98.2,8,52,36
2025-10-31 19:00:00,54,22,92.2,7,54,34
2025-10-31 20:00:00,53,21,97.6,7,54,37
2025-10-31 21:00:00,49,12,89.8,6,53,34
2025-10-31 22:00:00,55,18,97.8,7,55,35
2025-10-31 23:00:00,45,17,95.2,6,53,32
2025-11-01 00:00:00,46,13,91.7,5,43,34
2025-11-01 01:00:00,43,21,89.4,6,39,33
2025-11-01 02:00:00,46,10,83.8,6,41,31
2025-11-01 03:00:00,42,11,88.7,4,40,32
2025-11-01 04:00:00,49,12,92.4,6,41,35
2025-11-01 05:00:00,47,14,93.9,6,41,35
2025-11-01 06:00:00,46,15,89.4,6,41,33
2025-11-01 07:00:00,45,13,89.6,5,40,37
2025-11-01 08:00:00,51,18,93.5,8,43,31
2025-11-01 09:00:00,56,22,99.4,9,45,35
2025-11-01 10:00:00,60,28,99.3,8,48,37
2025-11-01 11:00:00,60,33,106.9,8,45,42
2025-11-01 12:00:00,64,32,109.0,9,49,40
2025-11-01 13:00:00,58,25,99.9,9,44,35
2025-11-01 14:00:00,54,26,100.8,9,44,37
2025-11-01 15:00:00,62,27,107.5,8,47,40
2025-11-01 16:00:00,66,33,113.5,8,45,39
2025-11-01 17:00:00,63,25,101.4,7,46,40
2025-11-01 18:00:00,53,19,98.3,6,44,36
2025-11-01 19:00:00,54,20,101.1,8,43,39
2025-11-01 20:00:00,56,23,98.4,8,43,38
2025-11-01 21:00:00,51,20,99.2,7,44,32
2025-11-01 22:00:00,50,15,90.4,7,40,34
2025-11-01 23:00:00,47,17,91.4,8,41,34
2025-11-02 00:00:00,42,5,78.6,6,38,28
2025-11-02 01:00:00,44,13,82.1,6,39,31
2025-11-02 02:00:00,49,15,87.2,5,42,32
2025-11-02 03:00:00,45,9,91.7,5,38,32
2025-11-02 04:00:00,49,10,88.0,7,42,33
2025-11-02 05:00:00,47,8,86.1,5,39,31
2025-11-02 06:00:00,55,22,99.6,8,45,38
2025-11-02 07:00:00,53,15,92.5,7,42,34
2025-11-02 08:00:00,56,21,102.1,8,41,38
2025-11-02 09:00:00,56,24,105.5,7,43,36
2025-11-02 10:00:00,67,29,102.0,10,51,37
2025-11-02 11:00:00,60,25,104.1,8,48,40
2025-11-02 12:00:00,55,25,93.5,8,41,38
2025-11-02 13:00:00,62,28,101.4,9,46,39
2025-11-02 14:00:00,61,32,107.2,10,44,44
2025-11-02 15:00:00,64,27,103.2,10,48,41
2025-11-02 16:00:00,62,24,104.1,7,45,39
2025-11-02 17:00:00,57,20,99.5,7,45,41
2025-11-02 18:00:00,54,20,92.3,7,45,33
2025-11-02 19:00:00,57,25,102.8,9,47,39
2025-11-02 20:00:00,52,19,96.1,7,45,36
2025-11-02 21:00:00,53,16,95.0,6,46,31
2025-11-02 22:00:00,50,13,90.4,5,43,33
2025-11-02 23:00:00,55,15,97.2,8,43,40
2025-11-03 00:00:00,45,12,84.7,4,46,31
2025-11-03 01:00:00,45,11,84.9,6,48,31
2025-11-03 02:00:00,46,17,91.9,5,48,35
2025-11-03 03:00:00,47,18,94.7,6,52,31
2025-11-03 04:00:00,47,7,87.0,5,54,34
2025-11-03 05:00:00,47,15,92.6,5,49,34
2025-11-03 06:00:00,54,13,95.1,7,50,34
2025-11-03 07:00:00,53,17,96.5,7,51,38
2025-11-03 08:00:00,53,21,94.6,6,58,36
2025-11-03 09:00:00,54,21,96.9,7,57,39
2025-11-03 10:00:00,61,25,102.9,8,60,40
2025-11-03 11:00:00,60,28,108.4,9,55,41
2025-11-03 12:00:00,61,28,101.2,7,60,39
2025-11-03 13:00:00,59,25,98.3,8,57,37
2025-11-03 14:00:00,61,26,112.7,7,60,40
2025-11-03 15:00:00,59,23,101.9,8,54,40
2025-11-03 16:00:00,63,24,106.2,8,59,40
2025-11-03 17:00:00,63,33,109.4,10,59,43
2025-11-03 18:00:00,57,21,101.5,8,57,37
2025-11-03 19:00:00,54,18,99.1,6,59,35
2025-11-03 20:00:00,54,21,99.9,8,52,38
2025-11-03 21:00:00,51,18,97.9,7,53,37
2025-11-03 22:00:00,47,15,91.3,6,53,34
2025-11-03 23:00:00,44,19,93.8,7,50,34
2025-11-04 00:00:00,45,15,95.2,6,48,37
2025-11-04 01:00:00,45,10,88.4,5,50,29
2025-11-04 02:00:00,43,11,88.1,6,48,31
2025-11-04 03:00:00,47,11,87.6,5,54,33
2025-11-04 04:00:00,47,16,90.5,6,52,34
2025-11-04 05:00:00,52,13,94.6,6,54,35
2025-11-04 06:00:00,46,10,87.3,6,48,31
2025-11-04 07:00:00,52,18,95.1,7,53,30
2025-11-04 08:00:00,51,15,94.5,7,52,37
2025-11-04 09:00:00,59,30,108.3,10,59,41
2025-11-04 10:00:00,59,21,98.3,8,58,39
2025-11-04 11:00:00,61,25,104.6,9,57,36
2025-11-04 12:00:00,56,28,99.3,7,57,35
2025-11-04 13:00:00,63,27,107.3,10,61,40
2025-11-04 14:00:00,59,27,105.3,8,56,37
2025-11-04 15:00:00,61,29,110.0,8,62,41
2025-11-04 16:00:00,64,32,106.6,9,58,42
2025-11-04 17:00:00,57,28,102.7,8,56,37
2025-11-04 18:00:00,62,29,108.0,8,57,43
2025-11-04 19:00:00,54,18,98.4,6,55,35
2025-11-04 20:00:00,59,21,93.5,5,57,37
2025-11-04 21:00:00,52,18,93.1,6,51,33
2025-11-04 22:00:00,54,17,97.9,7,58,39
2025-11-04 23:00:00,52,19,95.0,8,52,36
2025-11-05 00:00:00,45,12,90.8,6,46,34
2025-11-05 01:00:00,42,11,89.2,6,49,31
2025-11-05 02:00:00,46,14,89.2,8,51,32
2025-11-05 03:00:00,42,6,86.5,4,47,33
2025-11-05 04:00:00,50,12,96.3,6,50,37
2025-11-05 05:00:00,47,14,93.5,8,51,33
2025-11-05 06:00:00,48,13,88.2,6,49,36
2025-11-05 07:00:00,49,22,93.9,6,54,35
2025-11-05 08:00:00,54,16,95.6,8,55,37
2025-11-05 09:00:00,53,22,94.0,7,54,36
2025-11-05 10:00:00,59,25,105.4,9,55,37
2025-11-05 11:00:00,62,30,104.1,10,57,43
2025-11-05 12:00:00,59,27,102.4,8,58,42
2025-11-05 13:00:00,65,31,111.2,10,61,41
2025-11-05 14:00:00,62,30,104.5,9,59,44
2025-11-05 15:00:00,58,28,101.5,8,58,39
2025-11-05 16:00:00,64,23,105.4,9,60,40
2025-11-05 17:00:00,56,21,97.2,7,55,36
2025-11-05 18:00:00,59,24,106.5,9,57,40
2025-11-05 19:00:00,56,20,95.9,8,52,40
2025-11-05 20:00:00,55,23,92.3,8,56,37
2025-11-05 21:00:00,53,21,99.3,6,54,37
2025-11-05 22:00:00,47,15,89.8,6,49,32
2025-11-05 23:00:00,51,10,89.2,6,53,33
2025-11-06 00:00:00,49,15,93.4,7,52,34
2025-11-06 01:00:00,46,9,89.1,7,50,31
2025-11-06 02:00:00,41,9,82.8,4,44,31
2025-11-06 03:00:00,42,9,89.1,5,48,36
2025-11-06 04:00:00,48,13,93.2,5,52,37
2025-11-06 05:00:00,44,18,95.9,6,49,31
2025-11-06 06:00:00,50,16,91.9,8,52,35
2025-11-06 07:00:00,48,16,92.2,6,52,30
2025-11-06 08:00:00,50,15,93.3,7,52,37
2025-11-06 09:00:00,53,24,96.7,8,57,36
2025-11-06 10:00:00,58,21,101.1,7,57,42
2025-11-06 11:00:00,62,26,106.1,8,60,41
2025-11-06 12:00:00,61,26,105.2,9,59,38
2025-11-06 13:00:00,64,31,106.0,9,62,37
2025-11-06 14:00:00,62,27,104.3,8,60,40
2025-11-06 15:00:00,63,28,104.0,11,57,40
2025-11-06 16:00:00,62,29,103.3,9,61,38
2025-11-06 17:00:00,55,33,101.9,7,55,38
2025-11-06 18:00:00,61,27,108.6,9,59,39
2025-11-06 19:00:00,58,22,106.2,6,54,40
2025-11-06 20:00:00,53,20,100.2,8,51,36
2025-11-06 21:00:00,46,16,89.2,6,50,32
2025-11-06 22:00:00,49,13,92.6,7,55,32
2025-11-06 23:00:00,48,12,84.4,5,49,35
2025-11-07 00:00:00,45,10,87.2,5,47,31
2025-11-07 01:00:00,47,15,89.3,6,49,35
2025-11-07 02:00:00,47,8,94.1,6,46,34
2025-11-07 03:00:00,53,17,96.1,7,56,37
2025-11-07 04:00:00,48,16,91.6,7,55,34
2025-11-07 05:00:00,49,14,91.4,7,51,33
2025-11-07 06:00:00,47,16,90.6,6,50,33
2025-11-07 07:00:00,50,16,94.5,8,51,33
2025-11-07 08:00:00,54,21,95.1,7,52,39
2025-11-07 09:00:00,60,26,104.5,9,58,39
2025-11-07 10:00:00,59,22,105.2,8,58,41
2025-11-07 11:00:00,63,20,103.2,9,61,41
2025-11-07 12:00:00,58,29,101.8,9,56,39
2025-11-07 13:00:00,59,29,102.9,8,56,40
2025-11-07 14:00:00,63,24,108.3,9,60,39
2025-11-07 15:00:00,64,25,106.1,9,59,37
2025-11-07 16:00:00,60,24,100.5,10,57,34
2025-11-07 17:00:00,48,23,96.4,7,52,34
2025-11-07 18:00:00,56,23,97.0,8,56,38
2025-11-07 19:00:00,56,21,98.3,8,57,42
2025-11-07 20:00:00,51,18,94.9,7,53,39
2025-11-07 21:00:00,51,15,91.2,5,51,37
2025-11-07 22:00:00,54,15,90.1,6,56,32
2025-11-07 23:00:00,52,15,95.1,7,52,38
2025-11-08 00:00:00,48,12,83.9,6,43,32
2025-11-08 01:00:00,47,16,88.2,5,39,30
2025-11-08 02:00:00,45,14,91.2,5,39,37
2025-11-08 03:00:00,46,7,88.5,5,37,32
2025-11-08 04:00:00,47,15,90.3,6,42,37
2025-11-08 05:00:00,49,16,89.6,7,42,35
2025-11-08 06:00:00,45,14,88.1,7,41,32
2025-11-08 07:00:00,48,13,92.5,4,40,32
2025-11-08 08:00:00,55,20,97.7,7,45,37
2025-11-08 09:00:00,53,22,93.4,7,44,38
2025-11-08 10:00:00,57,20,96.6,7,44,37
2025-11-08 11:00:00,59,21,99.3,9,48,40
2025-11-08 12:00:00,62,27,105.6,9,47,40
2025-11-08 13:00:00,63,27,105.5,9,47,39
2025-11-08 14:00:00,63,27,101.5,8,49,38
2025-11-08 15:00:00,60,27,107.6,8,45,41
2025-11-08 16:00:00,56,23,97.2,7,44,36
2025-11-08 17:00:00,57,24,101.7,8,44,37
2025-11-08 18:00:00,60,26,100.3,8,44,35
2025-11-08 19:00:00,52,21,103.8,8,44,39
2025-11-08 20:00:00,49,14,96.0,9,37,35
2025-11-08 21:00:00,48,16,89.8,7,39,31
2025-11-08 22:00:00,44,12,88.0,4,41,32
2025-11-08 23:00:00,45,15,86.6,6,38,32
2025-11-09 00:00:00,49,14,90.9,5,40,35
2025-11-09 01:00:00,42,6,86.0,5,39,33
2025-11-09 02:00:00,42,15,89.8,5,40,33
2025-11-09 03:00:00,43,8,82.3,5,40,29
2025-11-09 04:00:00,49,19,91.3,6,43,35
2025-11-09 05:00:00,43,14,90.8,6,38,32
2025-11-09 06:00:00,51,12,96.0,5,42,35
2025-11-09 07:00:00,47,14,87.9,6,40,31
2025-11-09 08:00:00,53,21,99.7,7,39,36
2025-11-09 09:00:00,54,21,93.9,8,46,37
2025-11-09 10:00:00,56,24,98.9,7,44,38
2025-11-09 11:00:00,61,31,102.1,9,47,40
2025-11-09 12:00:00,62,24,102.6,10,45,41
2025-11-09 13:00:00,62,28,110.5,8,48,39
2025-11-09 14:00:00,62,33,106.5,9,47,40
2025-11-09 15:00:00,63,29,105.1,9,46,40
2025-11-09 16:00:00,60,21,99.6,8,50,38
2025-11-09 17:00:00,58,27,101.6,7,41,39
2025-11-09 18:00:00,57,20,96.4,8,44,33
2025-11-09 19:00:00,55,27,100.8,9,45,40
2025-11-09 20:00:00,51,17,93.8,8,40,34
2025-11-09 21:00:00,56,28,100.2,9,44,38
2025-11-09 22:00:00,52,21,94.6,9,43,36
2025-11-09 23:00:00,49,12,91.4,5,37,34
2025-11-10 00:00:00,48,13,88.7,7,54,31
2025-11-10 01:00:00,44,15,88.2,6,50,33
2025-11-10 02:00:00,49,15,90.4,6,52,34
2025-11-10 03:00:00,45,14,82.7,5,50,31
2025-11-10 04:00:00,50,17,96.2,7,51,35
2025-11-10 05:00:00,47,14,85.1,7,50,33
2025-11-10 06:00:00,50,15,87.3,6,52,36
2025-11-10 07:00:00,52,17,97.3,7,52,40
2025-11-10 08:00:00,56,23,96.4,10,55,38
2025-11-10 09:00:00,52,23,90.7,7,55,36
2025-11-10 10:00:00,54,25,102.9,7,52,35
2025-11-10 11:00:00,62,28,103.3,10,60,40
2025-11-10 12:00:00,60,20,104.3,7,61,40
2025-11-10 13:00:00,60,29,101.3,9,62,34
2025-11-10 14:00:00,63,29,101.1,7,60,42
2025-11-10 15:00:00,60,34,104.6,8,56,39
2025-11-10 16:00:00,67,22,102.7,8,63,38
2025-11-10 17:00:00,64,31,108.9,9,60,39
2025-11-10 18:00:00,59,24,104.1,7,60,40
2025-11-10 19:00:00,56,24,102.8,8,54,39
2025-11-10 20:00:00,54,26,98.0,9,54,39
2025-11-10 21:00:00,49,20,97.8,8,53,34
2025-11-10 22:00:00,50,17,90.5,6,51,34
2025-11-10 23:00:00,46,15,90.5,7,54,33
2025-11-11 00:00:00,44,11,87.2,7,50,31
2025-11-11 01:00:00,42,12,92.5,6,52,32
2025-11-11 02:00:00,45,9,91.4,6,47,38
2025-11-11 03:00:00,45,12,88.4,6,48,34
2025-11-11 04:00:00,46,5,86.9,6,54,33
2025-11-11 05:00:00,49,16,97.2,6,49,37
2025-11-11 06:00:00,50,16,90.7,5,55,36
2025-11-11 07:00:00,58,17,92.3,7,56,34
2025-11-11 08:00:00,56,21,95.7,7,54,34
2025-11-11 09:00:00,51,17,93.0,7,55,34
2025-11-11 10:00:00,61,31,109.3,10,62,43
2025-11-11 11:00:00,59,25,105.4,9,57,44
2025-11-11 12:00:00,57,26,101.3,8,57,38
2025-11-11 13:00:00,57,24,102.0,7,57,36
2025-11-11 14:00:00,63,28,103.7,9,59,40
2025-11-11 15:00:00,65,33,114.7,9,57,43
2025-11-11 16:00:00,59,31,107.8,9,56,43
2025-11-11 17:00:00,63,29,105.9,9,62,40
2025-11-11 18:00:00,59,26,102.2,9,56,40
2025-11-11 19:00:00,58,21,102.3,7,54,38
2025-11-11 20:00:00,55,15,95.7,9,53,37
2025-11-11 21:00:00,51,17,88.6,6,52,31
2025-11-11 22:00:00,53,15,99.6,7,51,37
2025-11-11 23:00:00,46,18,94.7,5,51,33
2025-11-12 00:00:00,53,14,95.4,8,53,36
2025-11-12 01:00:00,45,18,89.3,6,49,33
2025-11-12 02:00:00,46,16,90.9,6,51,31
2025-11-12 03:00:00,44,11,79.3,5,55,31
2025-11-12 04:00:00,44,7,82.5,6,48,32
2025-11-12 05:00:00,56,19,103.7,8,53,41
2025-11-12 06:00:00,50,21,96.1,6,55,35
2025-11-12 07:00:00,52,13,87.7,7,55,32
2025-11-12 08:00:00,54,25,96.8,7,58,35
2025-11-12 09:00:00,58,23,95.4,7,57,37
2025-11-12 10:00:00,57,25,98.0,7,55,38
2025-11-12 11:00:00,62,31,105.5,9,59,39
2025-11-12 12:00:00,64,32,112.2,9,59,42
2025-11-12 13:00:00,60,30,107.1,9,61,41
2025-11-12 14:00:00,69,30,109.5,9,64,42
2025-11-12 15:00:00,64,30,106.2,10,57,40
2025-11-12 16:00:00,60,26,100.4,9,57,41
2025-11-12 17:00:00,58,25,104.6,9,58,37
2025-11-12 18:00:00,57,21,103.0,8,53,38
2025-11-12 19:00:00,52,21,92.3,5,54,38
2025-11-12 20:00:00,58,19,93.9,7,52,36
2025-11-12 21:00:00,52,16,93.3,6,52,33
2025-11-12 22:00:00,49,16,92.3,5,52,35
2025-11-12 23:00:00,50,13,92.9,7,50,35
2025-11-13 00:00:00,45,15,84.5,7,50,33
2025-11-13 01:00:00,41,7,81.9,5,48,32
2025-11-13 02:00:00,45,12,88.0,6,48,31
2025-11-13 03:00:00,46,13,87.1,6,52,33
2025-11-13 04:00:00,47,12,92.6,7,53,36
2025-11-13 05:00:00,44,14,94.0,6,49,33
2025-11-13 06:00:00,47,10,87.5,5,47,33
2025-11-13 07:00:00,44,19,93.0,7,49,31
2025-11-13 08:00:00,51,22,95.1,7,54,36
2025-11-13 09:00:00,58,24,98.2,8,54,38
2025-11-13 10:00:00,61,28,102.3,9,58,38
2025-11-13 11:00:00,57,26,103.4,11,55,40
2025-11-13 12:00:00,60,29,102.3,10,58,41
2025-11-13 13:00:00,62,28,103.7,9,58,37
2025-11-13 14:00:00,65,30,104.6,9,60,42
2025-11-13 15:00:00,64,22,106.2,7,60,40
2025-11-13 16:00:00,60,24,103.9,9,57,38
2025-11-13 17:00:00,60,31,109.5,10,62,44
2025-11-13 18:00:00,52,15,95.8,6,56,36
2025-11-13 19:00:00,56,22,100.1,8,56,36
2025-11-13 20:00:00,60,24,104.1,8,58,38
2025-11-13 21:00:00,55,18,95.9,8,53,36
2025-11-13 22:00:00,50,15,92.6,8,53,35
2025-11-13 23:00:00,49,15,94.6,5,53,37
2025-11-14 00:00:00,44,12,85.5,6,51,33
2025-11-14 01:00:00,45,12,93.5,6,52,32
2025-11-14 02:00:00,45,10,89.6,5,50,32
2025-11-14 03:00:00,47,16,97.3,7,52,40
2025-11-14 04:00:00,50,18,90.5,7,55,38
2025-11-14 05:00:00,50,14,88.9,6,52,34
2025-11-14 06:00:00,49,11,92.1,6,50,36
2025-11-14 07:00:00,48,16,92.5,6,53,35
2025-11-14 08:00:00,51,19,93.6,7,54,38
2025-11-14 09:00:00,54,24,94.6,7,54,37
2025-11-14 10:00:00,57,20,98.6,9,55,38
2025-11-14 11:00:00,54,23,98.5,8,55,40
2025-11-14 12:00:00,61,29,100.9,8,61,39
2025-11-14 13:00:00,66,31,107.5,10,60,40
2025-11-14 14:00:00,63,26,106.1,10,56,42
2025-11-14 15:00:00,59,23,104.0,7,54,41
2025-11-14 16:00:00,62,38,108.0,11,58,40
2025-11-14 17:00:00,62,28,103.0,9,56,42
2025-11-14 18:00:00,58,23,101.3,8,55,39
2025-11-14 19:00:00,56,25,99.5,7,55,37
2025-11-14 20:00:00,52,20,91.3,7,55,35
2025-11-14 21:00:00,53,21,95.1,6,56,38
2025-11-14 22:00:00,49,17,90.8,5,54,34
2025-11-14 23:00:00,50,15,92.6,6,51,34
2025-11-15 00:00:00,49,13,89.4,6,40,32
2025-11-15 01:00:00,41,7,82.4,5,42,26
2025-11-15 02:00:00,44,19,89.8,6,38,32
2025-11-15 03:00:00,48,9,91.3,5,42,33
2025-11-15 04:00:00,46,8,87.8,5,38,36
2025-11-15 05:00:00,45,14,96.8,6,41,32
2025-11-15 06:00:00,51,13,88.8,7,44,33
2025-11-15 07:00:00,52,18,97.9,8,43,34
2025-11-15 08:00:00,60,22,101.5,7,47,37
2025-11-15 09:00:00,56,26,96.2,8,50,42
2025-11-15 10:00:00,61,27,103.1,9,44,35
2025-11-15 11:00:00,56,25,95.1,7,46,35
2025-11-15 12:00:00,64,27,106.5,10,49,37
2025-11-15 13:00:00,64,29,106.1,9,46,41
2025-11-15 14:00:00,64,22,102.3,9,48,41
2025-11-15 15:00:00,65,30,104.4,10,48,37
2025-11-15 16:00:00,59,22,104.1,7,46,41
2025-11-15 17:00:00,58,33,104.0,9,47,42
2025-11-15 18:00:00,56,23,99.8,9,46,40
2025-11-15 19:00:00,51,21,96.3,7,41,37
2025-11-15 20:00:00,51,17,94.2,7,46,32
2025-11-15 21:00:00,52,16,93.3,6,43,38
2025-11-15 22:00:00,52,24,101.5,8,46,37
2025-11-15 23:00:00,48,18,99.2,6,42,35
2025-11-16 00:00:00,43,8,89.9,6,41,35
2025-11-16 01:00:00,43,18,88.9,5,40,32
2025-11-16 02:00:00,47,16,91.1,6,43,32
2025-11-16 03:00:00,46,11,92.3,6,39,33
2025-11-16 04:00:00,44,14,86.5,4,41,32
2025-11-16 05:00:00,46,14,95.3,6,39,38
2025-11-16 06:00:00,55,23,101.3,9,44,38
2025-11-16 07:00:00,54,15,94.3,6,41,38
2025-11-16 08:00:00,50,21,95.5,6,41,35
2025-11-16 09:00:00,55,21,99.9,9,43,36
2025-11-16 10:00:00,60,19,99.3,8,46,40
2025-11-16 11:00:00,61,33,109.4,9,48,41
2025-11-16 12:00:00,59,23,105.1,8,45,39
2025-11-16 13:00:00,65,28,106.1,9,49,42
2025-11-16 14:00:00,63,22,101.9,10,47,37
2025-11-16 15:00:00,64,26,105.2,10,47,41
2025-11-16 16:00:00,60,28,100.8,10,46,38
2025-11-16 17:00:00,60,23,97.1,8,45,38
2025-11-16 18:00:00,62,26,103.1,8,50,41
2025-11-16 19:00:00,55,21,95.5,8,43,40
2025-11-16 20:00:00,54,24,103.7,9,46,35
2025-11-16 21:00:00,56,23,97.9,9,43,36
2025-11-16 22:00:00,54,14,96.4,6,42,36
2025-11-16 23:00:00,53,15,92.8,7,43,35
2025-11-17 00:00:00,46,14,94.9,5,52,34
2025-11-17 01:00:00,46,14,89.1,5,51,29
2025-11-17 02:00:00,43,12,83.3,6,50,30
2025-11-17 03:00:00,46,13,91.5,7,52,35
2025-11-17 04:00:00,44,12,88.4,6,50,34
2025-11-17 05:00:00,47,15,94.0,5,50,35
2025-11-17 06:00:00,53,21,95.9,8,53,37
2025-11-17 07:00:00,53,20,96.9,7,54,36
2025-11-17 08:00:00,50,22,90.7,7,55,35
2025-11-17 09:00:00,60,25,105.4,8,59,37
2025-11-17 10:00:00,55,23,99.1,7,55,38
2025-11-17 11:00:00,57,27,101.3,9,57,37
2025-11-17 12:00:00,57,23,99.2,8,54,36
2025-11-17 13:00:00,61,32,105.2,10,58,40
2025-11-17 14:00:00,57,18,100.9,9,54,38
2025-11-17 15:00:00,59,27,100.4,8,59,37
2025-11-17 16:00:00,56,31,104.3,7,57,41
2025-11-17 17:00:00,58,21,95.5,7,59,37
2025-11-17 18:00:00,59,25,96.3,10,62,36
2025-11-17 19:00:00,61,20,105.6,9,59,39
2025-11-17 20:00:00,54,19,93.9,8,53,36
2025-11-17 21:00:00,51,21,96.0,7,53,35
2025-11-17 22:00:00,47,17,90.4,8,48,32
2025-11-17 23:00:00,46,7,88.2,5,53,33
2025-11-18 00:00:00,47,10,89.0,6,55,33
2025-11-18 01:00:00,45,16,93.2,7,49,34
2025-11-18 02:00:00,46,14,85.4,7,50,35
2025-11-18 03:00:00,52,19,97.4,7,52,36
2025-11-18 04:00:00,47,19,92.2,8,50,32
2025-11-18 05:00:00,43,13,82.9,6,46,32
2025-11-18 06:00:00,54,25,97.4,7,57,34
2025-11-18 07:00:00,52,18,90.6,7,51,37
2025-11-18 08:00:00,48,17,87.4,6,52,32
2025-11-18 09:00:00,56,20,97.3,5,54,35
2025-11-18 10:00:00,53,16,98.8,8,50,36
2025-11-18 11:00:00,62,31,107.4,9,58,41
2025-11-18 12:00:00,67,33,114.0,10,59,39
2025-11-18 13:00:00,60,24,102.9,9,57,39
2025-11-18 14:00:00,64,27,111.1,9,61,43
2025-11-18 15:00:00,59,28,107.4,9,59,43
2025-11-18 16:00:00,56,24,96.9,9,56,34
2025-11-18 17:00:00,63,20,102.9,8,59,35
2025-11-18 18:00:00,58,23,99.0,9,55,37
2025-11-18 19:00:00,57,21,99.1,8,55,38
2025-11-18 20:00:00,56,19,103.1,7,54,37
2025-11-18 21:00:00,50,19,92.5,6,50,35
2025-11-18 22:00:00,53,21,93.3,6,53,36
2025-11-18 23:00:00,49,13,88.4,7,49,35
2025-11-19 00:00:00,44,14,87.1,6,49,34
2025-11-19 01:00:00,50,15,104.3,5,53,36
2025-11-19 02:00:00,49,15,96.6,6,51,34
2025-11-19 03:00:00,42,11,77.4,5,46,26
2025-11-19 04:00:00,47,14,90.5,6,51,36
2025-11-19 05:00:00,48,17,90.1,5,51,32
2025-11-19 06:00:00,52,13,96.2,7,51,35
2025-11-19 07:00:00,49,23,91.6,8,56,33
2025-11-19 08:00:00,64,26,102.6,9,61,41
2025-11-19 09:00:00,55,20,95.9,8,55,34
2025-11-19 10:00:00,60,25,100.7,10,56,41
2025-11-19 11:00:00,64,28,108.3,9,59,38
2025-11-19 12:00:00,60,26,101.9,8,56,35
2025-11-19 13:00:00,62,30,108.7,9,58,40
2025-11-19 14:00:00,61,29,102.4,8,58,43
2025-11-19 15:00:00,58,23,103.5,7,52,35
2025-11-19 16:00:00,62,29,102.0,7,62,40
2025-11-19 17:00:00,58,22,102.5,10,57,39
2025-11-19 18:00:00,58,28,100.6,9,55,38
2025-11-19 19:00:00,54,20,100.0,7,57,41
2025-11-19 20:00:00,55,20,90.5,8,56,33
2025-11-19 21:00:00,51,23,93.9,7,55,36
2025-11-19 22:00:00,50,18,97.1,7,52,36
2025-11-19 23:00:00,49,11,90.2,6,52,33
2025-11-20 00:00:00,46,11,83.8,5,47,30
2025-11-20 01:00:00,43,11,84.6,5,49,32
2025-11-20 02:00:00,46,14,91.1,7,50,33
2025-11-20 03:00:00,47,15,88.5,6,53,32
2025-11-20 04:00:00,48,11,93.9,7,50,33
2025-11-20 05:00:00,45,11,91.5,5,48,33
2025-11-20 06:00:00,49,18,95.0,6,54,36
2025-11-20 07:00:00,50,18,96.9,7,55,35
2025-11-20 08:00:00,54,29,98.8,9,57,38
2025-11-20 09:00:00,57,23,104.7,7,57,41
2025-11-20 10:00:00,61,31,109.1,9,60,42
2025-11-20 11:00:00,61,23,102.3,9,57,41
2025-11-20 12:00:00,59,23,96.5,9,55,39
2025-11-20 13:00:00,57,25,93.8,8,57,38
2025-11-20 14:00:00,65,33,111.8,8,57,42
2025-11-20 15:00:00,64,35,104.0,9,63,35
2025-11-20 16:00:00,60,25,100.4,8,58,36
2025-11-20 17:00:00,56,25,101.7,8,56,38
2025-11-20 18:00:00,56,21,95.1,9,54,37
2025-11-20 19:00:00,51,17,101.5,7,55,40
2025-11-20 20:00:00,56,24,100.3,8,57,36
2025-11-20 21:00:00,51,20,99.5,7,54,38
2025-11-20 22:00:00,48,17,95.6,7,53,36
2025-11-20 23:00:00,43,11,78.9,5,49,30
2025-11-21 00:00:00,51,21,97.6,7,55,38
2025-11-21 01:00:00,45,12,88.5,6,49,35
2025-11-21 02:00:00,47,16,90.5,6,51,32
2025-11-21 03:00:00,43,9,85.9,5,49,31
2025-11-21 04:00:00,43,14,90.8,5,46,37
2025-11-21 05:00:00,47,17,96.6,7,49,32
2025-11-21 06:00:00,49,19,90.1,7,56,37
2025-11-21 07:00:00,53,20,96.6,8,52,35
2025-11-21 08:00:00,54,23,102.3,8,58,39
2025-11-21 09:00:00,53,20,96.0,8,53,38
2025-11-21 10:00:00,55,26,100.4,9,53,41
2025-11-21 11:00:00,60,28,104.5,11,60,39
2025-11-21 12:00:00,59,29,110.3,10,59,45
2025-11-21 13:00:00,65,30,110.1,10,62,39
2025-11-21 14:00:00,61,25,110.0,9,56,39
2025-11-21 15:00:00,62,25,109.3,10,59,41
2025-11-21 16:00:00,58,21,99.6,7,50,35
2025-11-21 17:00:00,61,30,106.3,9,60,39
2025-11-21 18:00:00,57,29,108.1,9,55,39
2025-11-21 19:00:00,54,27,96.1,9,58,37
2025-11-21 20:00:00,54,23,100.6,7,57,38
2025-11-21 21:00:00,51,12,94.9,7,53,35
2025-11-21 22:00:00,44,14,87.8,5,52,34
2025-11-21 23:00:00,47,17,90.3,6,56,33
2025-11-22 00:00:00,52,16,93.6,8,42,39
2025-11-22 01:00:00,47,14,92.7,6,41,35
2025-11-22 02:00:00,50,16,97.6,6,40,39
2025-11-22 03:00:00,45,15,91.5,6,39,34
2025-11-22 04:00:00,46,16,86.8,6,39,33
2025-11-22 05:00:00,50,15,97.3,6,42,30
2025-11-22 06:00:00,53,22,100.5,6,44,36
2025-11-22 07:00:00,51,19,94.3,6,42,36
2025-11-22 08:00:00,50,18,91.6,7,42,33
2025-11-22 09:00:00,59,22,98.0,8,47,38
2025-11-22 10:00:00,64,25,108.9,8,48,38
2025-11-22 11:00:00,57,32,97.5,9,48,36
2025-11-22 12:00:00,65,29,110.7,10,45,39
2025-11-22 13:00:00,61,29,103.5,8,44,39
2025-11-22 14:00:00,60,26,104.3,8,47,41
2025-11-22 15:00:00,64,33,97.6,9,48,41
2025-11-22 16:00:00,58,27,96.7,9,46,40
2025-11-22 17:00:00,60,28,101.6,8,46,40
2025-11-22 18:00:00,56,32,99.6,9,44,38
2025-11-22 19:00:00,58,26,104.2,9,43,36
2025-11-22 20:00:00,58,17,99.6,9,46,42
2025-11-22 21:00:00,49,14,97.5,5,43,38
2025-11-22 22:00:00,50,18,95.2,6,41,36
2025-11-22 23:00:00,47,13,88.0,6,37,33
2025-11-23 00:00:00,50,19,98.0,6,42,39
2025-11-23 01:00:00,48,16,90.0,8,40,31
2025-11-23 02:00:00,49,16,90.6,7,43,33
2025-11-23 03:00:00,45,13,88.5,5,38,28
2025-11-23 04:00:00,50,22,100.3,8,44,35
2025-11-23 05:00:00,43,28,95.8,7,41,39
2025-11-23 06:00:00,52,18,98.1,7,45,37
2025-11-23 07:00:00,50,22,101.0,6,43,36
2025-11-23 08:00:00,54,24,101.2,8,43,38
2025-11-23 09:00:00,58,24,97.7,9,46,39
2025-11-23 10:00:00,54,24,100.2,8,44,38
2025-11-23 11:00:00,62,25,108.9,9,44,43
2025-11-23 12:00:00,60,26,98.7,10,47,35
2025-11-23 13:00:00,66,32,109.5,9,49,44
2025-11-23 14:00:00,60,29,101.1,10,43,42
2025-11-23 15:00:00,55,22,99.1,9,42,34
2025-11-23 16:00:00,62,32,109.8,10,46,43
2025-11-23 17:00:00,62,29,109.2,9,48,43
2025-11-23 18:00:00,62,32,105.7,8,46,41
2025-11-23 19:00:00,54,27,101.5,8,46,38
2025-11-23 20:00:00,49,18,88.6,7,43,31
2025-11-23 21:00:00,49,13,86.5,7,41,32
2025-11-23 22:00:00,51,17,97.3,7,43,37
2025-11-23 23:00:00,49,15,83.3,7,41,37
2025-11-24 00:00:00,52,20,94.2,7,52,33
2025-11-24 01:00:00,46,16,92.6,6,50,37
2025-11-24 02:00:00,43,20,90.6,7,48,34
2025-11-24 03:00:00,48,12,82.1,6,53,27
2025-11-24 04:00:00,49,21,95.7,6,53,37
2025-11-24 05:00:00,50,21,92.5,6,56,34
2025-11-24 06:00:00,51,13,92.8,7,52,37
2025-11-24 07:00:00,57,27,99.6,9,57,37
2025-11-24 08:00:00,55,24,97.1,9,56,39
2025-11-24 09:00:00,60,28,98.4,9,59,35
2025-11-24 10:00:00,59,25,101.3,8,58,39
2025-11-24 11:00:00,60,34,109.8,10,57,42
2025-11-24 12:00:00,60,27,102.2,9,58,37
2025-11-24 13:00:00,65,35,108.3,10,61,41
2025-11-24 14:00:00,62,35,105.4,11,64,39
2025-11-24 15:00:00,64,28,102.7,11,56,41
2025-11-24 16:00:00,64,38,107.1,10,63,40
2025-11-24 17:00:00,62,31,106.5,8,62,40
2025-11-24 18:00:00,63,30,114.0,9,58,45
2025-11-24 19:00:00,56,21,101.8,7,60,39
2025-11-24 20:00:00,57,32,104.9,9,58,40
2025-11-24 21:00:00,51,18,100.5,7,53,35
2025-11-24 22:00:00,51,24,98.0,7,54,36
2025-11-24 23:00:00,49,15,95.1,8,52,36
2025-11-25 00:00:00,51,16,94.2,6,53,39
2025-11-25 01:00:00,46,20,93.5,8,49,30
2025-11-25 02:00:00,46,21,88.0,7,52,32
2025-11-25 03:00:00,49,13,90.5,7,48,33
2025-11-25 04:00:00,48,22,91.9,6,51,33
2025-11-25 05:00:00,51,23,94.2,8,53,32
2025-11-25 06:00:00,49,18,90.7,8,52,36
2025-11-25 07:00:00,50,29,102.0,8,54,39
2025-11-25 08:00:00,54,20,96.1,8,55,37
2025-11-25 09:00:00,59,25,101.9,8,55,38
2025-11-25 10:00:00,59,31,111.2,10,58,40
2025-11-25 11:00:00,56,28,103.6,7,55,37
2025-11-25 12:00:00,63,33,107.3,10,60,41
2025-11-25 13:00:00,61,34,109.8,7,63,40
2025-11-25 14:00:00,57,32,101.1,8,57,39
2025-11-25 15:00:00,64,36,107.6,9,64,39
2025-11-25 16:00:00,63,31,105.9,9,60,43
2025-11-25 17:00:00,64,32,108.4,9,59,41
2025-11-25 18:00:00,65,33,110.0,9,61,41
2025-11-25 19:00:00,60,30,101.3,8,54,37
2025-11-25 20:00:00,58,28,103.8,8,58,41
2025-11-25 21:00:00,49,19,95.0,6,55,36
2025-11-25 22:00:00,55,23,97.7,7,53,41
2025-11-25 23:00:00,52,16,93.7,6,55,37
2025-11-26 00:00:00,46,15,86.7,7,49,31
2025-11-26 01:00:00,49,18,88.7,9,52,33
2025-11-26 02:00:00,48,15,87.8,7,49,33
2025-11-26 03:00:00,52,21,98.3,7,54,37
2025-11-26 04:00:00,49,22,95.9,7,58,38
2025-11-26 05:00:00,46,14,95.4,6,49,34
2025-11-26 06:00:00,49,19,93.8,7,52,33
2025-11-26 07:00:00,54,19,96.9,7,54,38
2025-11-26 08:00:00,50,25,97.1,7,53,37
2025-11-26 09:00:00,50,30,95.0,6,57,34
2025-11-26 10:00:00,61,29,107.9,8,57,37
2025-11-26 11:00:00,61,30,106.4,9,59,44
2025-11-26 12:00:00,64,38,106.8,12,60,43
2025-11-26 13:00:00,58,26,102.7,9,60,37
2025-11-26 14:00:00,60,38,110.1,10,60,41
2025-11-26 15:00:00,61,32,101.9,9,59,39
2025-11-26 16:00:00,63,33,110.8,10,61,43
2025-11-26 17:00:00,59,30,102.6,9,61,38
2025-11-26 18:00:00,63,36,99.3,10,62,37
2025-11-26 19:00:00,54,24,101.3,8,57,38
2025-11-26 20:00:00,54,26,103.3,8,58,37
2025-11-26 21:00:00,55,26,96.8,7,56,38
2025-11-26 22:00:00,49,17,87.4,8,56,34
2025-11-26 23:00:00,48,17,96.1,6,53,34
2025-11-27 00:00:00,47,20,90.5,6,53,34
2025-11-27 01:00:00,45,16,93.9,6,50,33
2025-11-27 02:00:00,47,16,86.2,8,48,33
2025-11-27 03:00:00,49,18,97.2,6,52,32
2025-11-27 04:00:00,50,23,98.4,7,51,36
2025-11-27 05:00:00,48,20,94.9,7,51,38
2025-11-27 06:00:00,52,27,92.3,6,55,33
2025-11-27 07:00:00,57,22,98.2,7,58,36
2025-11-27 08:00:00,51,23,99.1,8,53,39
2025-11-27 09:00:00,64,36,104.4,10,59,43
2025-11-27 10:00:00,59,29,102.2,8,55,40
2025-11-27 11:00:00,60,28,104.9,8,56,43
2025-11-27 12:00:00,63,28,102.6,9,64,42
2025-11-27 13:00:00,59,39,111.1,9,58,38
2025-11-27 14:00:00,67,34,113.8,10,58,44
2025-11-27 15:00:00,68,34,111.9,8,63,43
2025-11-27 16:00:00,65,34,110.5,11,60,40
2025-11-27 17:00:00,57,36,103.3,9,58,35
2025-11-27 18:00:00,61,31,107.5,8,61,42
2025-11-27 19:00:00,64,38,108.1,10,63,41
2025-11-27 20:00:00,60,28,102.9,8,58,39
2025-11-27 21:00:00,51,29,96.8,7,55,37
2025-11-27 22:00:00,55,26,104.1,7,58,42
2025-11-27 23:00:00,54,21,101.4,8,53,37
2025-11-28 00:00:00,48,19,90.2,8,50,33
2025-11-28 01:00:00,45,22,95.7,7,52,34
2025-11-28 02:00:00,50,22,93.1,7,51,33
2025-11-28 03:00:00,50,19,99.7,6,52,41
2025-11-28 04:00:00,49,22,99.1,6,53,39
2025-11-28 05:00:00,48,27,102.5,7,54,39
2025-11-28 06:00:00,56,32,103.6,8,56,40
2025-11-28 07:00:00,53,29,98.7,7,57,37
2025-11-28 08:00:00,59,35,104.6,8,58,35
2025-11-28 09:00:00,61,28,105.9,8,55,44
2025-11-28 10:00:00,57,35,101.0,7,58,37
2025-11-28 11:00:00,65,39,103.9,10,62,42
2025-11-28 12:00:00,62,32,105.2,9,59,42
2025-11-28 13:00:00,63,35,108.2,9,60,41
2025-11-28 14:00:00,67,43,115.2,10,62,48
2025-11-28 15:00:00,61,33,107.3,9,57,43
2025-11-28 16:00:00,59,31,104.4,8,61,38
2025-11-28 17:00:00,59,39,110.6,9,60,43
2025-11-28 18:00:00,64,37,107.0,10,62,43
2025-11-28 19:00:00,58,32,101.6,10,57,38
2025-11-28 20:00:00,57,28,108.5,8,55,42
2025-11-28 21:00:00,52,25,88.1,7,48,33
2025-11-28 22:00:00,49,25,99.3,7,56,36
2025-11-28 23:00:00,53,28,101.3,7,59,38
2025-11-29 00:00:00,50,24,95.9,7,41,36
2025-11-29 01:00:00,50,30,100.5,7,40,37
2025-11-29 02:00:00,48,19,94.8,7,42,31
2025-11-29 03:00:00,46,22,88.2,7,44,36
2025-11-29 04:00:00,51,22,93.1,8,42,38
2025-11-29 05:00:00,53,20,94.9,8,46,34
2025-11-29 06:00:00,54,25,92.5,7,45,34
2025-11-29 07:00:00,54,29,100.1,7,40,35
2025-11-29 08:00:00,57,32,105.0,10,48,36
2025-11-29 09:00:00,65,39,114.2,8,49,41
2025-11-29 10:00:00,64,35,109.3,9,48,42
2025-11-29 11:00:00,68,39,110.9,9,50,43
2025-11-29 12:00:00,62,37,108.6,10,48,39
2025-11-29 13:00:00,64,43,111.4,9,48,42
2025-11-29 14:00:00,67,46,117.2,12,49,45
2025-11-29 15:00:00,66,39,111.4,10,50,41
2025-11-29 16:00:00,62,33,109.7,10,46,42
2025-11-29 17:00:00,61,33,105.3,9,45,38
2025-11-29 18:00:00,64,35,112.6,10,45,47
2025-11-29 19:00:00,59,33,105.4,8,48,38
2025-11-29 20:00:00,54,32,99.6,9,49,37
2025-11-29 21:00:00,52,29,98.0,8,42,34
2025-11-29 22:00:00,53,26,100.5,8,43,33
2025-11-29 23:00:00,57,22,96.1,9,45,37
2025-11-30 00:00:00,48,26,94.4,7,43,33
2025-11-30 01:00:00,50,30,101.0,7,43,38
2025-11-30 02:00:00,55,27,101.9,8,47,37
2025-11-30 03:00:00,48,25,91.6,6,41,37
2025-11-30 04:00:00,52,28,99.3,8,44,37
2025-11-30 05:00:00,55,24,95.3,7,44,33
2025-11-30 06:00:00,50,25,96.7,7,40,36
2025-11-30 07:00:00,53,26,102.9,8,44,43
2025-11-30 08:00:00,55,31,101.9,8,46,38
2025-11-30 09:00:00,55,32,98.2,9,43,36
2025-11-30 10:00:00,66,39,111.0,11,48,43
2025-11-30 11:00:00,61,35,107.2,10,50,39
2025-11-30 12:00:00,61,35,110.1,9,46,41
2025-11-30 13:00:00,65,46,116.7,11,50,44
2025-11-30 14:00:00,67,37,108.3,10,49,39
2025-11-30 15:00:00,65,39,110.1,9,48,43
2025-11-30 16:00:00,62,40,110.5,9,46,44
2025-11-30 17:00:00,62,33,105.2,9,48,38
2025-11-30 18:00:00,64,39,111.9,11,47,44
2025-11-30 19:00:00,59,35,101.9,9,46,40
2025-11-30 20:00:00,58,37,106.0,9,49,40
2025-11-30 21:00:00,56,27,104.1,9,44,42
2025-11-30 22:00:00,52,27,98.7,7,46,40
2025-11-30 23:00:00,55,26,100.2,8,44,36
2025-12-01 00:00:00,48,26,98.2,9,53,37
2025-12-01 01:00:00,46,20,90.3,5,52,35
2025-12-01 02:00:00,47,25,95.9,6,49,37
2025-12-01 03:00:00,47,20,92.5,7,53,35
2025-12-01 04:00:00,50,27,94.3,8,52,37
2025-12-01 05:00:00,46,19,94.3,6,51,35
2025-12-01 06:00:00,51,22,100.3,8,51,42
2025-12-01 07:00:00,57,33,107.3,10,58,40
2025-12-01 08:00:00,53,31,102.8,8,53,36
2025-12-01 09:00:00,57,31,104.4,8,56,41
2025-12-01 10:00:00,64,41,111.9,10,60,42
2025-12-01 11:00:00,61,39,107.8,11,61,40
2025-12-01 12:00:00,64,42,109.7,11,65,42
2025-12-01 13:00:00,68,40,106.6,11,62,42
2025-12-01 14:00:00,72,50,114.8,10,65,43
2025-12-01 15:00:00,66,38,111.0,10,60,44
2025-12-01 16:00:00,66,45,109.7,10,66,41
2025-12-01 17:00:00,62,38,109.5,9,59,43
2025-12-01 18:00:00,62,31,111.2,10,60,42
2025-12-01 19:00:00,63,36,98.6,8,61,39
2025-12-01 20:00:00,55,34,99.3,10,55,35
2025-12-01 21:00:00,56,27,107.4,8,57,37
2025-12-01 22:00:00,51,25,99.2,8,56,38
2025-12-01 23:00:00,49,27,95.9,8,52,40
2025-12-02 00:00:00,50,28,96.0,9,56,34
2025-12-02 01:00:00,50,18,95.1,7,53,39
2025-12-02 02:00:00,51,30,101.5,7,52,39
2025-12-02 03:00:00,50,24,92.1,8,56,34
2025-12-02 04:00:00,50,22,99.7,5,55,36
2025-12-02 05:00:00,54,32,102.2,7,53,39
2025-12-02 06:00:00,53,30,102.7,7,54,41
2025-12-02 07:00:00,58,36,108.5,7,61,42
2025-12-02 08:00:00,56,35,104.9,10,56,39
2025-12-02 09:00:00,61,36,108.7,10,57,42
2025-12-02 10:00:00,64,37,111.0,10,58,40
2025-12-02 11:00:00,66,41,111.0,11,61,41
2025-12-02 12:00:00,66,39,113.7,10,63,44
2025-12-02 13:00:00,66,39,110.5,11,62,42
2025-12-02 14:00:00,69,44,115.4,12,61,44
2025-12-02 15:00:00,60,41,112.8,8,59,43
2025-12-02 16:00:00,67,41,112.6,11,64,42
2025-12-02 17:00:00,69,43,116.5,12,62,42
2025-12-02 18:00:00,60,38,106.6,9,59,38
2025-12-02 19:00:00,58,36,104.1,9,62,40
2025-12-02 20:00:00,60,32,111.0,8,59,45
2025-12-02 21:00:00,53,33,97.0,8,59,37
2025-12-02 22:00:00,52,31,99.9,8,54,35
2025-12-02 23:00:00,53,31,96.8,8,55,38
2025-12-03 00:00:00,48,26,99.4,6,56,37
2025-12-03 01:00:00,52,26,97.5,9,54,38
2025-12-03 02:00:00,48,30,95.7,7,51,36
2025-12-03 03:00:00,51,29,92.7,8,59,37
2025-12-03 04:00:00,51,25,101.5,8,54,39
2025-12-03 05:00:00,58,34,100.4,7,62,35
2025-12-03 06:00:00,55,25,101.1,8,54,40
2025-12-03 07:00:00,55,36,106.3,10,57,40
2025-12-03 08:00:00,54,31,107.1,8,57,39
2025-12-03 09:00:00,64,44,110.4,11,65,43
2025-12-03 10:00:00,59,34,102.6,8,60,40
2025-12-03 11:00:00,64,45,111.1,11,57,41
2025-12-03 12:00:00,62,42,108.5,9,59,42
2025-12-03 13:00:00,67,42,107.7,10,63,38
2025-12-03 14:00:00,65,44,117.4,11,64,46
2025-12-03 15:00:00,66,45,112.8,12,62,44
2025-12-03 16:00:00,64,39,109.9,9,60,43
2025-12-03 17:00:00,63,38,111.5,10,61,41
2025-12-03 18:00:00,64,42,115.6,10,60,50
2025-12-03 19:00:00,58,31,100.1,9,56,40
2025-12-03 20:00:00,55,33,103.8,8,57,38
2025-12-03 21:00:00,54,44,101.9,9,58,39
2025-12-03 22:00:00,53,28,100.3,8,53,39
2025-12-03 23:00:00,53,34,102.0,7,56,39
2025-12-04 00:00:00,49,28,95.1,7,54,29
2025-12-04 01:00:00,51,31,99.7,7,58,38
2025-12-04 02:00:00,53,31,101.1,8,55,40
2025-12-04 03:00:00,54,33,101.6,8,59,37
2025-12-04 04:00:00,47,29,95.3,8,49,32
2025-12-04 05:00:00,54,38,99.1,8,57,36
2025-12-04 06:00:00,56,31,99.0,8,56,38
2025-12-04 07:00:00,60,36,104.9,9,58,43
2025-12-04 08:00:00,57,38,102.0,10,59,39
2025-12-04 09:00:00,63,35,106.4,10,56,39
2025-12-04 10:00:00,59,40,107.0,10,56,42
2025-12-04 11:00:00,67,43,114.1,9,64,43
2025-12-04 12:00:00,64,42,113.3,11,62,40
2025-12-04 13:00:00,73,53,121.3,11,65,45
2025-12-04 14:00:00,65,42,112.1,10,64,44
2025-12-04 15:00:00,67,49,117.0,12,66,42
2025-12-04 16:00:00,66,47,111.5,11,64,44
2025-12-04 17:00:00,60,43,106.6,9,57,44
2025-12-04 18:00:00,57,38,104.3,8,61,42
2025-12-04 19:00:00,61,36,105.3,8,56,39
2025-12-04 20:00:00,60,35,101.2,9,57,36
2025-12-04 21:00:00,56,29,103.1,8,58,34
2025-12-04 22:00:00,50,29,94.9,8,51,35
2025-12-04 23:00:00,52,26,103.5,9,57,34
2025-12-05 00:00:00,51,36,101.0,7,59,38
2025-12-05 01:00:00,52,33,96.1,8,57,39
2025-12-05 02:00:00,54,33,103.9,7,55,39
2025-12-05 03:00:00,52,33,100.6,8,53,36
2025-12-05 04:00:00,55,32,103.2,7,54,41
2025-12-05 05:00:00,54,38,101.9,7,58,37
2025-12-05 06:00:00,54,32,98.3,10,56,36
2025-12-05 07:00:00,57,37,100.5,11,58,38
2025-12-05 08:00:00,56,41,102.1,8,61,37
2025-12-05 09:00:00,59,36,101.6,10,60,38
2025-12-05 10:00:00,65,53,115.0,11,64,45
2025-12-05 11:00:00,64,44,111.9,9,62,42
2025-12-05 12:00:00,67,46,109.8,11,61,39
2025-12-05 13:00:00,64,51,117.2,11,64,44
2025-12-05 14:00:00,65,50,115.1,11,63,44
2025-12-05 15:00:00,70,46,123.8,10,67,46
2025-12-05 16:00:00,61,46,109.5,9,61,41
2025-12-05 17:00:00,65,39,117.4,11,66,46
2025-12-05 18:00:00,61,41,111.4,9,63,41
2025-12-05 19:00:00,62,42,104.2,11,57,40
2025-12-05 20:00:00,63,40,106.5,10,61,41
2025-12-05 21:00:00,58,41,107.6,8,61,37
2025-12-05 22:00:00,56,34,98.2,7,56,35
2025-12-05 23:00:00,52,28,95.8,8,53,36
2025-12-06 00:00:00,53,37,97.5,9,48,38
2025-12-06 01:00:00,52,37,108.4,10,43,43
2025-12-06 02:00:00,54,35,105.5,8,46,36
2025-12-06 03:00:00,49,32,97.2,7,43,33
2025-12-06 04:00:00,50,37,105.2,9,45,39
2025-12-06 05:00:00,57,47,112.1,9,47,43
2025-12-06 06:00:00,56,37,108.0,8,45,38
2025-12-06 07:00:00,51,34,98.4,8,46,37
2025-12-06 08:00:00,59,38,105.5,8,50,41
2025-12-06 09:00:00,59,44,105.6,10,48,41
2025-12-06 10:00:00,63,39,109.3,10,49,46
2025-12-06 11:00:00,61,46,108.3,11,50,40
2025-12-06 12:00:00,72,48,115.3,11,53,39
2025-12-06 13:00:00,68,53,121.2,11,53,44
2025-12-06 14:00:00,67,53,118.8,13,54,47
2025-12-06 15:00:00,67,51,114.0,12,49,45
2025-12-06 16:00:00,66,40,114.4,11,51,40
2025-12-06 17:00:00,68,49,117.4,12,55,47
2025-12-06 18:00:00,63,47,111.6,10,51,39
2025-12-06 19:00:00,58,43,112.6,9,45,41
2025-12-06 20:00:00,55,34,103.3,8,48,40
2025-12-06 21:00:00,57,35,109.8,8,46,40
2025-12-06 22:00:00,56,32,104.6,9,47,40
2025-12-06 23:00:00,54,27,101.8,8,46,37
2025-12-07 00:00:00,53,35,98.5,9,47,37
2025-12-07 01:00:00,53,31,99.0,9,43,34
2025-12-07 02:00:00,59,43,112.7,11,48,45
2025-12-07 03:00:00,55,34,105.7,9,46,39
2025-12-07 04:00:00,56,39,104.2,9,45,38
2025-12-07 05:00:00,50,31,94.4,7,45,36
2025-12-07 06:00:00,57,36,110.0,10,46,38
2025-12-07 07:00:00,59,40,110.5,10,47,41
2025-12-07 08:00:00,60,39,104.4,10,47,37
2025-12-07 09:00:00,65,42,108.4,10,50,40
2025-12-07 10:00:00,65,45,118.2,9,49,44
2025-12-07 11:00:00,65,47,112.1,11,50,43
2025-12-07 12:00:00,66,55,115.8,11,51,43
2025-12-07 13:00:00,67,51,114.5,10,50,43
2025-12-07 14:00:00,69,52,118.9,11,49,46
2025-12-07 15:00:00,69,51,113.6,12,53,43
2025-12-07 16:00:00,68,51,117.8,11,51,43
2025-12-07 17:00:00,68,47,111.4,10,50,43
2025-12-07 18:00:00,66,45,109.2,9,50,42
2025-12-07 19:00:00,62,45,106.7,10,50,40
2025-12-07 20:00:00,59,46,105.3,10,51,42
2025-12-07 21:00:00,60,44,111.3,9,45,41
2025-12-07 22:00:00,61,37,109.8,9,48,43
2025-12-07 23:00:00,55,39,104.2,9,45,34
2025-12-08 00:00:00,52,36,99.6,8,59,36
2025-12-08 01:00:00,54,36,106.6,7,54,40
2025-12-08 02:00:00,53,34,103.4,8,56,38
2025-12-08 03:00:00,54,35,98.6,7,56,35
2025-12-08 04:00:00,58,41,108.1,9,57,37
2025-12-08 05:00:00,55,38,105.3,9,56,38
2025-12-08 06:00:00,60,40,109.9,9,59,40
2025-12-08 07:00:00,57,36,113.2,8,58,42
2025-12-08 08:00:00,64,43,108.8,10,57,43
2025-12-08 09:00:00,65,45,114.7,10,62,41
2025-12-08 10:00:00,66,45,117.9,13,64,45
2025-12-08 11:00:00,68,49,121.6,10,67,45
2025-12-08 12:00:00,73,49,119.9,12,67,47
2025-12-08 13:00:00,71,52,115.2,11,67,46
2025-12-08 14:00:00,66,52,111.0,11,61,44
2025-12-08 15:00:00,68,48,118.4,11,63,46
2025-12-08 16:00:00,66,49,116.3,11,61,39
2025-12-08 17:00:00,71,50,119.0,11,65,44
2025-12-08 18:00:00,69,52,118.6,12,69,47
2025-12-08 19:00:00,68,47,118.2,12,67,48
2025-12-08 20:00:00,58,41,108.6,8,60,42
2025-12-08 21:00:00,61,43,111.0,8,61,43
2025-12-08 22:00:00,54,46,104.5,8,58,39
2025-12-08 23:00:00,51,41,105.9,9,58,38
2025-12-09 00:00:00,53,40,101.9,8,56,41
2025-12-09 01:00:00,57,40,109.2,10,63,42
2025-12-09 02:00:00,51,42,102.1,10,58,37
2025-12-09 03:00:00,54,41,106.2,8,59,40
2025-12-09 04:00:00,57,40,111.5,10,58,42
2025-12-09 05:00:00,58,43,109.9,10,58,42
2025-12-09 06:00:00,61,38,112.1,9,58,43
2025-12-09 07:00:00,57,38,104.3,9,56,37
2025-12-09 08:00:00,60,46,110.2,10,63,39
2025-12-09 09:00:00,60,48,109.7,9,62,44
2025-12-09 10:00:00,63,47,107.8,10,61,39
2025-12-09 11:00:00,65,54,119.0,11,62,44
2025-12-09 12:00:00,62,46,112.7,10,64,43
2025-12-09 13:00:00,73,51,121.9,12,67,46
2025-12-09 14:00:00,69,52,121.4,11,64,46
2025-12-09 15:00:00,74,47,116.0,11,68,43
2025-12-09 16:00:00,67,58,114.7,12,69,47
2025-12-09 17:00:00,64,46,116.6,10,61,45
2025-12-09 18:00:00,62,47,111.8,10,61,42
2025-12-09 19:00:00,62,51,113.7,9,61,48
2025-12-09 20:00:00,64,48,108.6,10,63,40
2025-12-09 21:00:00,59,39,111.5,8,59,43
2025-12-09 22:00:00,59,44,111.0,11,57,42
2025-12-09 23:00:00,59,41,105.6,9,57,40
2025-12-10 00:00:00,59,48,116.6,10,61,44
2025-12-10 01:00:00,51,41,98.4,7,59,42
2025-12-10 02:00:00,52,39,101.0,7,56,38
2025-12-10 03:00:00,53,36,105.0,9,58,40
2025-12-10 04:00:00,63,38,112.4,10,61,40
2025-12-10 05:00:00,56,39,100.8,8,58,37
2025-12-10 06:00:00,59,48,109.1,9,58,42
2025-12-10 07:00:00,61,45,112.5,11,61,42
2025-12-10 08:00:00,60,49,115.8,11,63,44
2025-12-10 09:00:00,65,55,120.8,11,61,45
2025-12-10 10:00:00,65,43,114.6,10,63,42
2025-12-10 11:00:00,68,57,119.7,12,64,42
2025-12-10 12:00:00,67,54,116.7,10,65,47
2025-12-10 13:00:00,69,56,121.3,12,64,45
2025-12-10 14:00:00,68,52,121.7,11,65,45
2025-12-10 15:00:00,65,52,114.9,11,61,45
2025-12-10 16:00:00,67,56,117.5,11,67,43
2025-12-10 17:00:00,66,61,122.7,12,65,49
2025-12-10 18:00:00,63,55,118.4,10,67,45
2025-12-10 19:00:00,62,54,112.4,11,63,45
2025-12-10 20:00:00,63,46,108.5,11,60,43
2025-12-10 21:00:00,62,43,105.3,9,58,42
2025-12-10 22:00:00,52,40,103.6,10,59,37
2025-12-10 23:00:00,59,40,103.9,9,58,37
2025-12-11 00:00:00,50,35,102.2,8,53,40
2025-12-11 01:00:00,55,39,99.1,10,60,34
2025-12-11 02:00:00,54,39,108.3,10,56,37
2025-12-11 03:00:00,55,41,104.1,9,60,38
2025-12-11 04:00:00,52,43,101.1,9,57,37
2025-12-11 05:00:00,52,45,102.6,9,53,36
2025-12-11 06:00:00,56,45,104.2,10,60,39
2025-12-11 07:00:00,60,45,114.3,11,58,42
2025-12-11 08:00:00,65,42,113.8,11,59,42
2025-12-11 09:00:00,61,49,111.9,11,57,42
2025-12-11 10:00:00,65,50,110.7,11,60,37
2025-12-11 11:00:00,66,56,117.5,11,64,46
2025-12-11 12:00:00,70,59,118.7,12,66,48
2025-12-11 13:00:00,66,60,110.8,12,65,42
2025-12-11 14:00:00,74,60,122.2,12,70,47
2025-12-11 15:00:00,70,56,121.7,11,62,45
2025-12-11 16:00:00,71,54,118.6,12,62,46
2025-12-11 17:00:00,66,52,115.8,12,69,45
2025-12-11 18:00:00,65,48,117.0,10,62,42
2025-12-11 19:00:00,68,55,120.6,12,66,44
2025-12-11 20:00:00,62,48,118.0,12,59,42
2025-12-11 21:00:00,59,43,101.5,9,61,41
2025-12-11 22:00:00,55,42,102.8,10,60,38
2025-12-11 23:00:00,54,40,106.7,8,53,39
2025-12-12 00:00:00,53,44,105.9,9,58,40
2025-12-12 01:00:00,53,47,106.4,8,59,39
2025-12-12 02:00:00,57,42,104.6,10,54,38
2025-12-12 03:00:00,57,35,104.8,8,58,36
2025-12-12 04:00:00,52,43,104.3,7,55,41
2025-12-12 05:00:00,57,45,102.3,9,60,39
2025-12-12 06:00:00,57,46,108.9,11,61,40
2025-12-12 07:00:00,63,47,110.7,11,63,46
2025-12-12 08:00:00,63,52,116.4,11,62,45
2025-12-12 09:00:00,64,53,116.5,11,62,42
2025-12-12 10:00:00,64,55,121.9,12,64,49
2025-12-12 11:00:00,65,58,117.3,12,63,44
2025-12-12 12:00:00,71,56,117.5,12,63,44
2025-12-12 13:00:00,71,57,113.3,12,67,43
2025-12-12 14:00:00,73,64,121.8,13,68,47
2025-12-12 15:00:00,69,60,122.3,12,66,45
2025-12-12 16:00:00,70,61,123.5,12,66,50
2025-12-12 17:00:00,71,61,120.8,14,67,45
2025-12-12 18:00:00,69,57,118.6,12,64,44
2025-12-12 19:00:00,62,56,115.4,10,65,41
2025-12-12 20:00:00,59,45,110.4,7,59,41
2025-12-12 21:00:00,57,49,112.3,10,60,38
2025-12-12 22:00:00,58,46,107.4,9,58,38
2025-12-12 23:00:00,60,51,109.8,10,59,42
2025-12-13 00:00:00,56,49,114.5,10,47,43
2025-12-13 01:00:00,53,43,109.4,11,47,41
2025-12-13 02:00:00,54,46,104.6,10,48,39
2025-12-13 03:00:00,61,46,113.8,10,50,41
2025-12-13 04:00:00,59,47,116.6,10,47,37
2025-12-13 05:00:00,58,43,111.7,9,47,42
2025-12-13 06:00:00,60,50,109.1,11,49,37
2025-12-13 07:00:00,60,50,112.0,9,50,39
2025-12-13 08:00:00,61,54,108.0,11,50,41
2025-12-13 09:00:00,62,52,110.4,11,49,42
2025-12-13 10:00:00,65,55,116.2,10,51,45
2025-12-13 11:00:00,67,62,121.3,11,53,44
2025-12-13 12:00:00,67,56,116.3,10,52,43
2025-12-13 13:00:00,69,57,111.9,12,53,43
2025-12-13 14:00:00,71,61,122.8,13,52,47
2025-12-13 15:00:00,68,58,121.8,13,52,46
2025-12-13 16:00:00,70,57,122.7,13,56,44
2025-12-13 17:00:00,68,59,119.3,11,51,44
2025-12-13 18:00:00,66,51,115.4,11,54,44
2025-12-13 19:00:00,62,51,114.0,10,53,44
2025-12-13 20:00:00,66,60,120.4,11,50,46
2025-12-13 21:00:00,60,52,111.8,11,48,42
2025-12-13 22:00:00,62,46,104.4,10,48,44
2025-12-13 23:00:00,57,48,113.1,11,47,45
2025-12-14 00:00:00,56,50,107.7,10,47,39
2025-12-14 01:00:00,58,50,106.5,9,49,44
2025-12-14 02:00:00,57,46,107.0,9,48,42
2025-12-14 03:00:00,59,50,111.0,10,49,45
2025-12-14 04:00:00,59,41,105.4,10,47,41
2025-12-14 05:00:00,58,45,107.0,10,47,39
2025-12-14 06:00:00,59,51,110.4,10,47,42
2025-12-14 07:00:00,60,54,114.0,10,50,42
2025-12-14 08:00:00,62,51,110.9,12,51,43
2025-12-14 09:00:00,69,58,121.2,12,51,43
2025-12-14 10:00:00,63,56,111.8,10,52,43
2025-12-14 11:00:00,67,59,125.2,11,52,48
2025-12-14 12:00:00,71,65,127.1,11,52,50
2025-12-14 13:00:00,70,65,122.6,11,51,48
2025-12-14 14:00:00,70,59,121.9,12,52,45
2025-12-14 15:00:00,75,59,120.6,12,54,45
2025-12-14 16:00:00,69,60,122.7,11,55,45
2025-12-14 17:00:00,70,60,124.2,13,53,46
2025-12-14 18:00:00,63,56,116.2,12,49,43
2025-12-14 19:00:00,64,60,120.2,10,50,47
2025-12-14 20:00:00,66,56,117.4,13,51,40
2025-12-14 21:00:00,66,54,116.3,11,52,41
2025-12-14 22:00:00,58,46,107.2,10,50,37
2025-12-14 23:00:00,58,53,112.8,9,46,42
2025-12-15 00:00:00,55,40,102.2,9,58,39
2025-12-15 01:00:00,50,52,106.9,11,55,40
2025-12-15 02:00:00,57,52,111.1,9,62,39
2025-12-15 03:00:00,53,47,109.9,9,55,42
2025-12-15 04:00:00,60,54,114.6,10,64,45
2025-12-15 05:00:00,52,51,101.5,8,60,39
2025-12-15 06:00:00,58,53,109.3,9,59,40
2025-12-15 07:00:00,62,56,112.6,11,61,42
2025-12-15 08:00:00,65,68,118.7,11,62,47
2025-12-15 09:00:00,66,63,123.1,11,62,46
2025-12-15 10:00:00,71,63,116.5,13,67,45
2025-12-15 11:00:00,69,59,124.5,12,66,47
2025-12-15 12:00:00,69,64,125.1,12,69,47
2025-12-15 13:00:00,73,61,124.7,12,67,46
2025-12-15 14:00:00,73,67,127.4,12,69,49
2025-12-15 15:00:00,73,65,125.1,12,66,49
2025-12-15 16:00:00,68,59,120.2,12,65,43
2025-12-15 17:00:00,63,62,121.4,12,64,45
2025-12-15 18:00:00,65,58,116.6,11,65,42
2025-12-15 19:00:00,64,59,118.8,12,64,44
2025-12-15 20:00:00,61,53,111.0,12,64,44
2025-12-15 21:00:00,60,54,114.4,11,62,44
2025-12-15 22:00:00,61,55,112.9,10,62,42
2025-12-15 23:00:00,60,51,113.1,10,63,46
2025-12-16 00:00:00,60,50,108.6,11,62,37
2025-12-16 01:00:00,59,51,112.5,10,60,41
2025-12-16 02:00:00,55,53,108.8,9,63,41
2025-12-16 03:00:00,55,47,112.1,10,59,39
2025-12-16 04:00:00,61,52,114.0,9,62,40
2025-12-16 05:00:00,56,57,112.9,10,60,44
2025-12-16 06:00:00,64,56,115.1,11,64,46
2025-12-16 07:00:00,60,57,114.6,10,64,41
2025-12-16 08:00:00,66,61,120.4,13,65,50
2025-12-16 09:00:00,68,62,119.8,12,66,40
2025-12-16 10:00:00,70,65,121.8,13,65,46
2025-12-16 11:00:00,74,57,120.5,13,66,44
2025-12-16 12:00:00,69,60,120.7,11,65,46
2025-12-16 13:00:00,69,70,122.4,13,68,46
2025-12-16 14:00:00,72,61,124.1,12,65,47
2025-12-16 15:00:00,72,68,123.2,12,64,44
2025-12-16 16:00:00,73,64,124.2,12,65,47
2025-12-16 17:00:00,71,61,119.8,12,68,45
2025-12-16 18:00:00,69,64,125.4,12,70,47
2025-12-16 19:00:00,68,61,120.5,11,68,42
2025-12-16 20:00:00,67,66,121.5,12,64,48
2025-12-16 21:00:00,66,54,118.7,10,62,43
2025-12-16 22:00:00,61,59,120.6,10,61,45
2025-12-16 23:00:00,57,54,111.3,9,57,42
2025-12-17 00:00:00,59,51,107.0,10,60,41
2025-12-17 01:00:00,55,55,113.9,9,61,40
2025-12-17 02:00:00,58,54,107.8,12,59,36
2025-12-17 03:00:00,57,53,108.7,10,58,44
2025-12-17 04:00:00,58,54,115.1,9,62,45
2025-12-17 05:00:00,65,53,114.4,10,61,46
2025-12-17 06:00:00,63,53,113.0,11,61,43
2025-12-17 07:00:00,66,61,120.1,12,60,47
2025-12-17 08:00:00,66,60,118.8,10,67,43
2025-12-17 09:00:00,65,62,117.0,11,67,45
2025-12-17 10:00:00,70,65,125.9,13,66,47
2025-12-17 11:00:00,72,67,129.2,13,68,49
2025-12-17 12:00:00,71,62,127.2,13,68,48
2025-12-17 13:00:00,74,73,130.4,13,71,51
2025-12-17 14:00:00,72,69,123.9,12,68,45
2025-12-17 15:00:00,73,67,122.5,12,68,46
2025-12-17 16:00:00,71,69,118.3,14,68,45
2025-12-17 17:00:00,73,67,128.7,15,68,50
2025-12-17 18:00:00,65,67,121.1,12,66,46
2025-12-17 19:00:00,71,64,122.4,13,65,49
2025-12-17 20:00:00,62,63,111.7,11,66,45
2025-12-17 21:00:00,61,63,113.4,11,67,44
2025-12-17 22:00:00,63,59,111.2,11,62,42
2025-12-17 23:00:00,60,54,117.4,11,60,41
2025-12-18 00:00:00,62,51,115.4,11,60,40
2025-12-18 01:00:00,60,60,111.1,13,61,39
2025-12-18 02:00:00,57,53,115.6,11,64,41
2025-12-18 03:00:00,57,53,108.7,11,59,42
2025-12-18 04:00:00,61,49,112.7,10,61,39
2025-12-18 05:00:00,66,58,119.2,10,64,47
2025-12-18 06:00:00,61,59,114.9,11,59,43
2025-12-18 07:00:00,63,55,114.4,12,62,41
2025-12-18 08:00:00,66,64,120.1,13,65,48
2025-12-18 09:00:00,67,63,119.5,12,69,48
2025-12-18 10:00:00,77,76,132.2,13,68,52
2025-12-18 11:00:00,68,66,123.4,12,68,47
2025-12-18 12:00:00,66,68,120.2,11,66,46
2025-12-18 13:00:00,73,67,129.4,14,68,45
2025-12-18 14:00:00,78,75,129.3,15,70,48
2025-12-18 15:00:00,74,69,128.0,13,71,47
2025-12-18 16:00:00,73,67,124.8,14,69,44
2025-12-18 17:00:00,74,70,125.0,15,69,47
2025-12-18 18:00:00,68,61,120.2,13,66,46
2025-12-18 19:00:00,70,67,121.5,14,69,44
2025-12-18 20:00:00,69,68,125.5,12,65,47
2025-12-18 21:00:00,59,62,114.8,12,65,42
2025-12-18 22:00:00,62,60,120.7,10,68,42
2025-12-18 23:00:00,57,60,109.8,12,60,42
2025-12-19 00:00:00,60,63,109.8,12,66,43
2025-12-19 01:00:00,58,61,115.1,10,60,44
2025-12-19 02:00:00,61,58,119.9,10,60,44
2025-12-19 03:00:00,60,60,116.0,10,61,41
2025-12-19 04:00:00,59,54,109.6,10,62,40
2025-12-19 05:00:00,60,61,112.6,11,62,44
2025-12-19 06:00:00,63,57,122.2,11,64,46
2025-12-19 07:00:00,59,61,113.8,10,63,40
2025-12-19 08:00:00,61,53,110.1,11,61,42
2025-12-19 09:00:00,72,68,128.9,12,66,48
2025-12-19 10:00:00,68,66,122.1,13,66,45
2025-12-19 11:00:00,68,74,118.6,13,65,45
2025-12-19 12:00:00,77,72,136.7,14,71,50
2025-12-19 13:00:00,78,76,133.8,15,72,53
2025-12-19 14:00:00,75,68,123.1,13,65,47
2025-12-19 15:00:00,75,76,134.5,13,73,53
2025-12-19 16:00:00,79,78,130.9,14,72,47
2025-12-19 17:00:00,76,73,126.3,13,71,48
2025-12-19 18:00:00,75,71,125.7,13,69,51
2025-12-19 19:00:00,70,67,129.7,13,67,47
2025-12-19 20:00:00,66,62,125.7,12,68,49
2025-12-19 21:00:00,64,65,117.4,12,62,44
2025-12-19 22:00:00,57,55,116.5,10,60,45
2025-12-19 23:00:00,61,57,107.8,10,62,40
2025-12-20 00:00:00,59,53,114.7,11,45,45
2025-12-20 01:00:00,57,56,115.7,11,47,44
2025-12-20 02:00:00,60,60,119.9,11,51,43
2025-12-20 03:00:00,58,60,114.1,10,47,44
2025-12-20 04:00:00,62,59,117.5,12,51,46
2025-12-20 05:00:00,59,61,112.3,11,50,44
2025-12-20 06:00:00,58,56,112.1,11,50,39
2025-12-20 07:00:00,63,63,117.7,13,50,44
2025-12-20 08:00:00,68,64,120.8,13,53,50
2025-12-20 09:00:00,65,66,123.8,12,50,47
2025-12-20 10:00:00,74,72,128.9,13,55,45
2025-12-20 11:00:00,67,69,127.9,12,55,49
2025-12-20 12:00:00,72,71,127.7,13,54,50
2025-12-20 13:00:00,69,67,129.6,13,54,51
2025-12-20 14:00:00,68,73,128.4,14,54,47
2025-12-20 15:00:00,74,70,127.6,12,57,46
2025-12-20 16:00:00,73,73,128.8,14,53,51
2025-12-20 17:00:00,68,68,120.6,12,55,45
2025-12-20 18:00:00,69,70,125.3,12,51,47
2025-12-20 19:00:00,70,68,121.0,13,52,44
2025-12-20 20:00:00,67,72,127.9,13,55,48
2025-12-20 21:00:00,64,66,118.8,11,52,43
2025-12-20 22:00:00,60,56,114.3,11,49,39
2025-12-20 23:00:00,58,56,105.5,9,50,38
2025-12-21 00:00:00,58,61,113.7,11,49,41
2025-12-21 01:00:00,57,57,110.7,9,47,38
2025-12-21 02:00:00,54,50,110.3,9,49,40
2025-12-21 03:00:00,58,65,116.9,11,50,41
2025-12-21 04:00:00,60,64,119.1,11,48,44
2025-12-21 05:00:00,60,64,117.9,10,49,45
2025-12-21 06:00:00,60,62,119.1,10,48,45
2025-12-21 07:00:00,67,67,123.6,12,51,43
2025-12-21 08:00:00,69,66,119.0,12,53,47
2025-12-21 09:00:00,69,71,124.6,13,54,50
2025-12-21 10:00:00,70,69,124.8,12,55,48
2025-12-21 11:00:00,73,79,120.1,14,57,49
2025-12-21 12:00:00,75,69,125.2,13,57,48
2025-12-21 13:00:00,81,80,141.5,15,60,53
2025-12-21 14:00:00,75,76,129.5,14,57,48
2025-12-21 15:00:00,73,74,128.2,14,56,50
2025-12-21 16:00:00,75,76,123.8,12,58,45
2025-12-21 17:00:00,74,76,125.7,14,57,49
2025-12-21 18:00:00,71,77,129.7,13,54,52
2025-12-21 19:00:00,71,71,124.5,12,52,48
2025-12-21 20:00:00,69,65,118.9,13,52,41
2025-12-21 21:00:00,63,66,123.0,12,52,45
2025-12-21 22:00:00,71,70,123.7,13,54,48
2025-12-21 23:00:00,59,67,112.7,11,51,41
2025-12-22 00:00:00,59,66,116.8,11,62,45
2025-12-22 01:00:00,61,65,115.0,12,62,40
2025-12-22 02:00:00,66,64,117.8,12,60,40
2025-12-22 03:00:00,59,66,116.6,10,61,43
2025-12-22 04:00:00,57,61,111.8,10,65,37
2025-12-22 05:00:00,62,60,111.0,11,65,44
2025-12-22 06:00:00,63,66,120.7,11,63,43
2025-12-22 07:00:00,66,65,123.5,13,65,47
2025-12-22 08:00:00,66,66,120.6,12,65,48
2025-12-22 09:00:00,67,70,124.7,11,69,47
2025-12-22 10:00:00,80,83,134.8,17,75,49
2025-12-22 11:00:00,66,76,118.9,12,69,43
2025-12-22 12:00:00,80,78,136.8,14,71,52
2025-12-22 13:00:00,77,73,130.2,14,75,48
2025-12-22 14:00:00,72,72,127.4,14,68,48
2025-12-22 15:00:00,79,75,132.5,14,74,50
2025-12-22 16:00:00,73,82,130.4,15,71,48
2025-12-22 17:00:00,76,77,131.9,14,68,46
2025-12-22 18:00:00,67,76,125.7,15,66,47
2025-12-22 19:00:00,68,75,128.8,13,67,49
2025-12-22 20:00:00,64,68,121.8,11,64,44
2025-12-22 21:00:00,65,73,126.2,12,63,48
2025-12-22 22:00:00,63,64,122.7,12,63,45
2025-12-22 23:00:00,61,69,114.1,11,67,39
2025-12-23 00:00:00,56,67,118.7,11,63,42
2025-12-23 01:00:00,60,58,115.9,12,61,39
2025-12-23 02:00:00,59,61,116.4,11,63,44
2025-12-23 03:00:00,59,58,116.9,11,59,45
2025-12-23 04:00:00,63,69,119.0,13,65,50
2025-12-23 05:00:00,65,66,122.0,11,61,48
2025-12-23 06:00:00,62,60,112.9,11,61,45
2025-12-23 07:00:00,69,71,120.4,13,69,42
2025-12-23 08:00:00,66,70,123.8,12,65,47
2025-12-23 09:00:00,67,69,122.4,12,65,47
2025-12-23 10:00:00,77,82,133.9,14,72,50
2025-12-23 11:00:00,77,78,130.2,14,75,46
2025-12-23 12:00:00,76,78,133.1,14,64,51
2025-12-23 13:00:00,73,78,128.9,13,68,45
2025-12-23 14:00:00,72,75,128.1,14,74,48
2025-12-23 15:00:00,78,75,130.6,14,74,51
2025-12-23 16:00:00,80,83,133.6,16,75,51
2025-12-23 17:00:00,73,76,128.6,14,70,49
2025-12-23 18:00:00,78,76,135.9,15,71,51
2025-12-23 19:00:00,69,67,122.1,12,64,45
2025-12-23 20:00:00,64,67,119.8,12,64,44
2025-12-23 21:00:00,66,72,122.2,12,66,40
2025-12-23 22:00:00,64,69,119.2,12,68,42
2025-12-23 23:00:00,64,72,125.8,11,66,48
2025-12-24 00:00:00,66,72,118.8,12,66,44
2025-12-24 01:00:00,58,65,115.3,11,61,45
2025-12-24 02:00:00,58,67,113.5,12,61,41
2025-12-24 03:00:00,62,65,119.7,11,60,49
2025-12-24 04:00:00,62,74,121.8,11,66,45
2025-12-24 05:00:00,70,72,129.3,14,66,51
2025-12-24 06:00:00,67,70,125.4,11,66,49
2025-12-24 07:00:00,65,72,123.1,14,68,47
2025-12-24 08:00:00,73,79,132.3,15,71,52
2025-12-24 09:00:00,73,78,132.3,14,71,52
2025-12-24 10:00:00,76,83,130.7,13,74,49
2025-12-24 11:00:00,72,72,129.3,13,70,48
2025-12-24 12:00:00,77,82,134.9,15,72,52
2025-12-24 13:00:00,71,80,130.4,14,65,52
2025-12-24 14:00:00,82,88,137.8,16,74,53
2025-12-24 15:00:00,70,87,128.1,13,70,51
2025-12-24 16:00:00,75,81,128.8,15,71,49
2025-12-24 17:00:00,72,85,121.3,15,67,45
2025-12-24 18:00:00,73,84,129.9,15,71,46
2025-12-24 19:00:00,71,76,134.9,13,70,52
2025-12-24 20:00:00,68,82,130.6,14,68,48
2025-12-24 21:00:00,60,72,119.7,10,65,46
2025-12-24 22:00:00,65,69,124.2,12,64,47
2025-12-24 23:00:00,69,71,123.9,14,68,46
2025-12-25 00:00:00,61,67,117.0,12,67,42
2025-12-25 01:00:00,64,68,119.4,12,64,44
2025-12-25 02:00:00,66,73,121.2,13,64,43
2025-12-25 03:00:00,56,68,113.6,12,64,40
2025-12-25 04:00:00,59,63,115.4,11,62,38
2025-12-25 05:00:00,61,71,119.5,12,63,40
2025-12-25 06:00:00,62,69,123.7,12,63,46
2025-12-25 07:00:00,72,77,131.8,14,70,53
2025-12-25 08:00:00,70,78,123.7,15,69,47
2025-12-25 09:00:00,75,83,131.7,14,74,50
2025-12-25 10:00:00,74,83,128.8,14,72,51
2025-12-25 11:00:00,73,85,124.5,12,73,47
2025-12-25 12:00:00,77,80,133.6,14,72,51
2025-12-25 13:00:00,81,86,139.6,15,75,50
2025-12-25 14:00:00,80,91,139.0,16,75,52
2025-12-25 15:00:00,78,81,135.2,15,76,50
2025-12-25 16:00:00,75,89,133.9,16,73,50
2025-12-25 17:00:00,76,79,129.3,13,69,48
2025-12-25 18:00:00,76,77,130.0,14,71,48
2025-12-25 19:00:00,73,79,133.9,13,70,50
2025-12-25 20:00:00,65,78,126.0,12,67,47
2025-12-25 21:00:00,72,77,124.1,14,71,45
2025-12-25 22:00:00,62,68,119.4,12,63,44
2025-12-25 23:00:00,65,72,125.9,13,66,47
2025-12-26 00:00:00,64,68,122.9,12,67,46
2025-12-26 01:00:00,63,65,122.4,11,61,48
2025-12-26 02:00:00,56,66,110.2,12,60,43
2025-12-26 03:00:00,61,67,118.7,11,68,46
2025-12-26 04:00:00,63,72,120.4,11,65,46
2025-12-26 05:00:00,69,76,127.9,13,70,53
2025-12-26 06:00:00,65,68,118.8,12,68,45
2025-12-26 07:00:00,72,77,125.7,13,67,45
2025-12-26 08:00:00,70,73,126.1,12,67,51
2025-12-26 09:00:00,72,82,127.8,14,70,48
2025-12-26 10:00:00,74,79,131.5,14,69,53
2025-12-26 11:00:00,78,79,127.6,14,73,48
2025-12-26 12:00:00,74,87,137.4,14,73,55
2025-12-26 13:00:00,79,83,127.3,14,74,54
2025-12-26 14:00:00,76,84,136.7,13,72,48
2025-12-26 15:00:00,73,77,128.1,15,71,47
2025-12-26 16:00:00,80,88,133.6,16,77,52
2025-12-26 17:00:00,74,86,133.8,16,74,52
2025-12-26 18:00:00,75,82,134.8,14,72,51
2025-12-26 19:00:00,69,74,129.4,12,66,49
2025-12-26 20:00:00,65,82,129.2,12,67,46
2025-12-26 21:00:00,68,73,122.3,12,69,48
2025-12-26 22:00:00,65,72,123.3,12,68,49
2025-12-26 23:00:00,61,80,117.5,11,68,45
2025-12-27 00:00:00,61,70,119.1,11,51,41
2025-12-27 01:00:00,58,74,120.0,11,51,45
2025-12-27 02:00:00,64,73,121.4,13,54,45
2025-12-27 03:00:00,66,73,118.0,13,56,44
2025-12-27 04:00:00,65,73,121.5,12,52,42
2025-12-27 05:00:00,67,75,130.7,13,55,47
2025-12-27 06:00:00,65,76,125.2,12,53,47
2025-12-27 07:00:00,69,77,125.6,12,57,47
2025-12-27 08:00:00,72,85,130.7,14,56,49
2025-12-27 09:00:00,72,77,129.5,14,56,48
2025-12-27 10:00:00,78,87,131.3,15,57,50
2025-12-27 11:00:00,80,88,133.1,17,59,49
2025-12-27 12:00:00,77,89,133.9,16,62,51
2025-12-27 13:00:00,76,91,134.6,16,59,52
2025-12-27 14:00:00,78,87,141.5,15,59,51
2025-12-27 15:00:00,76,81,132.7,15,59,52
2025-12-27 16:00:00,78,86,134.3,14,61,49
2025-12-27 17:00:00,77,82,133.9,14,58,51
2025-12-27 18:00:00,69,81,121.9,14,54,48
2025-12-27 19:00:00,69,77,124.4,13,55,47
2025-12-27 20:00:00,67,78,123.7,12,54,45
2025-12-27 21:00:00,71,75,124.2,14,55,47
2025-12-27 22:00:00,63,67,123.3,11,52,47
2025-12-27 23:00:00,64,76,125.1,13,57,47
2025-12-28 00:00:00,67,82,123.7,13,53,45
2025-12-28 01:00:00,62,76,117.9,12,50,43
2025-12-28 02:00:00,62,72,117.0,12,51,44
2025-12-28 03:00:00,67,73,123.8,13,49,48
2025-12-28 04:00:00,68,73,125.0,13,51,47
2025-12-28 05:00:00,64,76,124.4,12,51,46
2025-12-28 06:00:00,66,77,121.9,11,56,45
2025-12-28 07:00:00,66,76,124.2,12,52,44
2025-12-28 08:00:00,68,87,129.2,13,53,53
2025-12-28 09:00:00,74,78,134.0,14,55,50
2025-12-28 10:00:00,82,88,141.1,17,61,52
2025-12-28 11:00:00,75,86,129.9,14,57,52
2025-12-28 12:00:00,78,95,133.0,15,59,49
2025-12-28 13:00:00,78,90,137.1,16,58,52
2025-12-28 14:00:00,79,88,135.1,16,57,51
2025-12-28 15:00:00,76,88,132.1,15,57,49
2025-12-28 16:00:00,77,88,133.5,15,57,51
2025-12-28 17:00:00,78,83,136.4,13,59,52
2025-12-28 18:00:00,74,82,127.7,15,55,46
2025-12-28 19:00:00,74,77,135.8,14,58,50
2025-12-28 20:00:00,71,78,126.1,12,56,49
2025-12-28 21:00:00,66,79,127.6,13,52,48
2025-12-28 22:00:00,65,78,122.9,13,54,46
2025-12-28 23:00:00,64,69,115.8,12,52,42
2025-12-29 00:00:00,61,76,120.7,12,68,47
2025-12-29 01:00:00,61,77,117.7,12,63,45
2025-12-29 02:00:00,60,74,120.4,11,66,50
2025-12-29 03:00:00,64,73,122.0,11,67,46
2025-12-29 04:00:00,63,75,119.8,12,62,46
2025-12-29 05:00:00,68,75,125.9,12,70,48
2025-12-29 06:00:00,64,77,126.7,12,65,44
2025-12-29 07:00:00,63,81,124.2,13,68,47
2025-12-29 08:00:00,73,91,132.2,14,72,46
2025-12-29 09:00:00,77,82,134.9,16,72,49
2025-12-29 10:00:00,75,86,135.2,14,70,51
2025-12-29 11:00:00,74,88,132.9,15,71,50
2025-12-29 12:00:00,74,87,137.6,14,73,46
2025-12-29 13:00:00,83,95,141.3,17,79,54
2025-12-29 14:00:00,75,83,137.2,14,69,49
2025-12-29 15:00:00,83,89,137.8,15,74,54
2025-12-29 16:00:00,81,93,142.5,16,76,54
2025-12-29 17:00:00,75,88,133.6,14,73,53
2025-12-29 18:00:00,77,84,135.6,14,74,48
2025-12-29 19:00:00,71,87,125.7,14,73,44
2025-12-29 20:00:00,68,86,136.2,13,66,53
2025-12-29 21:00:00,67,82,128.1,13,67,50
2025-12-29 22:00:00,68,76,129.1,13,70,53
2025-12-29 23:00:00,69,79,123.1,13,68,47
2025-12-30 00:00:00,63,76,123.3,12,64,46
2025-12-30 01:00:00,60,80,121.2,12,63,45
2025-12-30 02:00:00,61,82,120.2,12,66,46
2025-12-30 03:00:00,59,68,120.6,10,62,45
2025-12-30 04:00:00,61,78,122.7,11,70,42
2025-12-30 05:00:00,65,73,122.5,12,66,45
2025-12-30 06:00:00,75,89,136.7,16,71,50
2025-12-30 07:00:00,71,81,127.0,14,72,47
2025-12-30 08:00:00,70,87,131.3,14,70,51
2025-12-30 09:00:00,72,87,132.4,14,73,53
2025-12-30 10:00:00,74,86,133.4,14,75,50
2025-12-30 11:00:00,78,87,139.0,14,76,50
2025-12-30 12:00:00,84,97,142.5,16,78,53
2025-12-30 13:00:00,79,96,138.6,15,77,50
2025-12-30 14:00:00,86,99,143.7,19,81,54
2025-12-30 15:00:00,85,93,140.7,18,75,50
2025-12-30 16:00:00,78,93,141.6,17,72,52
2025-12-30 17:00:00,76,89,135.7,14,77,53
2025-12-30 18:00:00,75,88,137.3,16,70,51
2025-12-30 19:00:00,73,83,132.3,14,75,51
2025-12-30 20:00:00,71,85,128.2,15,69,49
2025-12-30 21:00:00,71,80,124.6,14,68,45
2025-12-30 22:00:00,64,82,121.1,12,69,45
2025-12-30 23:00:00,65,80,122.3,14,64,48
2025-12-31 00:00:00,66,80,129.2,14,73,48
2025-12-31 01:00:00,68,85,132.7,13,73,50
2025-12-31 02:00:00,69,78,127.8,14,72,47
2025-12-31 03:00:00,62,81,126.4,11,63,45
2025-12-31 04:00:00,65,87,126.2,13,71,47
2025-12-31 05:00:00,62,85,123.3,13,69,46
2025-12-31 06:00:00,66,86,130.7,13,69,48
2025-12-31 07:00:00,65,83,127.1,14,69,47
2025-12-31 08:00:00,71,87,133.9,13,72,50
2025-12-31 09:00:00,72,84,131.6,14,68,51
2025-12-31 10:00:00,78,92,136.8,16,73,51
2025-12-31 11:00:00,78,93,137.3,15,73,50
2025-12-31 12:00:00,81,93,141.0,15,72,52
2025-12-31 13:00:00,81,98,142.9,17,78,56
2025-12-31 14:00:00,77,90,133.6,16,76,51
2025-12-31 15:00:00,78,100,140.0,16,76,50
2025-12-31 16:00:00,82,96,137.3,17,80,53
2025-12-31 17:00:00,82,92,139.4,17,76,51
2025-12-31 18:00:00,83,90,137.3,16,76,52
2025-12-31 19:00:00,77,90,127.5,16,72,51
2025-12-31 20:00:00,77,92,144.0,15,74,52
2025-12-31 21:00:00,71,85,128.7,13,65,46
2025-12-31 22:00:00,69,83,126.0,14,73,48
2025-12-31 23:00:00,67,81,131.5,13,69,49
2026-01-01 00:00:00,67,88,125.8,13,71,47
2026-01-01 01:00:00,66,79,121.3,13,70,48
2026-01-01 02:00:00,63,80,123.6,12,68,45
2026-01-01 03:00:00,66,86,126.4,14,66,48
2026-01-01 04:00:00,63,82,122.6,14,60,46
2026-01-01 05:00:00,69,87,127.6,15,74,45
2026-01-01 06:00:00,65,81,125.4,13,68,48
2026-01-01 07:00:00,71,86,135.7,14,70,51
2026-01-01 08:00:00,75,94,132.0,16,73,49
2026-01-01 09:00:00,76,88,137.6,15,72,54
2026-01-01 10:00:00,79,92,142.9,15,74,50
2026-01-01 11:00:00,78,95,137.3,16,74,51
2026-01-01 12:00:00,80,92,140.4,14,75,54
2026-01-01 13:00:00,79,95,139.2,16,74,51
2026-01-01 14:00:00,76,97,133.3,15,76,48
2026-01-01 15:00:00,82,96,145.8,16,78,56
2026-01-01 16:00:00,82,100,143.3,17,76,52
2026-01-01 17:00:00,83,100,142.0,18,77,55
2026-01-01 18:00:00,76,89,131.1,16,71,51
2026-01-01 19:00:00,71,91,134.5,14,72,50
2026-01-01 20:00:00,73,91,134.8,15,75,50
2026-01-01 21:00:00,74,92,137.2,14,74,50
2026-01-01 22:00:00,71,87,133.0,15,70,50
2026-01-01 23:00:00,67,84,125.4,12,67,46
2026-01-02 00:00:00,63,85,115.3,13,68,46
2026-01-02 01:00:00,63,85,125.5,13,66,49
2026-01-02 02:00:00,65,79,124.5,12,67,46
2026-01-02 03:00:00,61,83,124.4,12,68,48
2026-01-02 04:00:00,67,88,133.8,15,67,50
2026-01-02 05:00:00,67,84,127.9,13,69,46
2026-01-02 06:00:00,72,87,134.2,15,69,48
2026-01-02 07:00:00,72,87,133.7,16,71,49
2026-01-02 08:00:00,73,82,127.2,15,70,46
2026-01-02 09:00:00,76,92,132.9,15,76,51
2026-01-02 10:00:00,76,95,140.9,17,74,54
2026-01-02 11:00:00,77,94,135.3,14,73,50
2026-01-02 12:00:00,77,93,138.6,14,73,54
2026-01-02 13:00:00,82,95,138.3,17,78,56
2026-01-02 14:00:00,80,101,144.8,19,73,53
2026-01-02 15:00:00,82,105,145.8,18,76,56
2026-01-02 16:00:00,82,102,142.9,17,75,55
2026-01-02 17:00:00,82,91,142.1,16,76,54
2026-01-02 18:00:00,80,97,141.6,17,76,57
2026-01-02 19:00:00,73,90,131.6,16,71,51
2026-01-02 20:00:00,73,88,133.3,15,71,51
2026-01-02 21:00:00,75,86,135.8,15,69,50
2026-01-02 22:00:00,71,89,135.7,15,69,52
2026-01-02 23:00:00,64,88,127.2,14,69,47
2026-01-03 00:00:00,64,84,131.6,13,52,50
2026-01-03 01:00:00,63,84,123.1,14,53,42
2026-01-03 02:00:00,69,85,125.3,13,57,48
2026-01-03 03:00:00,69,86,125.9,14,56,49
2026-01-03 04:00:00,66,89,129.0,14,54,48
2026-01-03 05:00:00,65,82,125.8,12,55,42
2026-01-03 06:00:00,70,88,131.4,13,55,51
2026-01-03 07:00:00,71,86,129.0,14,56,51
2026-01-03 08:00:00,71,91,140.0,15,56,50
2026-01-03 09:00:00,75,93,140.8,15,56,54
2026-01-03 10:00:00,74,95,133.2,15,58,48
2026-01-03 11:00:00,82,95,141.0,17,63,52
2026-01-03 12:00:00,75,93,136.5,16,60,51
2026-01-03 13:00:00,75,92,138.1,16,60,54
2026-01-03 14:00:00,83,99,139.0,17,63,54
2026-01-03 15:00:00,78,98,134.9,16,61,51
2026-01-03 16:00:00,79,96,136.3,17,60,51
2026-01-03 17:00:00,81,102,147.8,16,59,56
2026-01-03 18:00:00,79,93,136.6,17,60,52
2026-01-03 19:00:00,77,99,141.8,15,61,55
2026-01-03 20:00:00,80,97,142.6,16,62,52
2026-01-03 21:00:00,70,83,128.7,14,56,52
2026-01-03 22:00:00,73,88,135.5,16,58,52
2026-01-03 23:00:00,68,85,125.2,12,53,43
2026-01-04 00:00:00,69,76,125.3,14,57,47
2026-01-04 01:00:00,67,80,120.3,14,54,43
2026-01-04 02:00:00,67,88,129.4,13,52,48
2026-01-04 03:00:00,70,93,130.3,15,56,44
2026-01-04 04:00:00,67,89,136.5,13,56,48
2026-01-04 05:00:00,68,89,130.3,13,57,48
2026-01-04 06:00:00,67,89,132.0,14,55,48
2026-01-04 07:00:00,72,97,137.4,14,57,53
2026-01-04 08:00:00,81,101,142.9,17,60,53
2026-01-04 09:00:00,73,93,137.8,14,58,52
2026-01-04 10:00:00,75,90,135.2,15,58,53
2026-01-04 11:00:00,78,91,138.9,16,62,49
2026-01-04 12:00:00,82,105,152.3,16,62,55
2026-01-04 13:00:00,83,101,144.8,17,61,53
2026-01-04 14:00:00,81,102,141.9,17,63,53
2026-01-04 15:00:00,81,95,138.9,16,61,54
2026-01-04 16:00:00,83,97,143.0,16,63,51
2026-01-04 17:00:00,83,98,143.4,17,61,52
2026-01-04 18:00:00,78,98,140.0,15,61,53
2026-01-04 19:00:00,77,94,133.4,15,61,47
2026-01-04 20:00:00,70,90,125.2,16,59,46
2026-01-04 21:00:00,69,88,128.1,15,57,46
2026-01-04 22:00:00,68,93,132.2,14,53,48
2026-01-04 23:00:00,68,88,130.6,14,53,52
2026-01-05 00:00:00,66,90,130.6,13,70,47
2026-01-05 01:00:00,62,84,125.6,13,64,44
2026-01-05 02:00:00,62,76,120.8,12,63,44
2026-01-05 03:00:00,62,85,121.8,12,68,44
2026-01-05 04:00:00,70,85,131.6,14,68,50
2026-01-05 05:00:00,68,90,131.2,14,69,50
2026-01-05 06:00:00,76,102,136.9,16,74,50
2026-01-05 07:00:00,72,95,136.8,15,74,51
2026-01-05 08:00:00,74,104,142.6,16,77,52
2026-01-05 09:00:00,80,99,144.0,14,81,54
2026-01-05 10:00:00,78,96,142.5,15,77,56
2026-01-05 11:00:00,85,102,143.8,16,82,57
2026-01-05 12:00:00,82,108,148.7,18,77,57
2026-01-05 13:00:00,83,109,146.6,17,76,54
2026-01-05 14:00:00,85,101,151.4,17,79,55
2026-01-05 15:00:00,85,103,149.2,18,78,53
2026-01-05 16:00:00,81,97,142.5,16,79,53
2026-01-05 17:00:00,89,103,154.4,18,79,57
2026-01-05 18:00:00,79,104,141.5,16,75,55
2026-01-05 19:00:00,73,97,138.3,15,72,49
2026-01-05 20:00:00,71,92,140.4,14,71,54
2026-01-05 21:00:00,72,94,137.1,14,72,48
2026-01-05 22:00:00,75,92,136.2,16,73,49
2026-01-05 23:00:00,68,89,129.8,13,73,47
2026-01-06 00:00:00,72,90,130.2,14,69,47
2026-01-06 01:00:00,68,88,128.9,16,71,50
2026-01-06 02:00:00,70,92,130.3,15,72,49
2026-01-06 03:00:00,69,91,130.7,14,71,51
2026-01-06 04:00:00,68,86,128.7,13,70,48
2026-01-06 05:00:00,70,87,133.8,15,69,48
2026-01-06 06:00:00,69,91,130.6,15,68,46
2026-01-06 07:00:00,72,97,133.9,15,73,49
2026-01-06 08:00:00,76,97,140.8,16,73,51
2026-01-06 09:00:00,81,96,143.5,17,77,55
2026-01-06 10:00:00,75,101,138.6,14,74,54
2026-01-06 11:00:00,75,101,141.0,17,76,55
2026-01-06 12:00:00,82,106,144.8,17,80,55
2026-01-06 13:00:00,86,105,146.8,19,81,54
2026-01-06 14:00:00,83,103,149.6,16,80,58
2026-01-06 15:00:00,80,105,143.3,17,77,55
2026-01-06 16:00:00,84,108,145.7,16,80,53
2026-01-06 17:00:00,76,100,139.2,17,74,53
2026-01-06 18:00:00,81,101,137.3,17,76,51
2026-01-06 19:00:00,76,98,138.3,17,74,50
2026-01-06 20:00:00,75,98,138.7,15,76,54
2026-01-06 21:00:00,73,92,140.6,15,72,53
2026-01-06 22:00:00,71,92,134.0,16,73,52
2026-01-06 23:00:00,69,94,134.0,14,69,49
2026-01-07 00:00:00,70,87,131.9,14,66,48
2026-01-07 01:00:00,68,85,135.8,14,68,46
2026-01-07 02:00:00,61,85,127.6,11,66,50
2026-01-07 03:00:00,66,86,123.2,13,70,48
2026-01-07 04:00:00,66,93,134.0,15,69,48
2026-01-07 05:00:00,65,87,124.7,12,71,42
2026-01-07 06:00:00,72,92,132.3,16,73,52
2026-01-07 07:00:00,73,98,132.5,15,72,50
2026-01-07 08:00:00,75,99,144.0,17,74,55
2026-01-07 09:00:00,75,98,141.9,16,72,49
2026-01-07 10:00:00,81,102,146.8,16,76,52
2026-01-07 11:00:00,83,103,148.2,18,77,56
2026-01-07 12:00:00,88,104,150.3,19,80,56
2026-01-07 13:00:00,83,104,144.3,18,77,53
2026-01-07 14:00:00,82,113,148.6,17,80,52
2026-01-07 15:00:00,83,108,145.0,19,75,54
2026-01-07 16:00:00,87,113,148.5,18,83,57
2026-01-07 17:00:00,79,101,139.7,17,76,54
2026-01-07 18:00:00,76,101,146.6,14,76,55
2026-01-07 19:00:00,74,95,135.3,15,75,50
2026-01-07 20:00:00,73,95,138.7,15,73,53
2026-01-07 21:00:00,72,102,143.9,14,75,52
2026-01-07 22:00:00,71,92,135.7,16,72,54
2026-01-07 23:00:00,71,98,133.3,13,73,50
2026-01-08 00:00:00,69,87,128.4,15,69,48
2026-01-08 01:00:00,66,87,128.5,12,71,48
2026-01-08 02:00:00,68,90,137.6,15,70,49
2026-01-08 03:00:00,66,91,134.2,13,72,51
2026-01-08 04:00:00,67,95,133.1,13,68,48
2026-01-08 05:00:00,69,95,132.3,14,70,51
2026-01-08 06:00:00,67,93,132.4,15,68,49
2026-01-08 07:00:00,78,96,139.8,15,77,51
2026-01-08 08:00:00,76,98,138.9,16,75,53
2026-01-08 09:00:00,75,98,135.2,16,71,49
2026-01-08 10:00:00,78,100,137.8,17,73,50
2026-01-08 11:00:00,76,108,143.4,17,73,54
2026-01-08 12:00:00,85,99,141.2,18,80,54
2026-01-08 13:00:00,89,112,149.9,19,84,56
2026-01-08 14:00:00,84,106,146.5,17,77,54
2026-01-08 15:00:00,84,104,146.7,18,74,55
2026-01-08 16:00:00,80,108,148.4,18,73,57
2026-01-08 17:00:00,80,110,141.6,17,80,55
2026-01-08 18:00:00,77,107,138.4,17,78,53
2026-01-08 19:00:00,78,103,145.4,17,79,53
2026-01-08 20:00:00,79,103,147.5,17,76,59
2026-01-08 21:00:00,71,91,129.7,16,67,44
2026-01-08 22:00:00,72,93,131.7,14,73,47
2026-01-08 23:00:00,71,90,134.5,15,70,51
2026-01-09 00:00:00,66,97,132.1,14,74,52
2026-01-09 01:00:00,72,91,134.0,15,73,51
2026-01-09 02:00:00,71,95,132.3,15,72,49
2026-01-09 03:00:00,70,94,135.5,14,70,53
2026-01-09 04:00:00,70,90,131.5,14,73,48
2026-01-09 05:00:00,72,92,133.3,15,70,48
2026-01-09 06:00:00,74,100,134.8,15,71,52
2026-01-09 07:00:00,77,95,140.5,14,74,56
2026-01-09 08:00:00,75,100,137.8,15,76,48
2026-01-09 09:00:00,79,99,140.6,17,79,56
2026-01-09 10:00:00,83,103,148.6,18,74,58
2026-01-09 11:00:00,75,105,137.5,16,77,53
2026-01-09 12:00:00,83,104,145.4,19,78,57
2026-01-09 13:00:00,85,104,142.0,17,80,55
2026-01-09 14:00:00,80,109,143.7,16,74,55
2026-01-09 15:00:00,84,105,150.0,17,77,56
2026-01-09 16:00:00,80,104,139.0,17,78,50
2026-01-09 17:00:00,82,102,144.7,16,77,53
2026-01-09 18:00:00,80,104,148.0,17,76,56
2026-01-09 19:00:00,77,105,143.4,17,75,54
2026-01-09 20:00:00,80,105,142.2,17,77,52
2026-01-09 21:00:00,72,95,131.9,16,72,48
2026-01-09 22:00:00,75,103,134.0,17,72,50
2026-01-09 23:00:00,72,91,138.6,15,71,50
2026-01-10 00:00:00,68,98,132.2,15,58,48
2026-01-10 01:00:00,68,91,125.4,13,56,49
2026-01-10 02:00:00,66,90,126.4,15,56,45
2026-01-10 03:00:00,67,91,127.1,14,55,47
2026-01-10 04:00:00,75,94,134.9,15,57,52
2026-01-10 05:00:00,72,98,143.2,16,60,53
2026-01-10 06:00:00,74,99,140.5,15,60,52
2026-01-10 07:00:00,75,96,138.4,15,58,55
2026-01-10 08:00:00,76,98,142.5,16,61,55
2026-01-10 09:00:00,73,100,142.9,14,60,57
2026-01-10 10:00:00,86,105,149.2,17,62,55
2026-01-10 11:00:00,78,106,147.3,17,61,55
2026-01-10 12:00:00,87,105,146.2,19,64,57
2026-01-10 13:00:00,86,110,146.8,18,65,59
2026-01-10 14:00:00,87,117,149.6,18,68,59
2026-01-10 15:00:00,83,107,147.3,18,64,55
2026-01-10 16:00:00,90,107,142.6,17,66,55
2026-01-10 17:00:00,84,109,151.8,19,61,57
2026-01-10 18:00:00,80,103,141.6,17,65,54
2026-01-10 19:00:00,78,106,145.0,16,59,54
2026-01-10 20:00:00,74,99,133.4,17,58,50
2026-01-10 21:00:00,76,105,144.7,16,59,48
2026-01-10 22:00:00,70,98,139.2,15,57,50
2026-01-10 23:00:00,72,93,134.5,16,56,52
2026-01-11 00:00:00,67,93,133.0,14,53,53
2026-01-11 01:00:00,71,93,130.3,15,59,49
2026-01-11 02:00:00,72,99,136.7,16,57,50
2026-01-11 03:00:00,67,90,133.2,13,52,47
2026-01-11 04:00:00,70,93,132.3,14,56,48
2026-01-11 05:00:00,72,95,139.4,15,58,52
2026-01-11 06:00:00,69,98,128.8,13,54,49
2026-01-11 07:00:00,79,99,139.8,15,61,51
2026-01-11 08:00:00,75,97,131.6,14,59,50
2026-01-11 09:00:00,80,103,144.0,16,60,55
2026-01-11 10:00:00,82,106,145.0,16,63,57
2026-01-11 11:00:00,76,106,140.6,16,63,53
2026-01-11 12:00:00,83,112,150.1,17,63,55
2026-01-11 13:00:00,88,113,150.7,19,64,54
2026-01-11 14:00:00,85,110,157.1,18,62,58
2026-01-11 15:00:00,87,111,152.4,18,67,59
2026-01-11 16:00:00,82,102,143.9,18,61,55
2026-01-11 17:00:00,85,106,145.5,18,63,56
2026-01-11 18:00:00,82,110,144.0,18,64,56
2026-01-11 19:00:00,82,103,145.5,16,63,57
2026-01-11 20:00:00,73,100,136.0,17,56,52
2026-01-11 21:00:00,76,108,145.5,16,61,55
2026-01-11 22:00:00,73,105,138.7,18,58,47
2026-01-11 23:00:00,72,98,136.1,14,60,52
2026-01-12 00:00:00,70,100,136.1,14,70,54
2026-01-12 01:00:00,66,88,128.3,13,70,45
2026-01-12 02:00:00,66,93,131.2,14,65,51
2026-01-12 03:00:00,67,94,137.9,13,71,53
2026-01-12 04:00:00,70,96,135.3,16,73,51
2026-01-12 05:00:00,66,96,132.5,15,68,46
2026-01-12 06:00:00,65,90,130.9,13,70,46
2026-01-12 07:00:00,75,103,139.5,17,74,53
2026-01-12 08:00:00,71,105,134.8,17,69,53
2026-01-12 09:00:00,80,111,136.9,17,78,48
2026-01-12 10:00:00,79,105,137.0,16,75,51
2026-01-12 11:00:00,83,106,148.4,18,80,57
2026-01-12 12:00:00,80,101,143.2,17,79,53
2026-01-12 13:00:00,89,110,150.6,17,80,57
2026-01-12 14:00:00,88,114,159.4,20,79,63
2026-01-12 15:00:00,80,109,145.3,16,77,56
2026-01-12 16:00:00,85,118,144.7,19,82,56
2026-01-12 17:00:00,86,108,151.2,17,78,55
2026-01-12 18:00:00,79,108,147.8,17,78,54
2026-01-12 19:00:00,78,101,142.8,16,77,54
2026-01-12 20:00:00,81,104,147.5,19,79,55
2026-01-12 21:00:00,71,94,129.2,14,73,49
2026-01-12 22:00:00,76,102,140.5,15,71,55
2026-01-12 23:00:00,70,100,132.8,15,71,49
2026-01-13 00:00:00,64,102,134.0,15,70,50
2026-01-13 01:00:00,71,93,138.4,14,72,45
2026-01-13 02:00:00,70,97,133.4,13,66,49
2026-01-13 03:00:00,71,99,137.6,16,71,52
2026-01-13 04:00:00,68,99,131.0,16,71,47
2026-01-13 05:00:00,68,96,132.6,15,71,47
2026-01-13 06:00:00,74,92,133.5,15,77,54
2026-01-13 07:00:00,76,103,146.0,16,76,56
2026-01-13 08:00:00,77,104,137.9,15,73,51
2026-01-13 09:00:00,79,104,143.3,18,75,56
2026-01-13 10:00:00,86,111,153.7,19,79,57
2026-01-13 11:00:00,85,110,142.7,17,78,51
2026-01-13 12:00:00,82,107,146.8,17,78,54
2026-01-13 13:00:00,80,105,144.0,18,75,53
2026-01-13 14:00:00,86,108,146.6,19,79,54
2026-01-13 15:00:00,85,120,156.1,19,81,56
2026-01-13 16:00:00,82,114,153.3,20,79,57
2026-01-13 17:00:00,86,111,151.9,19,79,59
2026-01-13 18:00:00,83,108,145.9,18,77,55
2026-01-13 19:00:00,80,105,139.6,17,75,52
2026-01-13 20:00:00,75,108,142.4,16,76,54
2026-01-13 21:00:00,79,100,141.1,17,74,53
2026-01-13 22:00:00,76,102,140.1,16,76,54
2026-01-13 23:00:00,70,97,133.3,16,72,49
2026-01-14 00:00:00,71,105,136.1,15,71,53
2026-01-14 01:00:00,70,100,135.9,15,75,50
2026-01-14 02:00:00,69,102,131.8,13,72,47
2026-01-14 03:00:00,74,95,139.9,16,72,54
2026-01-14 04:00:00,70,102,134.1,16,76,53
2026-01-14 05:00:00,69,98,134.4,16,71,48
2026-01-14 06:00:00,77,102,139.9,16,76,54
2026-01-14 07:00:00,75,109,144.1,16,75,51
2026-01-14 08:00:00,78,102,143.3,17,78,50
2026-01-14 09:00:00,81,108,147.3,18,81,57
2026-01-14 10:00:00,82,111,143.4,17,79,55
2026-01-14 11:00:00,81,113,146.7,16,78,56
2026-01-14 12:00:00,84,111,153.1,17,81,58
2026-01-14 13:00:00,85,120,151.0,19,80,59
2026-01-14 14:00:00,84,109,151.0,17,79,55
2026-01-14 15:00:00,89,118,154.0,20,81,61
2026-01-14 16:00:00,90,116,153.3,19,86,59
2026-01-14 17:00:00,82,117,150.2,18,82,54
2026-01-14 18:00:00,79,104,140.4,18,80,51
2026-01-14 19:00:00,77,104,144.5,17,75,52
2026-01-14 20:00:00,80,110,142.8,19,79,55
2026-01-14 21:00:00,70,97,135.7,16,72,51
2026-01-14 22:00:00,69,96,136.8,14,72,49
2026-01-14 23:00:00,67,98,134.0,15,74,50
2026-01-15 00:00:00,67,100,131.8,15,69,51
2026-01-15 01:00:00,70,104,137.2,16,71,52
2026-01-15 02:00:00,73,97,134.6,16,72,51
2026-01-15 03:00:00,70,96,133.5,14,69,51
2026-01-15 04:00:00,71,100,134.6,16,68,54
2026-01-15 05:00:00,76,102,137.6,16,74,53
2026-01-15 06:00:00,75,104,141.8,15,76,50
2026-01-15 07:00:00,77,103,143.9,16,75,54
2026-01-15 08:00:00,75,99,141.3,16,72,54
2026-01-15 09:00:00,77,105,142.7,17,78,56
2026-01-15 10:00:00,80,115,151.6,17,76,56
2026-01-15 11:00:00,82,112,145.7,16,75,57
2026-01-15 12:00:00,84,112,152.4,18,76,57
2026-01-15 13:00:00,88,118,155.8,19,85,57
2026-01-15 14:00:00,85,110,148.7,18,79,54
2026-01-15 15:00:00,85,113,150.1,18,82,55
2026-01-15 16:00:00,83,113,151.5,19,81,57
2026-01-15 17:00:00,84,110,150.2,18,75,56
2026-01-15 18:00:00,81,110,146.8,18,78,54
2026-01-15 19:00:00,81,107,143.6,16,79,54
2026-01-15 20:00:00,72,101,134.1,15,71,52
2026-01-15 21:00:00,77,105,141.7,16,73,57
2026-01-15 22:00:00,74,97,133.8,17,74,50
2026-01-15 23:00:00,74,101,140.3,16,71,56
2026-01-16 00:00:00,72,105,132.8,15,74,50
2026-01-16 01:00:00,72,98,137.0,15,74,50
2026-01-16 02:00:00,65,95,129.7,15,71,51
2026-01-16 03:00:00,70,99,133.4,14,73,48
2026-01-16 04:00:00,69,97,133.2,14,74,49
2026-01-16 05:00:00,75,103,131.4,17,73,49
2026-01-16 06:00:00,69,102,134.0,15,75,56
2026-01-16 07:00:00,75,111,139.7,16,74,51
2026-01-16 08:00:00,83,111,145.4,17,77,53
2026-01-16 09:00:00,74,108,150.2,17,77,58
2026-01-16 10:00:00,85,113,145.6,19,81,54
2026-01-16 11:00:00,82,111,148.1,17,75,53
2026-01-16 12:00:00,86,114,148.1,19,82,58
2026-01-16 13:00:00,89,113,149.8,19,82,55
2026-01-16 14:00:00,88,117,149.0,18,82,56
2026-01-16 15:00:00,91,119,159.2,19,82,62
2026-01-16 16:00:00,85,116,154.3,18,83,58
2026-01-16 17:00:00,84,116,148.0,17,83,54
2026-01-16 18:00:00,85,114,152.8,19,81,57
2026-01-16 19:00:00,79,111,142.3,17,75,52
2026-01-16 20:00:00,78,103,140.6,16,73,55
2026-01-16 21:00:00,80,111,148.0,18,76,56
2026-01-16 22:00:00,78,109,140.7,16,78,49
2026-01-16 23:00:00,68,100,132.0,15,71,44
2026-01-17 00:00:00,70,99,135.1,15,58,51
2026-01-17 01:00:00,71,102,137.2,15,57,51
2026-01-17 02:00:00,70,101,132.6,15,60,51
2026-01-17 03:00:00,70,99,141.9,15,56,50
2026-01-17 04:00:00,70,96,131.9,15,57,49
2026-01-17 05:00:00,71,103,140.2,16,58,53
2026-01-17 06:00:00,74,105,141.8,16,61,50
2026-01-17 07:00:00,74,108,138.3,17,60,50
2026-01-17 08:00:00,77,109,144.6,16,63,53
2026-01-17 09:00:00,76,109,139.9,17,63,57
2026-01-17 10:00:00,83,115,149.7,18,62,55
2026-01-17 11:00:00,83,113,151.4,19,63,58
2026-01-17 12:00:00,82,113,146.4,18,63,57
2026-01-17 13:00:00,90,115,155.0,19,65,58
2026-01-17 14:00:00,84,109,146.1,19,61,56
2026-01-17 15:00:00,87,115,151.9,19,64,53
2026-01-17 16:00:00,84,117,151.0,19,65,61
2026-01-17 17:00:00,83,114,148.0,20,64,56
2026-01-17 18:00:00,84,117,145.3,18,65,55
2026-01-17 19:00:00,79,109,146.8,17,64,52
2026-01-17 20:00:00,79,109,150.2,17,60,55
2026-01-17 21:00:00,79,108,144.4,16,60,59
2026-01-17 22:00:00,75,112,140.9,16,60,52
2026-01-17 23:00:00,69,102,136.3,16,59,49
2026-01-18 00:00:00,66,97,135.6,14,58,49
2026-01-18 01:00:00,75,103,143.5,17,60,48
2026-01-18 02:00:00,74,107,143.2,16,62,53
2026-01-18 03:00:00,72,99,137.6,17,57,52
2026-01-18 04:00:00,71,104,139.5,14,58,50
2026-01-18 05:00:00,70,107,138.4,16,59,52
2026-01-18 06:00:00,74,108,138.2,16,60,52
2026-01-18 07:00:00,76,106,140.5,15,62,46
2026-01-18 08:00:00,75,106,139.6,16,63,53
2026-01-18 09:00:00,77,110,144.1,15,61,55
2026-01-18 10:00:00,78,114,140.5,18,62,51
2026-01-18 11:00:00,87,117,153.7,18,66,59
2026-01-18 12:00:00,83,116,143.4,17,65,52
2026-01-18 13:00:00,87,114,152.6,19,67,58
2026-01-18 14:00:00,86,118,155.7,19,65,59
2026-01-18 15:00:00,89,119,156.8,21,66,61
2026-01-18 16:00:00,87,116,149.3,19,63,58
2026-01-18 17:00:00,83,111,149.4,16,63,56
2026-01-18 18:00:00,83,111,149.7,17,61,62
2026-01-18 19:00:00,81,113,152.5,19,61,60
2026-01-18 20:00:00,75,103,141.2,15,60,51
2026-01-18 21:00:00,77,99,142.3,15,59,53
2026-01-18 22:00:00,75,109,140.4,16,56,52
2026-01-18 23:00:00,73,104,136.2,15,63,48
2026-01-19 00:00:00,68,104,138.3,16,69,49
2026-01-19 01:00:00,70,97,137.1,15,71,52
2026-01-19 02:00:00,69,103,134.3,15,70,50
2026-01-19 03:00:00,70,102,132.2,14,72,47
2026-01-19 04:00:00,68,96,132.9,14,70,49
2026-01-19 05:00:00,74,108,140.8,16,73,50
2026-01-19 06:00:00,69,105,137.6,15,72,50
2026-01-19 07:00:00,78,105,144.9,16,74,60
2026-01-19 08:00:00,78,107,146.3,17,77,55
2026-01-19 09:00:00,77,104,141.6,16,76,55
2026-01-19 10:00:00,79,115,143.6,17,78,56
2026-01-19 11:00:00,86,115,148.7,19,81,57
2026-01-19 12:00:00,84,115,147.8,18,82,56
2026-01-19 13:00:00,91,121,156.0,19,80,60
2026-01-19 14:00:00,86,112,148.8,19,83,56
2026-01-19 15:00:00,90,114,152.5,19,85,58
2026-01-19 16:00:00,85,112,149.9,18,81,56
2026-01-19 17:00:00,87,113,149.0,18,80,55
2026-01-19 18:00:00,84,113,149.9,18,84,53
2026-01-19 19:00:00,80,112,151.6,18,80,55
2026-01-19 20:00:00,79,107,143.1,16,73,53
2026-01-19 21:00:00,73,103,136.8,15,73,51
2026-01-19 22:00:00,81,110,147.3,18,79,58
2026-01-19 23:00:00,75,111,140.1,17,73,53
2026-01-20 00:00:00,72,103,137.0,16,75,52
2026-01-20 01:00:00,71,99,133.5,15,72,47
2026-01-20 02:00:00,69,106,133.8,16,70,49
2026-01-20 03:00:00,72,96,133.1,14,72,48
2026-01-20 04:00:00,68,101,132.8,14,70,53
2026-01-20 05:00:00,69,101,132.0,15,68,47
2026-01-20 06:00:00,73,101,141.5,16,73,53
2026-01-20 07:00:00,73,106,140.8,17,73,58
2026-01-20 08:00:00,82,106,147.9,18,78,56
2026-01-20 09:00:00,80,111,141.9,16,75,47
2026-01-20 10:00:00,75,113,142.2,17,76,55
2026-01-20 11:00:00,84,112,150.4,18,84,56
2026-01-20 12:00:00,87,115,156.4,18,78,56
2026-01-20 13:00:00,85,116,148.7,20,80,56
2026-01-20 14:00:00,84,120,147.8,17,81,57
2026-01-20 15:00:00,86,116,152.2,18,81,55
2026-01-20 16:00:00,85,119,150.0,19,81,57
2026-01-20 17:00:00,82,117,154.6,18,79,58
2026-01-20 18:00:00,81,115,149.2,16,77,58
2026-01-20 19:00:00,82,116,148.3,17,83,56
2026-01-20 20:00:00,80,105,142.7,17,77,55
2026-01-20 21:00:00,77,105,141.6,15,74,50
2026-01-20 22:00:00,72,111,135.1,17,77,51
2026-01-20 23:00:00,74,102,139.1,16,72,53
2026-01-21 00:00:00,71,93,131.9,13,69,49
2026-01-21 01:00:00,74,101,140.3,15,73,53
2026-01-21 02:00:00,68,102,132.2,15,74,51
2026-01-21 03:00:00,68,92,133.6,13,68,48
2026-01-21 04:00:00,74,107,142.3,15,74,52
2026-01-21 05:00:00,71,101,136.9,14,71,55
2026-01-21 06:00:00,76,106,145.6,19,77,51
2026-01-21 07:00:00,76,106,136.1,17,73,54
2026-01-21 08:00:00,75,105,141.9,16,76,58
2026-01-21 09:00:00,78,108,143.1,16,74,50
2026-01-21 10:00:00,85,110,148.5,17,82,59
2026-01-21 11:00:00,83,119,147.6,20,81,57
2026-01-21 12:00:00,83,116,145.0,20,81,57
2026-01-21 13:00:00,87,115,154.5,18,81,59
2026-01-21 14:00:00,86,114,153.1,19,78,56
2026-01-21 15:00:00,84,121,157.7,19,82,57
2026-01-21 16:00:00,86,121,159.2,20,83,59
2026-01-21 17:00:00,84,119,146.4,18,79,57
2026-01-21 18:00:00,82,115,147.9,19,76,59
2026-01-21 19:00:00,87,112,151.9,17,81,61
2026-01-21 20:00:00,77,105,144.5,17,76,53
2026-01-21 21:00:00,74,106,144.7,15,76,52
2026-01-21 22:00:00,79,103,139.2,16,75,52
2026-01-21 23:00:00,73,97,135.0,15,74,54
2026-01-22 00:00:00,74,106,144.7,18,77,54
2026-01-22 01:00:00,68,99,129.0,15,67,47
2026-01-22 02:00:00,75,106,137.3,16,70,55
2026-01-22 03:00:00,74,105,140.9,15,75,50
2026-01-22 04:00:00,72,105,144.9,17,74,53
2026-01-22 05:00:00,69,106,132.1,13,71,47
2026-01-22 06:00:00,74,103,139.4,16,71,55
2026-01-22 07:00:00,83,114,150.3,17,83,57
2026-01-22 08:00:00,79,110,149.4,19,77,58
2026-01-22 09:00:00,80,113,147.9,20,78,53
2026-01-22 10:00:00,82,111,141.5,18,77,56
2026-01-22 11:00:00,83,112,144.4,18,79,49
2026-01-22 12:00:00,84,118,155.3,19,80,56
2026-01-22 13:00:00,87,118,154.1,18,84,58
2026-01-22 14:00:00,90,115,150.2,18,87,59
2026-01-22 15:00:00,89,112,153.4,19,80,57
2026-01-22 16:00:00,83,112,148.9,18,81,52
2026-01-22 17:00:00,89,119,147.1,19,86,54
2026-01-22 18:00:00,84,111,142.4,18,78,52
2026-01-22 19:00:00,82,111,148.0,17,77,61
2026-01-22 20:00:00,81,115,154.0,17,76,59
2026-01-22 21:00:00,73,104,139.6,15,73,50
2026-01-22 22:00:00,73,103,131.1,16,72,46
2026-01-22 23:00:00,74,101,133.8,16,73,49
2026-01-23 00:00:00,70,109,140.5,16,71,52
2026-01-23 01:00:00,70,109,141.0,16,75,51
2026-01-23 02:00:00,72,104,137.8,16,75,56
2026-01-23 03:00:00,70,105,135.5,15,72,49
2026-01-23 04:00:00,73,101,140.2,17,71,53
2026-01-23 05:00:00,73,111,144.6,17,75,52
2026-01-23 06:00:00,76,107,143.5,16,76,55
2026-01-23 07:00:00,78,111,141.8,17,75,52
2026-01-23 08:00:00,77,109,146.4,18,75,57
2026-01-23 09:00:00,80,111,144.8,18,77,55
2026-01-23 10:00:00,83,120,148.9,18,81,60
2026-01-23 11:00:00,85,117,149.5,18,81,57
2026-01-23 12:00:00,85,122,152.9,20,77,59
2026-01-23 13:00:00,86,118,154.3,18,86,55
2026-01-23 14:00:00,88,115,146.4,19,80,53
2026-01-23 15:00:00,83,116,147.4,20,81,57
2026-01-23 16:00:00,85,117,149.7,18,80,56
2026-01-23 17:00:00,85,113,153.2,18,79,59
2026-01-23 18:00:00,77,110,140.7,17,78,52
2026-01-23 19:00:00,87,116,151.0,18,85,57
2026-01-23 20:00:00,81,108,147.7,16,75,54
2026-01-23 21:00:00,73,108,140.4,16,73,53
2026-01-23 22:00:00,70,107,142.3,16,76,51
2026-01-23 23:00:00,72,102,137.4,16,77,51
2026-01-24 00:00:00,70,108,144.2,17,59,52
2026-01-24 01:00:00,72,98,142.5,14,60,55
2026-01-24 02:00:00,72,103,139.0,15,58,50
2026-01-24 03:00:00,71,103,138.7,17,56,50
2026-01-24 04:00:00,70,103,138.3,15,58,51
2026-01-24 05:00:00,76,100,141.6,17,62,55
2026-01-24 06:00:00,77,109,143.8,17,60,54
2026-01-24 07:00:00,79,110,148.5,17,64,55
2026-01-24 08:00:00,81,108,146.9,17,64,54
2026-01-24 09:00:00,79,115,150.6,18,62,57
2026-01-24 10:00:00,86,115,147.2,18,69,55
2026-01-24 11:00:00,83,111,148.3,18,63,54
2026-01-24 12:00:00,86,114,153.8,18,62,57
2026-01-24 13:00:00,87,122,151.0,20,65,56
2026-01-24 14:00:00,83,119,151.7,19,64,56
2026-01-24 15:00:00,89,116,154.9,19,64,54
2026-01-24 16:00:00,81,114,152.4,17,61,59
2026-01-24 17:00:00,82,114,146.9,18,64,55
2026-01-24 18:00:00,81,112,147.8,18,64,55
2026-01-24 19:00:00,75,109,140.4,16,61,51
2026-01-24 20:00:00,74,104,139.2,15,59,51
2026-01-24 21:00:00,78,112,150.0,18,61,54
2026-01-24 22:00:00,75,109,141.8,16,59,51
2026-01-24 23:00:00,71,100,134.0,15,58,49
2026-01-25 00:00:00,70,104,135.9,16,56,51
2026-01-25 01:00:00,70,99,133.7,16,57,51
2026-01-25 02:00:00,69,101,134.2,16,58,51
2026-01-25 03:00:00,66,101,131.9,15,55,51
2026-01-25 04:00:00,71,102,135.0,16,55,52
2026-01-25 05:00:00,72,111,137.1,16,59,51
2026-01-25 06:00:00,76,104,141.5,17,58,54
2026-01-25 07:00:00,75,105,137.5,18,59,51
2026-01-25 08:00:00,84,107,150.8,18,64,55
2026-01-25 09:00:00,84,116,149.4,17,65,60
2026-01-25 10:00:00,81,108,146.7,15,62,57
2026-01-25 11:00:00,85,113,151.2,20,65,58
2026-01-25 12:00:00,82,122,145.6,20,67,55
2026-01-25 13:00:00,89,119,153.8,19,65,60
2026-01-25 14:00:00,85,119,157.1,20,63,59
2026-01-25 15:00:00,89,125,154.4,20,68,59
2026-01-25 16:00:00,84,118,157.9,19,63,61
2026-01-25 17:00:00,82,113,149.8,18,61,56
2026-01-25 18:00:00,82,113,149.5,17,63,59
2026-01-25 19:00:00,80,108,145.6,17,62,55
2026-01-25 20:00:00,80,114,150.2,18,63,53
2026-01-25 21:00:00,77,110,147.0,17,59,56
2026-01-25 22:00:00,72,110,140.0,16,60,51
2026-01-25 23:00:00,80,109,143.7,18,59,52
2026-01-26 00:00:00,72,102,133.0,16,70,48
2026-01-26 01:00:00,71,99,138.2,16,75,48
2026-01-26 02:00:00,70,102,136.1,16,69,52
2026-01-26 03:00:00,68,99,131.2,15,66,50
2026-01-26 04:00:00,72,104,136.4,17,74,51
2026-01-26 05:00:00,75,108,141.3,15,74,50
2026-01-26 06:00:00,78,105,139.5,17,75,53
2026-01-26 07:00:00,82,108,146.4,18,81,59
2026-01-26 08:00:00,82,110,142.1,18,80,54
2026-01-26 09:00:00,77,115,143.8,18,79,53
2026-01-26 10:00:00,81,112,143.3,18,78,52
2026-01-26 11:00:00,83,108,147.5,19,79,54
2026-01-26 12:00:00,85,119,149.1,18,80,60
2026-01-26 13:00:00,88,121,152.7,19,81,57
2026-01-26 14:00:00,82,120,157.0,18,80,55
2026-01-26 15:00:00,88,115,155.5,20,83,59
2026-01-26 16:00:00,80,113,148.4,18,81,55
2026-01-26 17:00:00,81,117,152.7,17,81,55
2026-01-26 18:00:00,81,114,148.9,18,80,57
2026-01-26 19:00:00,81,112,142.2,16,78,53
2026-01-26 20:00:00,77,116,141.5,18,76,53
2026-01-26 21:00:00,73,105,131.0,15,74,49
2026-01-26 22:00:00,79,112,146.4,16,78,58
2026-01-26 23:00:00,73,104,135.6,15,72,52
2026-01-27 00:00:00,71,96,133.1,15,71,51
2026-01-27 01:00:00,68,101,133.5,15,71,47
2026-01-27 02:00:00,71,105,136.4,15,75,48
2026-01-27 03:00:00,70,101,135.8,15,72,56
2026-01-27 04:00:00,68,98,132.7,14,75,51
2026-01-27 05:00:00,73,104,137.3,15,72,49
2026-01-27 06:00:00,69,103,131.2,14,73,51
2026-01-27 07:00:00,78,109,144.9,17,76,54
2026-01-27 08:00:00,79,113,152.0,18,78,56
2026-01-27 09:00:00,79,108,145.2,17,77,53
2026-01-27 10:00:00,84,111,155.6,20,79,59
2026-01-27 11:00:00,86,118,150.8,18,82,60
2026-01-27 12:00:00,84,114,148.8,18,78,58
2026-01-27 13:00:00,83,114,148.6,18,76,60
2026-01-27 14:00:00,89,114,152.2,19,84,57
2026-01-27 15:00:00,84,119,154.5,18,80,58
2026-01-27 16:00:00,88,118,146.7,19,85,58
2026-01-27 17:00:00,80,113,145.2,17,78,56
2026-01-27 18:00:00,85,114,155.2,19,77,63
2026-01-27 19:00:00,85,117,149.7,18,81,61
2026-01-27 20:00:00,73,106,142.5,14,71,52
2026-01-27 21:00:00,76,101,141.4,16,71,49
2026-01-27 22:00:00,76,107,141.8,18,75,47
2026-01-27 23:00:00,75,104,140.8,17,75,53
2026-01-28 00:00:00,72,100,136.5,14,73,50
2026-01-28 01:00:00,69,104,129.9,16,71,50
2026-01-28 02:00:00,71,105,139.0,16,71,50
2026-01-28 03:00:00,73,94,133.4,15,78,53
2026-01-28 04:00:00,68,100,130.3,14,69,46
2026-01-28 05:00:00,76,112,144.8,16,74,53
2026-01-28 06:00:00,78,108,144.4,16,79,53
2026-01-28 07:00:00,75,110,145.0,18,74,55
2026-01-28 08:00:00,76,114,143.6,17,76,53
2026-01-28 09:00:00,78,112,147.2,16,77,54
2026-01-28 10:00:00,85,116,150.8,18,79,59
2026-01-28 11:00:00,82,118,150.6,18,82,59
2026-01-28 12:00:00,86,118,153.7,18,83,58
2026-01-28 13:00:00,90,116,150.0,19,84,55
2026-01-28 14:00:00,87,118,154.0,19,84,59
2026-01-28 15:00:00,84,115,150.4,18,80,58
2026-01-28 16:00:00,86,117,151.0,17,83,57
2026-01-28 17:00:00,83,111,148.3,18,80,54
2026-01-28 18:00:00,83,111,155.5,17,77,57
2026-01-28 19:00:00,85,111,143.0,19,80,55
2026-01-28 20:00:00,79,106,143.0,19,76,56
2026-01-28 21:00:00,81,106,147.2,16,74,53
2026-01-28 22:00:00,76,105,137.1,16,72,52
2026-01-28 23:00:00,71,105,139.4,15,71,54
2026-01-29 00:00:00,78,106,143.7,17,79,55
2026-01-29 01:00:00,70,100,130.7,13,67,51
2026-01-29 02:00:00,69,106,135.2,15,72,49
2026-01-29 03:00:00,77,105,147.4,16,77,55
2026-01-29 04:00:00,70,104,132.3,17,72,47
2026-01-29 05:00:00,71,104,136.3,17,72,49
2026-01-29 06:00:00,73,106,139.5,16,73,50
2026-01-29 07:00:00,78,111,144.8,16,80,52
2026-01-29 08:00:00,82,114,146.9,17,78,57
2026-01-29 09:00:00,75,116,144.9,17,74,51
2026-01-29 10:00:00,85,113,149.9,17,79,54
2026-01-29 11:00:00,84,117,152.4,19,80,59
2026-01-29 12:00:00,86,121,155.8,19,80,58
2026-01-29 13:00:00,90,115,155.2,19,83,57
2026-01-29 14:00:00,87,116,153.0,19,81,59
2026-01-29 15:00:00,88,117,148.3,20,82,56
2026-01-29 16:00:00,87,119,153.4,19,84,58
2026-01-29 17:00:00,87,118,156.4,19,78,59
2026-01-29 18:00:00,87,113,145.8,19,80,55
2026-01-29 19:00:00,73,106,135.7,14,72,49
2026-01-29 20:00:00,82,110,151.1,18,77,56
2026-01-29 21:00:00,79,104,138.6,17,77,53
2026-01-29 22:00:00,74,100,138.0,16,74,52
2026-01-29 23:00:00,70,99,133.5,16,68,50
2026-01-30 00:00:00,69,103,140.1,14,70,51
2026-01-30 01:00:00,78,106,143.6,16,78,54
2026-01-30 02:00:00,68,101,137.0,14,69,48
2026-01-30 03:00:00,75,102,139.3,16,75,53
2026-01-30 04:00:00,74,106,145.9,15,70,56
2026-01-30 05:00:00,76,98,136.6,15,71,45
2026-01-30 06:00:00,74,107,141.6,16,76,55
2026-01-30 07:00:00,72,107,143.2,17,77,56
2026-01-30 08:00:00,79,111,149.7,18,79,57
2026-01-30 09:00:00,76,109,142.2,16,75,49
2026-01-30 10:00:00,89,110,145.0,18,79,55
2026-01-30 11:00:00,86,115,150.1,18,81,55
2026-01-30 12:00:00,89,122,160.8,18,79,60
2026-01-30 13:00:00,89,120,152.6,20,83,59
2026-01-30 14:00:00,85,115,151.1,17,79,58
2026-01-30 15:00:00,85,112,148.4,19,83,56
2026-01-30 16:00:00,84,110,148.1,19,80,55
2026-01-30 17:00:00,90,119,159.5,20,83,63
2026-01-30 18:00:00,79,110,145.4,18,77,53
2026-01-30 19:00:00,79,110,150.6,17,76,53
2026-01-30 20:00:00,79,114,149.0,17,78,55
2026-01-30 21:00:00,73,101,138.4,16,72,51
2026-01-30 22:00:00,72,110,140.2,16,76,50
2026-01-30 23:00:00,66,102,134.5,14,70,51
2026-01-31 00:00:00,66,98,128.1,12,57,47
2026-01-31 01:00:00,73,100,134.2,15,60,52
2026-01-31 02:00:00,69,98,136.7,14,57,47
2026-01-31 03:00:00,73,102,141.0,16,60,51
2026-01-31 04:00:00,69,99,130.8,14,57,51
2026-01-31 05:00:00,70,96,137.0,16,58,50
2026-01-31 06:00:00,78,104,141.5,18,58,52
2026-01-31 07:00:00,79,102,139.3,17,59,55
2026-01-31 08:00:00,81,109,144.9,17,62,57
2026-01-31 09:00:00,80,106,146.8,15,58,53
2026-01-31 10:00:00,83,111,149.8,18,63,56
2026-01-31 11:00:00,85,115,151.5,18,68,57
2026-01-31 12:00:00,85,115,151.5,19,63,58
2026-01-31 13:00:00,86,117,148.2,19,65,53
2026-01-31 14:00:00,90,119,156.8,19,65,57
2026-01-31 15:00:00,82,112,146.2,17,65,56
2026-01-31 16:00:00,89,115,159.4,19,65,62
2026-01-31 17:00:00,80,103,141.9,15,61,53
2026-01-31 18:00:00,79,113,153.0,18,62,56
2026-01-31 19:00:00,79,110,144.1,17,61,54
2026-01-31 20:00:00,75,105,140.4,16,58,53
2026-01-31 21:00:00,75,108,140.6,15,60,53
2026-01-31 22:00:00,74,109,137.3,18,59,56
2026-01-31 23:00:00,71,101,140.2,15,56,50
2026-02-01 00:00:00,69,98,134.6,15,54,48
2026-02-01 01:00:00,70,101,137.9,16,58,50
2026-02-01 02:00:00,71,95,139.1,14,57,52
2026-02-01 03:00:00,69,98,133.8,14,55,48
2026-02-01 04:00:00,73,105,139.1,17,61,51
2026-02-01 05:00:00,72,103,138.5,15,58,49
2026-02-01 06:00:00,74,97,133.1,16,59,48
2026-02-01 07:00:00,74,100,132.8,16,58,47
2026-02-01 08:00:00,77,109,138.4,17,60,53
2026-02-01 09:00:00,79,113,149.6,17,61,55
2026-02-01 10:00:00,81,106,144.1,17,61,56
2026-02-01 11:00:00,88,115,154.7,20,65,59
2026-02-01 12:00:00,86,120,152.1,20,65,61
2026-02-01 13:00:00,86,122,149.2,18,66,56
2026-02-01 14:00:00,86,117,154.6,18,63,59
2026-02-01 15:00:00,85,118,148.9,19,63,54
2026-02-01 16:00:00,82,107,147.4,18,63,55
2026-02-01 17:00:00,83,121,153.8,19,65,58
2026-02-01 18:00:00,81,110,146.1,17,62,52
2026-02-01 19:00:00,80,107,145.8,16,63,56
2026-02-01 20:00:00,75,107,137.2,16,59,52
2026-02-01 21:00:00,75,111,151.7,15,60,56
2026-02-01 22:00:00,74,112,143.5,18,61,54
2026-02-01 23:00:00,69,103,138.2,13,57,51
2026-02-02 00:00:00,70,104,139.4,15,71,52
2026-02-02 01:00:00,70,100,134.8,14,71,52
2026-02-02 02:00:00,65,96,131.3,14,67,51
2026-02-02 03:00:00,71,105,141.2,16,71,51
2026-02-02 04:00:00,69,98,132.9,13,70,50
2026-02-02 05:00:00,71,107,140.1,16,76,50
2026-02-02 06:00:00,76,108,143.7,17,75,58
2026-02-02 07:00:00,75,107,139.1,16,74,54
2026-02-02 08:00:00,79,114,147.3,20,79,53
2026-02-02 09:00:00,86,117,146.6,17,81,58
2026-02-02 10:00:00,80,111,148.4,16,76,52
2026-02-02 11:00:00,87,110,154.9,18,80,57
2026-02-02 12:00:00,83,108,149.1,17,76,55
2026-02-02 13:00:00,85,123,158.0,19,79,59
2026-02-02 14:00:00,85,114,147.5,19,82,57
2026-02-02 15:00:00,87,119,152.8,18,82,56
2026-02-02 16:00:00,88,112,151.4,17,77,56
2026-02-02 17:00:00,87,118,153.7,18,83,58
2026-02-02 18:00:00,82,109,144.9,18,78,56
2026-02-02 19:00:00,82,105,142.5,18,77,53
2026-02-02 20:00:00,73,107,145.1,16,76,54
2026-02-02 21:00:00,76,103,138.2,16,73,53
2026-02-02 22:00:00,75,106,145.9,16,75,55
2026-02-02 23:00:00,73,102,139.5,16,76,47
2026-02-03 00:00:00,67,102,135.1,15,71,51
2026-02-03 01:00:00,67,98,134.5,13,70,46
2026-02-03 02:00:00,69,96,137.9,13,74,51
2026-02-03 03:00:00,72,97,128.0,15,71,48
2026-02-03 04:00:00,78,107,143.9,17,77,55
2026-02-03 05:00:00,71,102,137.0,14,70,47
2026-02-03 06:00:00,69,96,133.6,15,72,47
2026-02-03 07:00:00,77,103,144.1,15,74,53
2026-02-03 08:00:00,85,107,145.6,18,81,54
2026-02-03 09:00:00,85,115,146.9,18,79,56
2026-02-03 10:00:00,81,114,143.6,16,80,52
2026-02-03 11:00:00,90,109,149.0,18,77,57
2026-02-03 12:00:00,89,122,157.7,18,83,59
2026-02-03 13:00:00,84,114,151.0,18,80,60
2026-02-03 14:00:00,92,119,159.3,20,82,58
2026-02-03 15:00:00,83,110,145.9,18,79,57
2026-02-03 16:00:00,81,105,143.3,15,83,54
2026-02-03 17:00:00,84,107,152.3,18,77,56
2026-02-03 18:00:00,79,99,144.0,17,76,57
2026-02-03 19:00:00,82,116,151.3,18,78,56
2026-02-03 20:00:00,78,107,138.0,16,79,53
2026-02-03 21:00:00,78,101,146.8,16,76,54
2026-02-03 22:00:00,68,104,135.7,16,71,50
2026-02-03 23:00:00,73,102,138.6,16,74,53
2026-02-04 00:00:00,70,101,137.5,16,76,53
2026-02-04 01:00:00,69,102,136.2,14,71,49
2026-02-04 02:00:00,67,97,132.1,14,72,48
2026-02-04 03:00:00,62,95,129.2,13,66,41
2026-02-04 04:00:00,69,102,137.7,15,73,50
2026-02-04 05:00:00,76,103,143.0,17,75,56
2026-02-04 06:00:00,76,102,143.7,16,77,57
2026-02-04 07:00:00,77,112,140.9,16,76,53
2026-02-04 08:00:00,74,104,137.8,16,77,55
2026-02-04 09:00:00,81,105,146.9,17,75,57
2026-02-04 10:00:00,85,111,144.9,18,77,56
2026-02-04 11:00:00,85,109,149.3,18,78,54
2026-02-04 12:00:00,83,115,146.6,18,80,55
2026-02-04 13:00:00,83,111,149.2,17,76,54
2026-02-04 14:00:00,90,113,150.2,18,77,55
2026-02-04 15:00:00,84,120,150.9,20,80,57
2026-02-04 16:00:00,86,111,148.8,20,80,57
2026-02-04 17:00:00,78,109,144.7,17,76,50
2026-02-04 18:00:00,82,114,151.2,17,77,56
2026-02-04 19:00:00,80,104,146.8,17,79,53
2026-02-04 20:00:00,77,104,141.9,16,77,53
2026-02-04 21:00:00,77,106,139.1,15,76,51
2026-02-04 22:00:00,71,105,146.0,15,76,54
2026-02-04 23:00:00,71,105,137.5,14,71,53
2026-02-05 00:00:00,71,96,135.3,14,71,51
2026-02-05 01:00:00,72,100,137.2,16,75,53
2026-02-05 02:00:00,69,96,134.5,15,71,53
2026-02-05 03:00:00,71,95,132.1,14,75,50
2026-02-05 04:00:00,67,102,135.9,15,68,48
2026-02-05 05:00:00,70,98,140.1,15,68,49
2026-02-05 06:00:00,78,102,135.5,17,75,51
2026-02-05 07:00:00,79,104,142.5,15,77,57
2026-02-05 08:00:00,78,101,137.8,16,77,48
2026-02-05 09:00:00,80,111,148.8,19,77,56
2026-02-05 10:00:00,85,111,152.4,17,81,58
2026-02-05 11:00:00,82,104,144.5,16,78,56
2026-02-05 12:00:00,81,113,147.4,17,78,55
2026-02-05 13:00:00,87,110,147.6,19,83,56
2026-02-05 14:00:00,85,117,143.9,19,80,54
2026-02-05 15:00:00,86,108,147.8,17,78,54
2026-02-05 16:00:00,80,111,145.3,17,77,50
2026-02-05 17:00:00,88,112,151.3,18,79,61
2026-02-05 18:00:00,81,109,136.0,18,77,51
2026-02-05 19:00:00,78,110,138.7,17,75,50
2026-02-05 20:00:00,74,100,133.7,16,71,52
2026-02-05 21:00:00,76,109,142.8,16,75,52
2026-02-05 22:00:00,74,103,140.8,17,71,53
2026-02-05 23:00:00,76,104,137.6,16,77,53
2026-02-06 00:00:00,71,100,135.5,15,74,49
2026-02-06 01:00:00,64,96,128.5,15,71,49
2026-02-06 02:00:00,65,92,135.2,14,68,49
2026-02-06 03:00:00,76,95,136.1,15,74,53
2026-02-06 04:00:00,72,103,136.5,12,71,53
2026-02-06 05:00:00,75,103,137.6,16,73,53
2026-02-06 06:00:00,72,98,130.2,15,74,43
2026-02-06 07:00:00,70,92,134.6,14,73,51
2026-02-06 08:00:00,76,104,139.7,17,75,54
2026-02-06 09:00:00,79,105,142.3,16,78,53
2026-02-06 10:00:00,80,107,145.1,16,77,51
2026-02-06 11:00:00,88,112,146.8,17,83,55
2026-02-06 12:00:00,84,114,154.7,20,78,56
2026-02-06 13:00:00,83,115,144.2,19,80,55
2026-02-06 14:00:00,88,114,157.3,19,83,58
2026-02-06 15:00:00,86,106,147.7,16,78,56
2026-02-06 16:00:00,84,110,147.0,17,79,50
2026-02-06 17:00:00,84,118,152.8,19,81,60
2026-02-06 18:00:00,77,110,142.3,17,78,55
2026-02-06 19:00:00,83,108,149.2,17,77,54
2026-02-06 20:00:00,80,106,144.7,16,77,55
2026-02-06 21:00:00,74,104,141.8,17,76,54
2026-02-06 22:00:00,71,92,136.4,16,73,50
2026-02-06 23:00:00,71,98,134.6,15,72,50
2026-02-07 00:00:00,74,96,139.6,15,58,48
2026-02-07 01:00:00,68,100,135.5,16,57,46
2026-02-07 02:00:00,67,95,136.1,14,55,48
2026-02-07 03:00:00,66,90,127.9,15,56,46
2026-02-07 04:00:00,71,98,139.5,15,58,55
2026-02-07 05:00:00,70,95,131.7,16,53,49
2026-02-07 06:00:00,72,95,129.1,15,58,44
2026-02-07 07:00:00,72,98,132.0,15,57,50
2026-02-07 08:00:00,81,105,143.6,18,62,55
2026-02-07 09:00:00,79,110,145.7,17,64,53
2026-02-07 10:00:00,84,109,148.1,18,62,56
2026-02-07 11:00:00,91,111,155.6,18,65,61
2026-02-07 12:00:00,82,112,144.1,17,63,54
2026-02-07 13:00:00,86,111,154.9,18,62,57
2026-02-07 14:00:00,86,114,154.4,19,64,57
2026-02-07 15:00:00,88,103,150.6,17,64,58
2026-02-07 16:00:00,83,111,151.8,19,62,56
2026-02-07 17:00:00,82,105,140.7,17,63,53
2026-02-07 18:00:00,83,111,149.9,19,65,54
2026-02-07 19:00:00,79,105,145.0,16,60,53
2026-02-07 20:00:00,79,103,145.3,17,61,58
2026-02-07 21:00:00,74,96,138.9,16,58,50
2026-02-07 22:00:00,75,103,141.1,16,62,56
2026-02-07 23:00:00,72,100,138.1,15,59,49
2026-02-08 00:00:00,69,97,137.2,15,59,54
2026-02-08 01:00:00,67,92,128.9,13,55,48
2026-02-08 02:00:00,69,92,133.0,15,59,50
2026-02-08 03:00:00,70,95,132.4,14,59,48
2026-02-08 04:00:00,72,93,133.8,14,56,51
2026-02-08 05:00:00,76,98,130.6,16,57,50
2026-02-08 06:00:00,69,91,129.0,15,56,48
2026-02-08 07:00:00,74,98,136.5,14,60,48
2026-02-08 08:00:00,78,109,142.4,18,61,52
2026-02-08 09:00:00,76,106,140.7,17,59,50
2026-02-08 10:00:00,82,107,142.3,17,64,54
2026-02-08 11:00:00,86,115,150.3,18,65,55
2026-02-08 12:00:00,79,101,144.8,18,60,52
2026-02-08 13:00:00,83,107,145.4,18,61,52
2026-02-08 14:00:00,83,109,151.1,18,63,55
2026-02-08 15:00:00,82,113,151.3,17,62,62
2026-02-08 16:00:00,85,112,147.5,18,65,56
2026-02-08 17:00:00,79,105,144.6,16,62,54
2026-02-08 18:00:00,82,110,142.8,18,61,54
2026-02-08 19:00:00,79,103,139.2,18,59,48
2026-02-08 20:00:00,79,106,143.8,17,63,56
2026-02-08 21:00:00,75,97,138.8,15,60,53
2026-02-08 22:00:00,76,98,143.6,16,60,54
2026-02-08 23:00:00,68,95,132.1,15,58,50
2026-02-09 00:00:00,68,98,134.2,14,69,50
2026-02-09 01:00:00,69,92,132.5,14,70,49
2026-02-09 02:00:00,68,93,136.9,16,74,51
2026-02-09 03:00:00,72,95,138.9,15,75,47
2026-02-09 04:00:00,71,96,136.0,15,73,54
2026-02-09 05:00:00,76,99,141.4,16,75,49
2026-02-09 06:00:00,72,98,137.2,15,74,53
2026-02-09 07:00:00,70,98,137.9,15,72,53
2026-02-09 08:00:00,77,100,142.5,16,73,54
2026-02-09 09:00:00,78,103,141.1,17,74,48
2026-02-09 10:00:00,82,106,145.7,16,82,55
2026-02-09 11:00:00,84,106,147.1,18,77,59
2026-02-09 12:00:00,82,108,146.7,18,80,55
2026-02-09 13:00:00,80,104,141.9,16,72,53
2026-02-09 14:00:00,85,111,150.2,18,79,56
2026-02-09 15:00:00,79,109,142.8,17,77,54
2026-02-09 16:00:00,85,112,147.3,18,78,50
2026-02-09 17:00:00,81,107,144.8,17,76,56
2026-02-09 18:00:00,81,99,143.1,17,78,52
2026-02-09 19:00:00,73,102,141.9,15,74,53
2026-02-09 20:00:00,76,100,141.8,18,73,57
2026-02-09 21:00:00,79,102,145.2,17,75,53
2026-02-09 22:00:00,72,90,138.5,15,69,49
2026-02-09 23:00:00,73,96,134.2,14,70,50
2026-02-10 00:00:00,70,95,136.0,14,69,54
2026-02-10 01:00:00,63,90,129.8,13,67,48
2026-02-10 02:00:00,68,92,132.4,14,76,51
2026-02-10 03:00:00,68,90,133.7,14,69,51
2026-02-10 04:00:00,65,90,129.5,13,68,50
2026-02-10 05:00:00,69,93,134.7,14,70,49
2026-02-10 06:00:00,64,93,125.0,13,70,49
2026-02-10 07:00:00,74,100,138.0,16,71,53
2026-02-10 08:00:00,74,97,139.4,16,71,49
2026-02-10 09:00:00,81,99,145.2,17,78,54
2026-02-10 10:00:00,80,110,143.2,18,78,54
2026-02-10 11:00:00,82,109,146.3,18,78,55
2026-02-10 12:00:00,81,100,139.7,16,78,53
2026-02-10 13:00:00,82,105,143.7,18,77,55
2026-02-10 14:00:00,86,109,150.1,19,77,57
2026-02-10 15:00:00,79,109,147.7,16,78,54
2026-02-10 16:00:00,85,102,148.2,17,79,57
2026-02-10 17:00:00,83,110,148.0,17,75,57
2026-02-10 18:00:00,84,107,145.2,18,79,58
2026-02-10 19:00:00,72,104,137.5,15,75,55
2026-02-10 20:00:00,71,105,145.6,16,75,53
2026-02-10 21:00:00,74,99,133.4,17,75,49
2026-02-10 22:00:00,74,98,133.3,17,74,49
2026-02-10 23:00:00,70,100,136.1,14,74,48
2026-02-11 00:00:00,71,96,136.8,15,70,51
2026-02-11 01:00:00,69,88,133.5,16,73,56
2026-02-11 02:00:00,70,93,133.7,14,67,48
2026-02-11 03:00:00,67,89,125.2,15,71,46
2026-02-11 04:00:00,69,94,132.1,14,69,46
2026-02-11 05:00:00,69,95,127.5,14,73,50
2026-02-11 06:00:00,70,90,133.2,16,72,50
2026-02-11 07:00:00,71,96,136.1,15,71,49
2026-02-11 08:00:00,74,100,137.6,15,73,49
2026-02-11 09:00:00,79,99,137.3,16,74,51
2026-02-11 10:00:00,79,104,140.2,17,78,54
2026-02-11 11:00:00,80,107,139.9,18,74,54
2026-02-11 12:00:00,84,106,146.3,17,78,53
2026-02-11 13:00:00,85,107,157.1,18,80,58
2026-02-11 14:00:00,85,112,148.8,18,76,58
2026-02-11 15:00:00,84,108,146.0,18,76,51
2026-02-11 16:00:00,84,106,147.5,17,81,53
2026-02-11 17:00:00,83,101,140.8,18,74,54
2026-02-11 18:00:00,81,105,141.0,18,75,53
2026-02-11 19:00:00,75,102,137.7,15,78,53
2026-02-11 20:00:00,76,103,143.4,17,76,55
2026-02-11 21:00:00,73,97,137.0,16,75,52
2026-02-11 22:00:00,67,88,129.1,13,68,44
2026-02-11 23:00:00,69,87,132.8,14,67,51
2026-02-12 00:00:00,70,93,138.4,15,71,52
2026-02-12 01:00:00,69,88,132.5,13,71,49
2026-02-12 02:00:00,65,91,126.0,11,65,49
2026-02-12 03:00:00,68,90,125.0,16,70,49
2026-02-12 04:00:00,68,90,125.4,14,68,46
2026-02-12 05:00:00,70,91,135.2,15,71,47
2026-02-12 06:00:00,71,90,130.3,14,73,48
2026-02-12 07:00:00,73,95,138.3,15,72,49
2026-02-12 08:00:00,74,95,135.4,17,75,50
2026-02-12 09:00:00,80,98,142.4,18,75,55
2026-02-12 10:00:00,77,100,142.2,15,77,52
2026-02-12 11:00:00,80,102,140.7,17,78,51
2026-02-12 12:00:00,86,108,151.0,19,81,50
2026-02-12 13:00:00,81,105,142.4,17,78,55
2026-02-12 14:00:00,83,109,144.7,18,82,56
2026-02-12 15:00:00,87,111,152.4,18,81,56
2026-02-12 16:00:00,80,107,146.3,17,78,53
2026-02-12 17:00:00,83,105,147.2,18,75,55
2026-02-12 18:00:00,78,103,138.6,17,77,49
2026-02-12 19:00:00,79,103,141.3,16,78,55
2026-02-12 20:00:00,72,98,138.3,15,72,50
2026-02-12 21:00:00,77,99,146.5,17,77,56
2026-02-12 22:00:00,69,96,138.5,14,69,51
2026-02-12 23:00:00,71,91,131.4,14,69,46
2026-02-13 00:00:00,66,92,128.0,13,70,46
2026-02-13 01:00:00,72,89,137.7,14,72,47
2026-02-13 02:00:00,66,88,130.6,13,68,49
2026-02-13 03:00:00,71,87,130.3,15,68,47
2026-02-13 04:00:00,66,90,129.6,13,71,47
2026-02-13 05:00:00,69,94,128.9,15,68,51
2026-02-13 06:00:00,75,95,139.9,15,74,54
2026-02-13 07:00:00,70,95,137.7,15,69,50
2026-02-13 08:00:00,74,98,141.9,15,74,53
2026-02-13 09:00:00,80,103,146.0,18,76,53
2026-02-13 10:00:00,76,100,138.5,14,78,53
2026-02-13 11:00:00,81,98,144.5,16,79,58
2026-02-13 12:00:00,84,108,151.5,17,78,55
2026-02-13 13:00:00,79,102,144.6,16,78,55
2026-02-13 14:00:00,85,102,148.3,16,74,54
2026-02-13 15:00:00,78,98,140.4,17,75,54
2026-02-13 16:00:00,85,105,144.0,18,78,56
2026-02-13 17:00:00,79,96,145.8,16,71,56
2026-02-13 18:00:00,77,97,139.1,15,74,49
2026-02-13 19:00:00,75,100,142.4,15,76,49
2026-02-13 20:00:00,76,99,146.6,16,75,55
2026-02-13 21:00:00,70,92,135.3,14,72,48
2026-02-13 22:00:00,74,92,138.5,16,70,51
2026-02-13 23:00:00,71,87,129.1,14,69,47
2026-02-14 00:00:00,71,86,129.0,13,56,50
2026-02-14 01:00:00,68,88,133.4,14,56,51
2026-02-14 02:00:00,65,85,125.2,13,55,46
2026-02-14 03:00:00,66,86,123.7,14,55,47
2026-02-14 04:00:00,65,83,121.2,14,53,46
2026-02-14 05:00:00,70,93,132.6,14,56,51
2026-02-14 06:00:00,72,92,133.4,16,56,46
2026-02-14 07:00:00,76,95,140.9,16,58,51
2026-02-14 08:00:00,76,99,136.0,17,58,53
2026-02-14 09:00:00,72,94,139.0,16,59,49
2026-02-14 10:00:00,77,97,135.7,15,60,49
2026-02-14 11:00:00,82,94,137.8,18,62,52
2026-02-14 12:00:00,81,113,147.3,18,62,54
2026-02-14 13:00:00,84,102,145.5,16,62,56
2026-02-14 14:00:00,83,106,147.7,16,59,58
2026-02-14 15:00:00,79,98,137.2,17,61,48
2026-02-14 16:00:00,84,105,147.2,18,63,56
2026-02-14 17:00:00,86,107,143.3,19,64,54
2026-02-14 18:00:00,79,98,134.5,16,62,48
2026-02-14 19:00:00,75,93,141.8,15,61,48
2026-02-14 20:00:00,71,94,137.3,14,56,49
2026-02-14 21:00:00,70,85,130.1,14,58,45
2026-02-14 22:00:00,67,91,124.2,14,58,47
2026-02-14 23:00:00,69,92,130.4,15,56,47
2026-02-15 00:00:00,67,86,129.9,13,53,47
2026-02-15 01:00:00,60,84,122.1,12,53,46
2026-02-15 02:00:00,70,87,135.5,14,58,54
2026-02-15 03:00:00,64,88,128.9,14,52,47
2026-02-15 04:00:00,65,80,122.5,14,52,47
2026-02-15 05:00:00,70,88,126.2,14,57,49
2026-02-15 06:00:00,76,98,141.0,16,59,50
2026-02-15 07:00:00,69,86,132.4,14,57,46
2026-02-15 08:00:00,68,93,133.8,14,57,49
2026-02-15 09:00:00,81,102,148.3,16,62,56
2026-02-15 10:00:00,76,101,141.2,16,60,51
2026-02-15 11:00:00,80,97,141.4,15,61,50
2026-02-15 12:00:00,82,101,146.2,16,63,58
2026-02-15 13:00:00,74,101,142.1,15,57,54
2026-02-15 14:00:00,78,99,142.0,16,60,53
2026-02-15 15:00:00,81,101,142.9,16,60,52
2026-02-15 16:00:00,74,99,141.0,15,58,50
2026-02-15 17:00:00,77,99,139.9,16,61,51
2026-02-15 18:00:00,78,95,137.2,14,61,55
2026-02-15 19:00:00,75,91,135.7,15,59,50
2026-02-15 20:00:00,75,93,135.2,15,60,51
2026-02-15 21:00:00,75,97,137.3,16,59,57
2026-02-15 22:00:00,66,89,126.6,14,53,51
2026-02-15 23:00:00,65,86,130.3,14,54,48
2026-02-16 00:00:00,69,87,131.2,13,71,52
2026-02-16 01:00:00,69,83,131.4,15,70,50
2026-02-16 02:00:00,65,90,130.2,14,70,52
2026-02-16 03:00:00,66,84,124.8,13,69,47
2026-02-16 04:00:00,69,87,134.5,14,70,51
2026-02-16 05:00:00,68,83,127.5,16,67,49
2026-02-16 06:00:00,69,89,130.3,14,70,47
2026-02-16 07:00:00,70,91,133.0,14,73,51
2026-02-16 08:00:00,79,91,138.8,16,74,50
2026-02-16 09:00:00,76,92,144.1,15,75,53
2026-02-16 10:00:00,78,93,140.3,15,71,54
2026-02-16 11:00:00,81,98,140.3,18,74,54
2026-02-16 12:00:00,79,101,147.6,15,73,55
2026-02-16 13:00:00,82,99,137.8,17,72,53
2026-02-16 14:00:00,81,101,141.7,17,73,53
2026-02-16 15:00:00,81,99,140.5,16,76,55
2026-02-16 16:00:00,82,99,142.7,16,79,58
2026-02-16 17:00:00,77,97,139.9,16,71,55
2026-02-16 18:00:00,75,96,138.4,16,73,51
2026-02-16 19:00:00,80,103,144.2,18,76,55
2026-02-16 20:00:00,73,93,136.6,14,72,49
2026-02-16 21:00:00,71,92,133.3,14,71,52
2026-02-16 22:00:00,65,89,132.4,15,67,49
2026-02-16 23:00:00,70,85,125.4,14,65,49
2026-02-17 00:00:00,69,88,122.7,14,71,47
2026-02-17 01:00:00,67,81,129.1,14,70,43
2026-02-17 02:00:00,67,86,127.6,12,69,47
2026-02-17 03:00:00,61,81,128.3,11,66,48
2026-02-17 04:00:00,66,80,128.8,14,65,49
2026-02-17 05:00:00,66,86,129.8,13,67,46
2026-02-17 06:00:00,66,82,125.0,13,69,44
2026-02-17 07:00:00,73,90,135.9,14,70,51
2026-02-17 08:00:00,76,86,133.4,15,72,51
2026-02-17 09:00:00,79,91,138.2,15,79,51
2026-02-17 10:00:00,77,89,135.6,15,74,50
2026-02-17 11:00:00,82,106,145.9,18,75,57
2026-02-17 12:00:00,78,91,137.0,15,80,50
2026-02-17 13:00:00,79,98,143.6,16,76,53
2026-02-17 14:00:00,82,102,145.3,17,75,50
2026-02-17 15:00:00,84,101,143.9,18,78,56
2026-02-17 16:00:00,86,100,144.4,17,75,55
2026-02-17 17:00:00,77,95,134.2,15,72,54
2026-02-17 18:00:00,74,99,131.6,14,75,48
2026-02-17 19:00:00,75,95,139.9,15,71,49
2026-02-17 20:00:00,76,91,134.9,14,70,49
2026-02-17 21:00:00,77,89,132.2,14,75,52
2026-02-17 22:00:00,72,85,132.9,14,75,52
2026-02-17 23:00:00,70,81,126.6,13,70,48
2026-02-18 00:00:00,65,86,126.9,14,71,47
2026-02-18 01:00:00,64,85,122.6,13,65,49
2026-02-18 02:00:00,60,77,123.3,13,66,47
2026-02-18 03:00:00,63,80,124.3,12,69,46
2026-02-18 04:00:00,68,81,128.9,13,67,47
2026-02-18 05:00:00,71,83,128.8,14,68,50
2026-02-18 06:00:00,70,85,130.6,13,69,46
2026-02-18 07:00:00,71,90,128.1,15,72,46
2026-02-18 08:00:00,69,86,137.0,13,69,50
2026-02-18 09:00:00,74,88,134.9,15,72,54
2026-02-18 10:00:00,79,97,145.1,16,72,52
2026-02-18 11:00:00,74,93,135.0,14,73,53
2026-02-18 12:00:00,81,91,136.3,17,77,53
2026-02-18 13:00:00,79,95,138.1,17,75,50
2026-02-18 14:00:00,83,95,142.1,16,75,54
2026-02-18 15:00:00,82,102,143.7,16,74,53
2026-02-18 16:00:00,82,99,148.1,17,77,54
2026-02-18 17:00:00,78,98,137.5,17,74,54
2026-02-18 18:00:00,77,95,136.5,17,77,51
2026-02-18 19:00:00,77,94,140.3,15,77,52
2026-02-18 20:00:00,72,86,127.0,14,67,48
2026-02-18 21:00:00,68,86,128.9,13,69,51
2026-02-18 22:00:00,68,81,128.0,13,67,47
2026-02-18 23:00:00,68,82,129.0,13,66,50
2026-02-19 00:00:00,69,82,129.9,13,69,50
2026-02-19 01:00:00,67,80,132.6,14,67,46
2026-02-19 02:00:00,65,83,123.9,13,66,48
2026-02-19 03:00:00,62,75,119.6,13,63,47
2026-02-19 04:00:00,65,82,127.7,14,70,49
2026-02-19 05:00:00,64,77,124.1,12,66,45
2026-02-19 06:00:00,70,83,130.4,13,69,47
2026-02-19 07:00:00,74,87,129.1,16,74,49
2026-02-19 08:00:00,75,86,140.5,13,71,49
2026-02-19 09:00:00,74,91,136.2,15,73,52
2026-02-19 10:00:00,74,87,129.1,14,70,46
2026-02-19 11:00:00,75,87,136.2,14,71,52
2026-02-19 12:00:00,75,96,134.0,15,74,50
2026-02-19 13:00:00,79,101,144.3,15,76,55
2026-02-19 14:00:00,79,91,134.7,15,76,50
2026-02-19 15:00:00,82,99,146.2,17,79,55
2026-02-19 16:00:00,81,94,136.7,16,75,50
2026-02-19 17:00:00,75,88,131.5,14,74,50
2026-02-19 18:00:00,74,87,134.0,14,70,52
2026-02-19 19:00:00,74,89,132.3,14,73,52
2026-02-19 20:00:00,71,85,129.3,14,69,48
2026-02-19 21:00:00,71,80,124.4,14,68,42
2026-02-19 22:00:00,63,77,122.0,13,68,44
2026-02-19 23:00:00,63,78,125.8,12,62,48
2026-02-20 00:00:00,64,79,129.9,12,68,50
2026-02-20 01:00:00,60,77,123.9,12,65,49
2026-02-20 02:00:00,58,75,121.4,12,64,43
2026-02-20 03:00:00,60,78,116.5,11,68,46
2026-02-20 04:00:00,65,82,125.9,13,65,46
2026-02-20 05:00:00,68,81,125.5,12,66,48
2026-02-20 06:00:00,69,81,123.7,13,71,47
2026-02-20 07:00:00,75,86,129.9,14,71,52
2026-02-20 08:00:00,71,82,131.9,13,72,46
2026-02-20 09:00:00,74,86,131.9,15,73,47
2026-02-20 10:00:00,75,88,130.4,15,73,49
2026-02-20 11:00:00,76,86,132.7,16,72,48
2026-02-20 12:00:00,84,91,142.0,17,76,54
2026-02-20 13:00:00,78,86,133.9,15,77,52
2026-02-20 14:00:00,83,100,140.1,15,76,56
2026-02-20 15:00:00,76,90,133.0,15,75,48
2026-02-20 16:00:00,82,98,144.8,17,74,52
2026-02-20 17:00:00,79,91,132.2,16,73,51
2026-02-20 18:00:00,79,91,137.6,16,75,54
2026-02-20 19:00:00,75,85,133.4,14,72,49
2026-02-20 20:00:00,72,86,129.4,13,73,47
2026-02-20 21:00:00,70,85,127.4,14,69,49
2026-02-20 22:00:00,68,83,131.5,13,68,51
2026-02-20 23:00:00,67,82,130.3,14,66,48
2026-02-21 00:00:00,67,75,125.2,12,58,48
2026-02-21 01:00:00,66,74,121.9,14,51,44
2026-02-21 02:00:00,63,70,121.0,12,57,44
2026-02-21 03:00:00,69,77,128.2,13,56,48
2026-02-21 04:00:00,59,80,120.9,11,52,43
2026-02-21 05:00:00,66,83,128.3,12,52,44
2026-02-21 06:00:00,67,80,126.0,14,55,46
2026-02-21 07:00:00,67,79,116.5,13,52,45
2026-02-21 08:00:00,67,77,125.3,13,54,46
2026-02-21 09:00:00,70,89,133.9,14,58,52
2026-02-21 10:00:00,73,81,130.9,13,54,48
2026-02-21 11:00:00,79,88,138.2,15,60,50
2026-02-21 12:00:00,80,90,137.6,16,59,52
2026-02-21 13:00:00,77,91,136.5,15,60,53
2026-02-21 14:00:00,80,92,139.7,16,58,51
2026-02-21 15:00:00,83,92,146.7,15,63,51
2026-02-21 16:00:00,72,82,133.2,14,57,51
2026-02-21 17:00:00,77,89,138.2,15,57,53
2026-02-21 18:00:00,74,80,131.6,14,55,46
2026-02-21 19:00:00,74,88,130.1,13,60,51
2026-02-21 20:00:00,73,81,134.6,12,56,49
2026-02-21 21:00:00,63,74,124.7,13,51,46
2026-02-21 22:00:00,64,77,124.4,13,54,45
2026-02-21 23:00:00,67,76,124.7,13,55,46
2026-02-22 00:00:00,61,79,123.6,12,51,45
2026-02-22 01:00:00,65,75,122.7,12,55,46
2026-02-22 02:00:00,64,75,125.0,12,53,46
2026-02-22 03:00:00,66,78,122.6,13,55,49
2026-02-22 04:00:00,62,74,115.9,12,54,44
2026-02-22 05:00:00,67,79,122.5,13,52,47
2026-02-22 06:00:00,64,80,125.3,14,55,51
2026-02-22 07:00:00,66,75,123.5,12,55,48
2026-02-22 08:00:00,72,87,132.0,14,57,55
2026-02-22 09:00:00,69,79,123.7,13,51,46
2026-02-22 10:00:00,76,89,136.7,15,59,53
2026-02-22 11:00:00,72,82,127.6,14,55,49
2026-02-22 12:00:00,79,91,139.7,15,57,53
2026-02-22 13:00:00,85,96,139.5,16,62,54
2026-02-22 14:00:00,76,89,132.8,14,55,50
2026-02-22 15:00:00,79,88,134.1,16,59,52
2026-02-22 16:00:00,75,91,136.9,14,60,50
2026-02-22 17:00:00,74,86,132.0,14,58,47
2026-02-22 18:00:00,79,92,139.5,16,61,53
2026-02-22 19:00:00,72,84,134.8,15,56,52
2026-02-22 20:00:00,72,80,135.6,14,57,52
2026-02-22 21:00:00,69,78,127.8,13,53,45
2026-02-22 22:00:00,66,74,120.4,12,50,47
2026-02-22 23:00:00,62,74,124.8,12,50,46
2026-02-23 00:00:00,65,72,126.6,11,64,49
2026-02-23 01:00:00,63,70,120.2,12,63,42
2026-02-23 02:00:00,58,70,120.7,11,65,47
2026-02-23 03:00:00,62,79,124.1,12,66,46
2026-02-23 04:00:00,55,69,110.2,10,66,45
2026-02-23 05:00:00,61,75,119.1,12,68,45
2026-02-23 06:00:00,66,78,123.7,13,65,48
2026-02-23 07:00:00,66,80,124.9,13,70,46
2026-02-23 08:00:00,68,80,124.4,12,71,46
2026-02-23 09:00:00,76,81,129.7,15,71,49
2026-02-23 10:00:00,77,85,139.3,15,73,53
2026-02-23 11:00:00,75,86,128.6,14,71,48
2026-02-23 12:00:00,79,86,134.4,14,78,52
2026-02-23 13:00:00,80,82,137.5,17,77,54
2026-02-23 14:00:00,80,86,135.3,13,73,52
2026-02-23 15:00:00,78,84,136.1,14,76,52
2026-02-23 16:00:00,80,84,135.1,15,73,51
2026-02-23 17:00:00,78,86,137.0,16,75,46
2026-02-23 18:00:00,72,85,128.3,14,71,50
2026-02-23 19:00:00,74,88,128.2,15,72,47
2026-02-23 20:00:00,68,78,125.6,13,66,46
2026-02-23 21:00:00,72,80,124.5,15,69,46
2026-02-23 22:00:00,65,77,124.0,13,68,47
2026-02-23 23:00:00,64,79,120.7,12,67,47
2026-02-24 00:00:00,66,73,120.0,13,66,44
2026-02-24 01:00:00,62,67,122.8,11,67,42
2026-02-24 02:00:00,65,64,120.6,13,65,46
2026-02-24 03:00:00,60,71,114.4,13,64,40
2026-02-24 04:00:00,61,69,118.6,12,63,43
2026-02-24 05:00:00,66,69,121.5,12,67,44
2026-02-24 06:00:00,61,70,113.0,11,65,42
2026-02-24 07:00:00,71,76,129.1,14,69,49
2026-02-24 08:00:00,68,83,131.4,15,70,50
2026-02-24 09:00:00,73,79,128.8,14,69,48
2026-02-24 10:00:00,70,84,129.0,14,68,51
2026-02-24 11:00:00,76,83,131.7,15,71,48
2026-02-24 12:00:00,72,80,131.3,15,71,47
2026-02-24 13:00:00,83,88,139.3,15,78,51
2026-02-24 14:00:00,74,82,131.4,15,76,55
2026-02-24 15:00:00,76,86,131.8,17,74,47
2026-02-24 16:00:00,78,84,141.1,15,69,55
2026-02-24 17:00:00,75,87,133.4,15,75,50
2026-02-24 18:00:00,75,78,133.0,14,72,52
2026-02-24 19:00:00,71,81,130.2,14,68,44
2026-02-24 20:00:00,67,75,117.2,12,69,43
2026-02-24 21:00:00,67,74,123.5,14,68,48
2026-02-24 22:00:00,59,61,111.4,11,61,43
2026-02-24 23:00:00,67,80,129.4,14,68,51
2026-02-25 00:00:00,65,71,118.3,12,64,41
2026-02-25 01:00:00,62,66,119.8,12,64,46
2026-02-25 02:00:00,62,64,120.5,11,61,45
2026-02-25 03:00:00,56,67,115.6,10,63,42
2026-02-25 04:00:00,62,72,120.2,12,65,45
2026-02-25 05:00:00,61,64,115.9,12,66,42
2026-02-25 06:00:00,69,72,124.3,13,70,45
2026-02-25 07:00:00,67,80,122.9,13,67,47
2026-02-25 08:00:00,62,72,121.4,12,66,47
2026-02-25 09:00:00,69,78,130.5,13,69,49
2026-02-25 10:00:00,74,88,131.2,15,70,50
2026-02-25 11:00:00,70,84,130.2,14,72,49
2026-02-25 12:00:00,79,83,135.3,15,73,55
2026-02-25 13:00:00,74,86,133.9,14,70,48
2026-02-25 14:00:00,78,83,133.2,16,73,51
2026-02-25 15:00:00,76,88,130.7,15,69,49
2026-02-25 16:00:00,80,82,132.1,16,70,49
2026-02-25 17:00:00,73,75,121.4,13,71,48
2026-02-25 18:00:00,72,79,131.6,13,68,50
2026-02-25 19:00:00,72,75,129.1,14,67,48
2026-02-25 20:00:00,67,75,124.5,12,64,48
2026-02-25 21:00:00,68,73,122.9,12,65,45
2026-02-25 22:00:00,65,76,123.6,13,65,49
2026-02-25 23:00:00,63,73,121.2,12,61,46
2026-02-26 00:00:00,62,68,117.4,12,66,45
2026-02-26 01:00:00,58,67,114.6,10,63,41
2026-02-26 02:00:00,59,63,119.2,11,61,43
2026-02-26 03:00:00,60,59,110.6,10,65,42
2026-02-26 04:00:00,56,68,118.1,11,60,41
2026-02-26 05:00:00,66,71,118.3,14,67,48
2026-02-26 06:00:00,67,70,127.6,12,69,47
2026-02-26 07:00:00,61,70,112.4,11,64,44
2026-02-26 08:00:00,64,76,124.7,13,68,48
2026-02-26 09:00:00,73,76,127.0,14,71,51
2026-02-26 10:00:00,76,84,133.7,14,71,48
2026-02-26 11:00:00,77,84,134.4,15,72,51
2026-02-26 12:00:00,73,85,134.0,15,68,52
2026-02-26 13:00:00,82,85,132.1,15,69,48
2026-02-26 14:00:00,74,78,130.1,13,69,48
2026-02-26 15:00:00,78,84,135.8,16,73,52
2026-02-26 16:00:00,77,82,131.9,14,70,49
2026-02-26 17:00:00,79,82,134.9,14,74,47
2026-02-26 18:00:00,74,80,128.9,13,70,45
2026-02-26 19:00:00,72,78,131.0,14,72,53
2026-02-26 20:00:00,71,84,131.7,14,68,52
2026-02-26 21:00:00,64,72,122.2,12,65,47
2026-02-26 22:00:00,60,74,121.6,12,62,45
2026-02-26 23:00:00,63,67,122.9,12,61,44
2026-02-27 00:00:00,58,68,113.8,12,62,43
2026-02-27 01:00:00,62,68,125.8,12,62,45
2026-02-27 02:00:00,61,66,118.6,13,63,46
2026-02-27 03:00:00,62,70,118.6,12,66,45
2026-02-27 04:00:00,58,62,121.2,10,59,45
2026-02-27 05:00:00,65,65,118.5,12,67,44
2026-02-27 06:00:00,66,69,118.1,13,63,44
2026-02-27 07:00:00,64,73,120.8,13,64,46
2026-02-27 08:00:00,74,73,126.7,14,68,46
2026-02-27 09:00:00,71,79,132.1,14,70,54
2026-02-27 10:00:00,68,74,125.0,13,69,46
2026-02-27 11:00:00,71,74,127.4,13,70,45
2026-02-27 12:00:00,72,80,130.1,13,69,50
2026-02-27 13:00:00,80,80,138.1,15,74,51
2026-02-27 14:00:00,80,82,134.6,14,75,50
2026-02-27 15:00:00,78,80,133.1,15,71,51
2026-02-27 16:00:00,76,78,130.0,15,68,48
2026-02-27 17:00:00,77,78,131.1,15,71,49
2026-02-27 18:00:00,72,76,130.0,13,72,48
2026-02-27 19:00:00,71,73,129.1,13,72,51
2026-02-27 20:00:00,66,72,128.1,13,62,47
2026-02-27 21:00:00,65,69,121.3,13,66,45
2026-02-27 22:00:00,66,71,122.2,12,67,48
2026-02-27 23:00:00,55,67,115.5,11,64,38
2026-02-28 00:00:00,61,71,118.4,12,52,45
2026-02-28 01:00:00,60,63,114.4,11,51,44
2026-02-28 02:00:00,59,61,115.3,10,49,43
2026-02-28 03:00:00,61,72,118.9,10,50,43
2026-02-28 04:00:00,62,65,117.5,12,50,44
2026-02-28 05:00:00,61,68,120.4,10,52,44
2026-02-28 06:00:00,61,69,119.6,11,49,45
2026-02-28 07:00:00,69,71,130.7,13,56,48
2026-02-28 08:00:00,71,72,129.1,13,55,51
2026-02-28 09:00:00,67,69,120.5,12,51,45
2026-02-28 10:00:00,72,76,127.1,14,56,48
2026-02-28 11:00:00,74,71,124.2,14,55,49
2026-02-28 12:00:00,75,77,127.6,14,59,50
2026-02-28 13:00:00,76,76,134.9,15,54,51
2026-02-28 14:00:00,78,80,132.4,15,58,50
2026-02-28 15:00:00,75,79,127.5,14,56,48
2026-02-28 16:00:00,77,79,126.6,13,58,54
2026-02-28 17:00:00,71,77,124.0,14,57,49
2026-02-28 18:00:00,72,72,124.9,13,53,48
2026-02-28 19:00:00,69,72,125.2,13,55,47
2026-02-28 20:00:00,68,74,123.6,13,57,49
2026-02-28 21:00:00,64,72,123.6,10,54,42
2026-02-28 22:00:00,63,62,114.9,11,54,45
2026-02-28 23:00:00,60,59,118.8,10,51,44
2026-03-01 00:00:00,57,59,112.5,10,47,42
2026-03-01 01:00:00,56,64,115.5,10,47,45
2026-03-01 02:00:00,56,65,112.5,11,48,45
2026-03-01 03:00:00,58,58,115.7,11,48,43
2026-03-01 04:00:00,61,63,112.7,12,53,42
2026-03-01 05:00:00,68,69,119.6,11,57,43
2026-03-01 06:00:00,63,66,116.4,13,53,43
2026-03-01 07:00:00,62,71,124.1,11,53,49
2026-03-01 08:00:00,68,72,123.5,13,52,46
2026-03-01 09:00:00,72,67,122.3,12,55,43
2026-03-01 10:00:00,69,72,124.7,13,52,45
2026-03-01 11:00:00,76,74,130.8,12,55,49
2026-03-01 12:00:00,75,76,127.0,15,59,47
2026-03-01 13:00:00,78,79,133.8,14,58,52
2026-03-01 14:00:00,80,78,134.2,15,60,52
2026-03-01 15:00:00,68,66,120.6,12,49,47
2026-03-01 16:00:00,75,71,124.9,15,55,47
2026-03-01 17:00:00,71,67,126.9,12,53,48
2026-03-01 18:00:00,69,73,124.1,11,56,45
2026-03-01 19:00:00,69,71,116.2,14,56,44
2026-03-01 20:00:00,72,70,127.0,12,56,48
2026-03-01 21:00:00,67,63,122.1,12,53,46
2026-03-01 22:00:00,59,67,119.4,12,53,46
2026-03-01 23:00:00,60,65,118.2,11,49,45
2026-03-02 00:00:00,61,55,114.2,11,61,42
2026-03-02 01:00:00,57,54,109.5,11,64,45
2026-03-02 02:00:00,58,59,112.0,11,62,40
2026-03-02 03:00:00,57,65,116.6,12,64,45
2026-03-02 04:00:00,59,66,116.1,12,62,43
2026-03-02 05:00:00,58,63,110.4,10,62,42
2026-03-02 06:00:00,58,60,112.5,11,64,40
2026-03-02 07:00:00,62,68,119.0,12,67,42
2026-03-02 08:00:00,64,65,113.3,12,64,42
2026-03-02 09:00:00,66,66,123.3,12,63,46
2026-03-02 10:00:00,67,63,120.4,13,64,43
2026-03-02 11:00:00,75,73,125.2,13,69,47
2026-03-02 12:00:00,71,71,125.2,14,69,48
2026-03-02 13:00:00,78,75,131.7,15,70,49
2026-03-02 14:00:00,71,67,127.6,12,69,51
2026-03-02 15:00:00,76,75,133.3,15,71,49
2026-03-02 16:00:00,73,65,128.2,13,67,48
2026-03-02 17:00:00,71,76,129.1,14,65,48
2026-03-02 18:00:00,70,72,124.2,13,69,44
2026-03-02 19:00:00,67,68,119.7,13,63,45
2026-03-02 20:00:00,68,69,121.2,12,69,44
2026-03-02 21:00:00,63,61,117.3,11,68,46
2026-03-02 22:00:00,61,63,116.4,9,63,44
2026-03-02 23:00:00,62,64,120.6,11,63,44
2026-03-03 00:00:00,57,47,107.6,9,62,39
2026-03-03 01:00:00,62,55,108.8,9,62,43
2026-03-03 02:00:00,58,57,108.9,11,62,41
2026-03-03 03:00:00,58,56,109.4,10,62,39
2026-03-03 04:00:00,61,63,114.0,10,62,44
2026-03-03 05:00:00,57,55,102.8,11,63,40
2026-03-03 06:00:00,57,58,117.3,11,63,41
2026-03-03 07:00:00,61,56,107.9,11,67,40
2026-03-03 08:00:00,70,70,123.4,12,69,51
2026-03-03 09:00:00,71,66,126.2,11,67,48
2026-03-03 10:00:00,65,67,122.6,11,63,53
2026-03-03 11:00:00,74,70,122.9,13,69,49
2026-03-03 12:00:00,68,74,128.9,14,68,53
2026-03-03 13:00:00,76,74,133.1,14,73,49
2026-03-03 14:00:00,78,82,133.8,14,72,56
2026-03-03 15:00:00,70,74,126.6,13,67,45
2026-03-03 16:00:00,75,70,125.7,14,66,47
2026-03-03 17:00:00,76,68,128.9,14,70,47
2026-03-03 18:00:00,70,67,124.5,13,66,47
2026-03-03 19:00:00,67,61,118.7,12,65,46
2026-03-03 20:00:00,70,65,125.0,12,67,47
2026-03-03 21:00:00,62,65,119.1,12,64,45
2026-03-03 22:00:00,59,59,123.2,10,60,45
2026-03-03 23:00:00,57,56,109.3,10,59,42
2026-03-04 00:00:00,60,61,119.4,11,65,45
2026-03-04 01:00:00,56,50,106.5,9,59,39
2026-03-04 02:00:00,54,47,108.2,9,60,40
2026-03-04 03:00:00,56,51,101.3,10,59,36
2026-03-04 04:00:00,56,50,107.2,9,59,40
2026-03-04 05:00:00,59,58,115.1,11,64,44
2026-03-04 06:00:00,59,57,114.3,11,61,44
2026-03-04 07:00:00,61,60,109.8,11,65,39
2026-03-04 08:00:00,62,67,117.2,11,65,42
2026-03-04 09:00:00,66,62,124.5,12,65,48
2026-03-04 10:00:00,66,69,125.0,12,64,48
2026-03-04 11:00:00,75,74,132.3,14,72,51
2026-03-04 12:00:00,71,68,131.9,14,67,54
2026-03-04 13:00:00,74,73,123.4,13,69,45
2026-03-04 14:00:00,73,70,125.5,13,68,46
2026-03-04 15:00:00,74,74,128.9,13,66,49
2026-03-04 16:00:00,74,64,123.6,12,69,47
2026-03-04 17:00:00,66,63,120.5,11,61,46
2026-03-04 18:00:00,65,65,124.2,13,66,50
2026-03-04 19:00:00,67,62,120.6,11,67,50
2026-03-04 20:00:00,64,61,111.2,12,64,40
2026-03-04 21:00:00,64,60,119.7,11,62,46
2026-03-04 22:00:00,64,61,118.0,11,65,47
2026-03-04 23:00:00,57,56,104.7,11,53,38
2026-03-05 00:00:00,59,51,109.1,9,61,41
2026-03-05 01:00:00,54,52,103.1,9,62,38
2026-03-05 02:00:00,56,50,108.2,9,60,37
2026-03-05 03:00:00,53,50,105.4,10,57,38
2026-03-05 04:00:00,57,48,104.1,10,57,39
2026-03-05 05:00:00,59,55,113.6,11,66,45
2026-03-05 06:00:00,58,55,108.4,12,60,41
2026-03-05 07:00:00,60,62,120.0,11,62,45
2026-03-05 08:00:00,65,56,117.6,12,63,44
2026-03-05 09:00:00,65,61,118.1,12,63,45
2026-03-05 10:00:00,73,71,131.4,13,64,50
2026-03-05 11:00:00,69,63,122.5,12,65,43
2026-03-05 12:00:00,75,67,128.3,13,69,50
2026-03-05 13:00:00,69,64,122.4,11,65,46
2026-03-05 14:00:00,76,64,125.6,14,64,50
2026-03-05 15:00:00,75,74,130.8,13,71,48
2026-03-05 16:00:00,73,68,131.1,13,69,53
2026-03-05 17:00:00,68,67,112.7,14,70,41
2026-03-05 18:00:00,69,59,126.3,10,66,50
2026-03-05 19:00:00,69,64,119.5,13,63,44
2026-03-05 20:00:00,65,65,120.7,12,68,46
2026-03-05 21:00:00,59,63,110.0,11,65,44
2026-03-05 22:00:00,59,59,118.4,11,59,45
2026-03-05 23:00:00,55,51,104.7,10,60,39
2026-03-06 00:00:00,59,53,115.1,11,64,42
2026-03-06 01:00:00,56,53,109.4,9,63,40
2026-03-06 02:00:00,53,45,104.8,9,60,37
2026-03-06 03:00:00,54,47,102.9,8,59,39
2026-03-06 04:00:00,62,55,118.2,12,62,47
2026-03-06 05:00:00,60,56,113.0,10,61,44
2026-03-06 06:00:00,59,49,113.0,10,59,45
2026-03-06 07:00:00,62,60,109.7,12,60,43
2026-03-06 08:00:00,65,59,115.0,11,65,40
2026-03-06 09:00:00,65,64,120.3,12,65,44
2026-03-06 10:00:00,69,61,116.2,11,65,45
2026-03-06 11:00:00,68,67,123.7,12,66,46
2026-03-06 12:00:00,74,69,125.4,12,72,47
2026-03-06 13:00:00,70,65,121.2,13,69,46
2026-03-06 14:00:00,75,67,128.8,14,65,49
2026-03-06 15:00:00,77,64,127.8,13,75,50
2026-03-06 16:00:00,73,72,124.3,13,72,46
2026-03-06 17:00:00,73,64,128.6,14,67,43
2026-03-06 18:00:00,70,60,122.6,12,66,44
2026-03-06 19:00:00,62,58,109.9,10,63,44
2026-03-06 20:00:00,65,59,117.0,12,62,44
2026-03-06 21:00:00,64,59,118.7,11,63,44
2026-03-06 22:00:00,61,50,111.6,11,59,44
2026-03-06 23:00:00,61,60,105.5,11,65,37
2026-03-07 00:00:00,58,51,110.5,12,45,43
2026-03-07 01:00:00,56,51,111.8,10,47,42
2026-03-07 02:00:00,56,49,108.1,8,46,42
2026-03-07 03:00:00,53,49,106.8,9,49,40
2026-03-07 04:00:00,56,50,111.8,10,49,43
2026-03-07 05:00:00,55,55,105.5,10,49,40
2026-03-07 06:00:00,59,53,113.8,11,50,43
2026-03-07 07:00:00,61,58,115.9,10,50,44
2026-03-07 08:00:00,62,55,109.8,12,50,39
2026-03-07 09:00:00,64,60,119.4,12,51,43
2026-03-07 10:00:00,68,58,124.9,12,52,52
2026-03-07 11:00:00,70,67,125.0,12,55,46
2026-03-07 12:00:00,69,61,123.0,14,55,44
2026-03-07 13:00:00,68,64,118.3,13,54,44
2026-03-07 14:00:00,71,64,121.7,12,53,45
2026-03-07 15:00:00,74,63,122.5,14,54,45
2026-03-07 16:00:00,75,66,128.0,13,59,50
2026-03-07 17:00:00,70,61,120.7,13,53,45
2026-03-07 18:00:00,69,66,121.0,12,56,43
2026-03-07 19:00:00,67,56,120.1,11,51,44
2026-03-07 20:00:00,62,58,120.7,12,50,43
2026-03-07 21:00:00,60,52,112.2,10,50,41
2026-03-07 22:00:00,58,54,107.3,10,51,42
2026-03-07 23:00:00,60,51,112.3,8,50,42
2026-03-08 00:00:00,58,48,110.0,10,47,42
2026-03-08 01:00:00,57,51,112.3,11,52,42
2026-03-08 02:00:00,59,45,108.0,9,48,40
2026-03-08 03:00:00,57,49,112.0,10,47,42
2026-03-08 04:00:00,56,45,109.8,9,48,42
2026-03-08 05:00:00,58,50,109.4,9,47,39
2026-03-08 06:00:00,55,47,109.6,9,48,43
2026-03-08 07:00:00,58,51,113.5,9,47,45
2026-03-08 08:00:00,63,55,112.0,11,51,41
2026-03-08 09:00:00,67,63,123.8,12,55,48
2026-03-08 10:00:00,69,59,120.3,13,51,45
2026-03-08 11:00:00,69,66,122.5,12,54,45
2026-03-08 12:00:00,71,63,122.7,12,54,50
2026-03-08 13:00:00,71,61,126.5,13,55,47
2026-03-08 14:00:00,73,68,130.4,13,56,48
2026-03-08 15:00:00,72,64,125.6,12,54,47
2026-03-08 16:00:00,66,60,119.9,12,54,44
2026-03-08 17:00:00,64,62,118.1,12,52,42
2026-03-08 18:00:00,65,58,125.6,12,50,46
2026-03-08 19:00:00,62,50,111.0,9,48,44
2026-03-08 20:00:00,61,58,114.0,11,52,43
2026-03-08 21:00:00,62,57,116.2,10,53,44
2026-03-08 22:00:00,64,57,113.9,12,51,45
2026-03-08 23:00:00,60,51,114.8,11,46,43
2026-03-09 00:00:00,57,45,103.3,10,58,37
2026-03-09 01:00:00,58,48,107.6,9,63,41
2026-03-09 02:00:00,53,48,105.2,8,59,39
2026-03-09 03:00:00,55,51,105.9,11,56,39
2026-03-09 04:00:00,57,46,111.5,10,60,42
2026-03-09 05:00:00,56,47,103.7,8,59,36
2026-03-09 06:00:00,57,47,105.5,11,61,39
2026-03-09 07:00:00,66,53,114.4,11,63,43
2026-03-09 08:00:00,62,48,114.3,10,64,46
2026-03-09 09:00:00,70,58,125.3,11,66,46
2026-03-09 10:00:00,63,59,118.3,12,58,45
2026-03-09 11:00:00,68,61,116.4,11,64,43
2026-03-09 12:00:00,71,61,120.6,12,67,45
2026-03-09 13:00:00,73,66,130.1,11,69,50
2026-03-09 14:00:00,67,64,121.0,11,65,44
2026-03-09 15:00:00,70,59,116.5,11,63,42
2026-03-09 16:00:00,76,58,131.0,11,71,48
2026-03-09 17:00:00,68,56,117.3,13,68,45
2026-03-09 18:00:00,69,59,120.3,12,64,46
2026-03-09 19:00:00,62,52,111.6,9,64,45
2026-03-09 20:00:00,65,57,114.0,10,65,45
2026-03-09 21:00:00,62,56,118.7,10,60,45
2026-03-09 22:00:00,61,46,111.2,9,61,42
2026-03-09 23:00:00,60,47,111.1,10,66,42
2026-03-10 00:00:00,56,44,103.3,9,56,38
2026-03-10 01:00:00,55,47,106.5,9,61,40
2026-03-10 02:00:00,51,49,103.7,9,57,35
2026-03-10 03:00:00,48,38,97.2,9,54,36
2026-03-10 04:00:00,55,43,107.4,10,61,41
2026-03-10 05:00:00,58,45,107.6,9,58,42
2026-03-10 06:00:00,60,42,111.0,9,60,45
2026-03-10 07:00:00,58,48,111.2,10,59,40
2026-03-10 08:00:00,59,53,110.5,8,59,45
2026-03-10 09:00:00,67,52,117.9,11,66,50
2026-03-10 10:00:00,63,50,112.0,9,63,44
2026-03-10 11:00:00,67,67,119.7,12,71,49
2026-03-10 12:00:00,69,59,117.1,12,66,45
2026-03-10 13:00:00,69,59,121.0,11,66,43
2026-03-10 14:00:00,73,55,119.5,12,66,42
2026-03-10 15:00:00,73,60,127.4,13,67,44
2026-03-10 16:00:00,67,58,123.9,11,68,48
2026-03-10 17:00:00,70,50,119.4,12,64,47
2026-03-10 18:00:00,66,52,116.5,12,64,45
2026-03-10 19:00:00,68,56,118.9,12,64,46
2026-03-10 20:00:00,68,58,126.4,11,63,47
2026-03-10 21:00:00,60,50,117.5,11,62,41
2026-03-10 22:00:00,61,51,111.8,10,58,38
2026-03-10 23:00:00,55,45,106.2,9,59,39
2026-03-11 00:00:00,57,42,107.8,7,58,37
2026-03-11 01:00:00,55,46,103.3,10,58,33
2026-03-11 02:00:00,58,47,103.6,11,59,39
2026-03-11 03:00:00,59,46,105.5,10,60,40
2026-03-11 04:00:00,55,39,103.4,7,57,38
2026-03-11 05:00:00,56,44,103.6,9,59,39
2026-03-11 06:00:00,58,46,113.2,10,60,39
2026-03-11 07:00:00,52,46,100.7,9,63,39
2026-03-11 08:00:00,60,51,108.1,12,59,42
2026-03-11 09:00:00,67,54,112.1,11,62,42
2026-03-11 10:00:00,69,57,118.1,11,65,40
2026-03-11 11:00:00,67,61,119.0,12,64,43
2026-03-11 12:00:00,69,55,119.0,12,68,46
2026-03-11 13:00:00,68,52,117.4,11,68,43
2026-03-11 14:00:00,72,59,120.6,11,66,50
2026-03-11 15:00:00,77,64,124.3,14,71,49
2026-03-11 16:00:00,70,55,121.1,11,67,47
2026-03-11 17:00:00,67,57,115.8,11,64,45
2026-03-11 18:00:00,66,56,120.1,11,66,43
2026-03-11 19:00:00,68,52,112.8,10,66,43
2026-03-11 20:00:00,58,49,108.0,10,57,36
2026-03-11 21:00:00,57,44,113.8,10,57,38
2026-03-11 22:00:00,57,37,111.9,9,58,41
2026-03-11 23:00:00,58,40,102.7,10,58,38
2026-03-12 00:00:00,55,39,108.3,9,58,42
2026-03-12 01:00:00,53,44,109.5,9,55,38
2026-03-12 02:00:00,54,39,107.2,10,55,40
2026-03-12 03:00:00,54,38,103.2,9,56,37
2026-03-12 04:00:00,54,38,97.6,9,55,33
2026-03-12 05:00:00,56,44,107.1,8,61,39
2026-03-12 06:00:00,59,48,111.3,9,62,40
2026-03-12 07:00:00,58,49,110.6,8,61,40
2026-03-12 08:00:00,68,50,118.1,12,66,44
2026-03-12 09:00:00,62,45,108.7,10,60,45
2026-03-12 10:00:00,66,50,114.4,11,63,45
2026-03-12 11:00:00,69,60,113.4,11,67,45
2026-03-12 12:00:00,72,58,124.7,14,68,48
2026-03-12 13:00:00,65,50,111.7,9,64,42
2026-03-12 14:00:00,65,55,116.0,11,64,46
2026-03-12 15:00:00,70,57,120.8,12,66,45
2026-03-12 16:00:00,73,52,118.8,12,68,42
2026-03-12 17:00:00,68,45,111.7,10,66,42
2026-03-12 18:00:00,64,52,115.2,10,62,43
2026-03-12 19:00:00,64,47,107.7,9,63,45
2026-03-12 20:00:00,59,45,111.3,11,56,43
2026-03-12 21:00:00,60,44,111.4,9,57,41
2026-03-12 22:00:00,58,43,106.4,10,59,39
2026-03-12 23:00:00,58,42,105.8,8,58,39
2026-03-13 00:00:00,49,36,96.3,6,58,34
2026-03-13 01:00:00,49,37,99.1,7,54,38
2026-03-13 02:00:00,51,32,98.4,8,55,32
2026-03-13 03:00:00,51,39,100.6,8,56,37
2026-03-13 04:00:00,48,29,100.7,7,50,35
2026-03-13 05:00:00,55,39,99.5,9,58,34
2026-03-13 06:00:00,55,45,104.0,9,58,35
2026-03-13 07:00:00,63,40,112.3,11,64,43
2026-03-13 08:00:00,60,48,117.2,11,60,47
2026-03-13 09:00:00,63,52,111.8,10,64,39
2026-03-13 10:00:00,62,38,112.0,9,61,44
2026-03-13 11:00:00,63,51,110.2,10,61,41
2026-03-13 12:00:00,66,43,111.9,11,58,42
2026-03-13 13:00:00,70,53,118.8,11,65,46
2026-03-13 14:00:00,68,54,116.1,12,67,43
2026-03-13 15:00:00,67,45,113.0,11,64,44
2026-03-13 16:00:00,71,59,117.8,13,69,47
2026-03-13 17:00:00,71,52,121.2,11,64,46
2026-03-13 18:00:00,70,47,114.4,11,66,44
2026-03-13 19:00:00,62,53,111.7,11,59,44
2026-03-13 20:00:00,56,40,102.8,9,59,38
2026-03-13 21:00:00,58,39,104.1,9,55,41
2026-03-13 22:00:00,49,34,99.3,7,56,40
2026-03-13 23:00:00,58,46,109.4,10,59,43
2026-03-14 00:00:00,54,38,110.9,10,47,42
2026-03-14 01:00:00,54,39,102.8,7,46,40
2026-03-14 02:00:00,52,37,101.2,8,46,37
2026-03-14 03:00:00,54,38,107.2,8,46,41
2026-03-14 04:00:00,54,37,104.2,8,46,38
2026-03-14 05:00:00,55,39,104.4,9,48,38
2026-03-14 06:00:00,53,40,103.2,7,46,37
2026-03-14 07:00:00,58,40,107.2,9,50,43
2026-03-14 08:00:00,65,44,115.5,10,50,46
2026-03-14 09:00:00,63,47,116.7,10,49,46
2026-03-14 10:00:00,65,48,117.2,12,49,45
2026-03-14 11:00:00,69,45,116.6,10,50,40
2026-03-14 12:00:00,64,46,113.6,9,49,37
2026-03-14 13:00:00,72,56,127.1,13,52,48
2026-03-14 14:00:00,67,51,114.9,7,52,43
2026-03-14 15:00:00,72,54,122.5,11,51,43
2026-03-14 16:00:00,68,47,119.5,11,50,45
2026-03-14 17:00:00,64,45,115.1,9,46,42
2026-03-14 18:00:00,63,45,109.4,10,48,44
2026-03-14 19:00:00,65,45,121.4,10,52,45
2026-03-14 20:00:00,55,42,110.4,8,45,40
2026-03-14 21:00:00,58,46,112.4,10,47,39
2026-03-14 22:00:00,58,41,103.9,10,46,39
2026-03-14 23:00:00,56,45,109.7,8,47,42
2026-03-15 00:00:00,53,37,95.7,8,47,36
2026-03-15 01:00:00,44,26,92.3,8,43,36
2026-03-15 02:00:00,51,38,101.4,8,42,37
2026-03-15 03:00:00,52,29,97.8,8,46,38
2026-03-15 04:00:00,51,36,105.6,9,46,39
2026-03-15 05:00:00,50,34,99.7,6,45,34
2026-03-15 06:00:00,60,46,107.5,8,47,43
2026-03-15 07:00:00,60,45,112.4,10,47,44
2026-03-15 08:00:00,56,40,106.7,10,45,42
2026-03-15 09:00:00,62,44,105.5,9,48,47
2026-03-15 10:00:00,62,47,115.5,9,49,43
2026-03-15 11:00:00,66,51,116.1,12,47,44
2026-03-15 12:00:00,67,49,119.1,10,49,45
2026-03-15 13:00:00,65,46,114.6,10,50,42
2026-03-15 14:00:00,69,48,115.7,11,53,45
2026-03-15 15:00:00,70,50,119.3,12,52,45
2026-03-15 16:00:00,69,54,118.2,11,52,48
2026-03-15 17:00:00,67,49,116.8,11,53,44
2026-03-15 18:00:00,60,44,110.8,9,47,43
2026-03-15 19:00:00,66,47,114.7,11,49,44
2026-03-15 20:00:00,59,41,109.2,9,46,42
2026-03-15 21:00:00,56,43,105.6,8,46,38
2026-03-15 22:00:00,59,47,107.9,11,47,43
2026-03-15 23:00:00,56,35,105.8,10,48,40
2026-03-16 00:00:00,54,36,107.4,9,57,41
2026-03-16 01:00:00,48,30,95.2,9,55,36
2026-03-16 02:00:00,53,32,101.6,8,54,33
2026-03-16 03:00:00,51,33,95.7,8,55,36
2026-03-16 04:00:00,53,33,106.6,8,55,40
2026-03-16 05:00:00,54,44,108.8,8,58,41
2026-03-16 06:00:00,58,36,103.1,7,59,41
2026-03-16 07:00:00,58,41,106.0,9,58,42
2026-03-16 08:00:00,60,34,109.8,10,59,43
2026-03-16 09:00:00,58,44,108.8,10,62,39
2026-03-16 10:00:00,61,49,113.6,11,59,43
2026-03-16 11:00:00,64,44,109.2,11,63,38
2026-03-16 12:00:00,68,39,114.3,10,63,44
2026-03-16 13:00:00,72,48,118.4,12,67,43
2026-03-16 14:00:00,65,49,115.4,10,62,43
2026-03-16 15:00:00,68,51,115.9,10,66,46
2026-03-16 16:00:00,69,55,118.2,12,64,49
2026-03-16 17:00:00,67,45,114.3,10,64,41
2026-03-16 18:00:00,65,42,110.0,10,63,42
2026-03-16 19:00:00,58,39,112.7,11,59,42
2026-03-16 20:00:00,60,41,105.1,10,62,39
2026-03-16 21:00:00,53,40,104.8,9,59,39
2026-03-16 22:00:00,57,35,104.9,7,59,40
2026-03-16 23:00:00,53,38,105.2,8,60,39
2026-03-17 00:00:00,49,34,91.3,7,54,31
2026-03-17 01:00:00,52,31,94.6,8,55,36
2026-03-17 02:00:00,49,28,94.8,7,54,36
2026-03-17 03:00:00,54,30,103.0,7,55,35
2026-03-17 04:00:00,47,24,93.1,8,51,33
2026-03-17 05:00:00,59,34,104.3,10,55,37
2026-03-17 06:00:00,57,35,104.3,8,59,39
2026-03-17 07:00:00,60,38,104.7,11,59,41
2026-03-17 08:00:00,57,41,107.6,8,58,40
2026-03-17 09:00:00,66,42,113.2,12,60,46
2026-03-17 10:00:00,60,43,110.3,9,59,42
2026-03-17 11:00:00,64,45,117.0,10,62,44
2026-03-17 12:00:00,68,41,112.8,12,60,43
2026-03-17 13:00:00,68,45,114.9,11,63,40
2026-03-17 14:00:00,64,47,110.2,11,61,41
2026-03-17 15:00:00,69,44,111.5,10,64,43
2026-03-17 16:00:00,68,49,116.1,11,64,48
2026-03-17 17:00:00,63,42,111.1,10,58,40
2026-03-17 18:00:00,59,44,111.0,11,62,44
2026-03-17 19:00:00,62,41,111.7,10,56,43
2026-03-17 20:00:00,59,42,108.8,9,60,40
2026-03-17 21:00:00,58,40,111.8,10,61,40
2026-03-17 22:00:00,52,37,100.6,8,56,40
2026-03-17 23:00:00,50,26,96.0,8,51,37
2026-03-18 00:00:00,54,35,102.9,9,58,40
2026-03-18 01:00:00,57,35,100.5,8,54,37
2026-03-18 02:00:00,49,28,98.7,7,53,35
2026-03-18 03:00:00,54,30,101.2,9,58,32
2026-03-18 04:00:00,52,27,98.9,10,55,34
2026-03-18 05:00:00,51,25,98.7,8,54,35
2026-03-18 06:00:00,51,31,100.1,8,57,39
2026-03-18 07:00:00,53,33,102.6,8,53,36
2026-03-18 08:00:00,60,36,105.2,9,59,36
2026-03-18 09:00:00,58,36,110.2,9,58,40
2026-03-18 10:00:00,60,39,103.4,10,58,38
2026-03-18 11:00:00,64,43,109.5,11,60,41
2026-03-18 12:00:00,64,42,109.8,10,64,47
2026-03-18 13:00:00,69,47,114.3,10,61,44
2026-03-18 14:00:00,66,48,109.4,11,63,42
2026-03-18 15:00:00,71,53,124.6,11,64,48
2026-03-18 16:00:00,68,48,117.9,10,64,49
2026-03-18 17:00:00,60,44,107.7,10,59,37
2026-03-18 18:00:00,63,39,111.6,10,61,44
2026-03-18 19:00:00,54,40,103.9,8,57,40
2026-03-18 20:00:00,57,38,104.3,9,58,36
2026-03-18 21:00:00,57,33,100.9,9,57,37
2026-03-18 22:00:00,55,36,103.5,9,57,37
2026-03-18 23:00:00,47,27,92.9,7,53,32
2026-03-19 00:00:00,48,28,93.0,6,53,33
2026-03-19 01:00:00,44,30,97.0,7,51,33
2026-03-19 02:00:00,46,27,91.9,7,54,35
2026-03-19 03:00:00,51,27,102.1,8,52,41
2026-03-19 04:00:00,49,28,94.9,8,58,34
2026-03-19 05:00:00,52,27,93.7,10,53,33
2026-03-19 06:00:00,55,36,104.9,10,56,41
2026-03-19 07:00:00,55,30,99.9,8,53,35
2026-03-19 08:00:00,61,37,102.7,9,59,36
2026-03-19 09:00:00,60,39,108.6,9,61,39
2026-03-19 10:00:00,63,36,105.1,9,59,41
2026-03-19 11:00:00,58,42,101.1,9,62,39
2026-03-19 12:00:00,67,40,114.4,10,62,46
2026-03-19 13:00:00,64,48,118.1,13,60,42
2026-03-19 14:00:00,62,40,108.3,9,59,43
2026-03-19 15:00:00,64,41,114.4,9,62,43
2026-03-19 16:00:00,67,38,114.2,10,61,39
2026-03-19 17:00:00,60,37,109.0,9,62,44
2026-03-19 18:00:00,62,45,110.7,10,60,42
2026-03-19 19:00:00,58,40,105.0,9,59,42
2026-03-19 20:00:00,59,36,106.9,9,57,43
2026-03-19 21:00:00,57,31,105.1,9,59,41
2026-03-19 22:00:00,59,35,101.8,8,56,44
2026-03-19 23:00:00,57,27,100.9,8,53,36
2026-03-20 00:00:00,53,30,99.3,8,54,41
2026-03-20 01:00:00,50,23,94.7,7,53,35
2026-03-20 02:00:00,46,24,91.1,6,48,36
2026-03-20 03:00:00,55,29,97.1,8,57,37
2026-03-20 04:00:00,52,30,98.4,9,56,39
2026-03-20 05:00:00,52,31,98.5,8,54,36
2026-03-20 06:00:00,53,27,97.6,7,54,40
2026-03-20 07:00:00,53,31,102.4,9,59,40
2026-03-20 08:00:00,52,35,96.8,8,53,34
2026-03-20 09:00:00,60,33,106.7,10,60,41
2026-03-20 10:00:00,66,43,107.9,11,62,43
2026-03-20 11:00:00,62,32,106.4,10,60,42
2026-03-20 12:00:00,64,38,103.3,10,63,38
2026-03-20 13:00:00,65,40,108.7,9,62,41
2026-03-20 14:00:00,63,32,107.5,10,56,41
2026-03-20 15:00:00,65,37,105.7,10,63,40
2026-03-20 16:00:00,65,43,108.3,10,58,45
2026-03-20 17:00:00,64,40,113.2,9,62,42
2026-03-20 18:00:00,67,44,109.2,11,64,40
2026-03-20 19:00:00,62,42,109.8,10,60,41
2026-03-20 20:00:00,58,36,109.8,8,59,38
2026-03-20 21:00:00,57,33,104.4,9,55,39
2026-03-20 22:00:00,55,31,101.6,9,54,36
2026-03-20 23:00:00,52,19,93.1,6,54,33
2026-03-21 00:00:00,47,21,90.6,7,41,35
2026-03-21 01:00:00,48,25,94.7,8,45,31
2026-03-21 02:00:00,48,27,89.3,8,42,33
2026-03-21 03:00:00,51,26,100.6,6,42,40
2026-03-21 04:00:00,51,23,96.7,8,47,34
2026-03-21 05:00:00,49,30,92.3,7,41,34
2026-03-21 06:00:00,55,34,106.1,8,46,43
2026-03-21 07:00:00,59,34,107.6,11,47,43
2026-03-21 08:00:00,58,36,106.4,9,48,39
2026-03-21 09:00:00,60,33,111.9,9,46,40
2026-03-21 10:00:00,64,41,111.2,11,49,43
2026-03-21 11:00:00,60,39,112.1,11,47,41
2026-03-21 12:00:00,65,42,112.0,10,52,46
2026-03-21 13:00:00,69,42,115.6,10,52,45
2026-03-21 14:00:00,64,40,109.0,10,48,38
2026-03-21 15:00:00,66,38,105.6,11,49,38
2026-03-21 16:00:00,64,39,105.1,10,49,38
2026-03-21 17:00:00,62,42,109.9,11,47,40
2026-03-21 18:00:00,61,35,106.0,9,45,40
2026-03-21 19:00:00,59,38,103.0,8,46,40
2026-03-21 20:00:00,56,35,102.8,10,44,36
2026-03-21 21:00:00,54,30,101.9,8,47,35
2026-03-21 22:00:00,55,34,106.1,9,45,37
2026-03-21 23:00:00,51,26,94.9,8,41,34
2026-03-22 00:00:00,50,30,99.4,8,43,38
2026-03-22 01:00:00,50,25,101.4,8,43,35
2026-03-22 02:00:00,50,23,97.8,7,44,37
2026-03-22 03:00:00,45,21,89.2,8,41,32
2026-03-22 04:00:00,49,24,95.6,7,43,34
2026-03-22 05:00:00,46,25,94.1,8,41,34
2026-03-22 06:00:00,51,23,98.1,8,43,36
2026-03-22 07:00:00,55,29,100.8,6,50,41
2026-03-22 08:00:00,57,29,103.8,8,45,40
2026-03-22 09:00:00,60,36,109.4,10,45,39
2026-03-22 10:00:00,64,40,107.2,9,48,44
2026-03-22 11:00:00,62,33,102.5,8,47,42
2026-03-22 12:00:00,64,44,113.9,11,47,41
2026-03-22 13:00:00,62,39,108.3,8,49,39
2026-03-22 14:00:00,63,36,111.4,10,47,41
2026-03-22 15:00:00,64,42,114.2,10,45,40
2026-03-22 16:00:00,63,37,103.4,10,48,41
2026-03-22 17:00:00,61,37,105.2,10,46,41
2026-03-22 18:00:00,62,34,106.5,8,49,41
2026-03-22 19:00:00,58,31,100.5,8,44,37
2026-03-22 20:00:00,59,34,103.6,9,46,40
2026-03-22 21:00:00,55,28,97.1,8,45,36
2026-03-22 22:00:00,51,22,94.5,7,42,35
2026-03-22 23:00:00,51,28,95.1,7,42,35
2026-03-23 00:00:00,49,19,94.7,6,50,36
2026-03-23 01:00:00,53,18,98.9,8,56,38
2026-03-23 02:00:00,47,26,95.9,8,51,33
2026-03-23 03:00:00,47,18,99.9,7,49,36
2026-03-23 04:00:00,44,15,91.7,6,49,34
2026-03-23 05:00:00,51,27,100.3,7,54,37
2026-03-23 06:00:00,50,25,96.2,6,55,32
2026-03-23 07:00:00,54,27,98.6,8,53,37
2026-03-23 08:00:00,56,29,105.7,8,60,39
2026-03-23 09:00:00,58,33,103.2,9,57,37
2026-03-23 10:00:00,55,31,102.1,8,60,39
2026-03-23 11:00:00,67,41,112.5,10,63,44
2026-03-23 12:00:00,64,32,109.5,8,61,42
2026-03-23 13:00:00,64,39,113.4,10,63,40
2026-03-23 14:00:00,63,40,113.3,9,60,41
2026-03-23 15:00:00,64,35,107.9,10,58,44
2026-03-23 16:00:00,63,33,108.5,11,61,44
2026-03-23 17:00:00,65,39,112.1,9,66,44
2026-03-23 18:00:00,62,31,110.2,10,59,40
2026-03-23 19:00:00,61,30,99.5,9,59,39
2026-03-23 20:00:00,53,33,101.1,8,56,40
2026-03-23 21:00:00,54,28,97.7,7,52,41
2026-03-23 22:00:00,53,20,94.8,7,56,34
2026-03-23 23:00:00,50,31,95.6,7,52,40
2026-03-24 00:00:00,51,20,97.1,7,56,32
2026-03-24 01:00:00,52,20,88.5,7,54,36
2026-03-24 02:00:00,51,22,95.4,7,56,35
2026-03-24 03:00:00,50,23,90.4,8,50,35
2026-03-24 04:00:00,50,29,95.3,8,56,33
2026-03-24 05:00:00,49,17,92.5,6,53,37
2026-03-24 06:00:00,49,28,95.6,7,53,34
2026-03-24 07:00:00,53,29,101.6,7,57,36
2026-03-24 08:00:00,54,28,103.9,8,57,41
2026-03-24 09:00:00,59,34,111.1,9,59,39
2026-03-24 10:00:00,60,36,106.7,9,55,39
2026-03-24 11:00:00,61,30,108.6,10,58,44
2026-03-24 12:00:00,67,42,117.7,10,65,45
2026-03-24 13:00:00,61,31,103.9,10,57,41
2026-03-24 14:00:00,64,33,111.5,8,61,41
2026-03-24 15:00:00,63,36,101.7,8,61,36
2026-03-24 16:00:00,66,42,113.4,12,65,43
2026-03-24 17:00:00,63,33,112.6,9,60,41
2026-03-24 18:00:00,62,33,107.3,9,58,40
2026-03-24 19:00:00,61,36,106.8,10,62,40
2026-03-24 20:00:00,57,28,101.0,8,56,39
2026-03-24 21:00:00,49,23,99.3,8,54,35
2026-03-24 22:00:00,49,23,90.1,7,52,35
2026-03-24 23:00:00,50,28,95.8,8,51,38
2026-03-25 00:00:00,50,21,97.0,7,50,37
2026-03-25 01:00:00,46,27,95.4,7,55,38
2026-03-25 02:00:00,49,22,98.2,6,53,38
2026-03-25 03:00:00,48,18,94.3,7,53,37
2026-03-25 04:00:00,44,21,89.3,6,55,32
2026-03-25 05:00:00,46,19,93.5,6,53,36
2026-03-25 06:00:00,54,21,93.3,6,58,35
2026-03-25 07:00:00,60,41,102.2,9,58,42
2026-03-25 08:00:00,55,31,99.5,8,56,41
2026-03-25 09:00:00,56,33,103.1,10,55,40
2026-03-25 10:00:00,53,29,97.4,8,53,37
2026-03-25 11:00:00,67,39,112.5,10,61,43
2026-03-25 12:00:00,64,38,110.2,11,59,42
2026-03-25 13:00:00,70,42,109.7,10,63,41
2026-03-25 14:00:00,65,42,110.5,10,62,40
2026-03-25 15:00:00,63,30,109.3,10,60,43
2026-03-25 16:00:00,64,31,108.8,11,62,40
2026-03-25 17:00:00,65,30,105.3,8,61,41
2026-03-25 18:00:00,60,28,105.9,9,62,39
2026-03-25 19:00:00,58,31,108.8,9,62,39
2026-03-25 20:00:00,55,26,98.6,8,55,36
2026-03-25 21:00:00,53,33,103.1,10,56,43
2026-03-25 22:00:00,53,30,101.5,7,55,36
2026-03-25 23:00:00,50,22,93.7,7,51,34
2026-03-26 00:00:00,54,26,95.7,6,57,34
2026-03-26 01:00:00,48,24,99.4,7,54,37
2026-03-26 02:00:00,49,17,96.3,7,54,35
2026-03-26 03:00:00,45,12,87.7,7,52,29
2026-03-26 04:00:00,51,19,98.4,8,52,40
2026-03-26 05:00:00,51,19,96.1,8,55,31
2026-03-26 06:00:00,53,23,101.2,7,57,36
2026-03-26 07:00:00,56,25,94.5,8,51,35
2026-03-26 08:00:00,58,27,100.5,8,56,39
2026-03-26 09:00:00,61,30,109.8,9,60,40
2026-03-26 10:00:00,64,26,113.5,9,65,41
2026-03-26 11:00:00,66,34,108.2,11,61,42
2026-03-26 12:00:00,63,32,106.0,9,60,39
2026-03-26 13:00:00,62,35,109.8,10,59,39
2026-03-26 14:00:00,65,38,111.8,11,61,45
2026-03-26 15:00:00,57,30,104.3,10,60,40
2026-03-26 16:00:00,64,32,101.7,9,60,41
2026-03-26 17:00:00,58,32,103.4,9,61,39
2026-03-26 18:00:00,62,29,107.6,9,58,40
2026-03-26 19:00:00,63,32,100.2,10,61,41
2026-03-26 20:00:00,51,24,91.7,9,50,33
2026-03-26 21:00:00,53,22,91.7,7,53,36
2026-03-26 22:00:00,48,20,95.1,7,51,36
2026-03-26 23:00:00,46,25,90.9,7,52,34
2026-03-27 00:00:00,47,17,87.9,7,51,30
2026-03-27 01:00:00,49,19,93.9,7,52,33
2026-03-27 02:00:00,51,24,92.7,7,56,38
2026-03-27 03:00:00,47,17,93.3,8,51,36
2026-03-27 04:00:00,45,22,99.2,5,52,34
2026-03-27 05:00:00,51,26,96.1,6,54,32
2026-03-27 06:00:00,48,25,89.3,7,52,31
2026-03-27 07:00:00,49,23,93.9,7,57,33
2026-03-27 08:00:00,53,28,100.7,7,56,39
2026-03-27 09:00:00,59,23,102.3,9,56,35
2026-03-27 10:00:00,60,27,105.7,9,59,43
2026-03-27 11:00:00,61,29,103.1,10,60,40
2026-03-27 12:00:00,62,40,108.7,9,60,43
2026-03-27 13:00:00,61,30,98.1,10,57,38
2026-03-27 14:00:00,59,30,105.9,9,57,39
2026-03-27 15:00:00,65,29,103.9,9,54,39
2026-03-27 16:00:00,68,34,112.0,10,61,42
2026-03-27 17:00:00,62,32,104.0,10,61,40
2026-03-27 18:00:00,62,33,106.7,10,60,41
2026-03-27 19:00:00,57,30,105.7,8,57,37
2026-03-27 20:00:00,50,21,93.2,6,54,30
2026-03-27 21:00:00,50,20,92.5,8,55,34
2026-03-27 22:00:00,51,26,97.4,7,54,39
2026-03-27 23:00:00,48,19,91.0,5,51,33
2026-03-28 00:00:00,47,22,90.5,6,41,28
2026-03-28 01:00:00,47,16,96.7,7,39,37
2026-03-28 02:00:00,44,13,82.3,5,41,30
2026-03-28 03:00:00,52,16,96.2,7,46,34
2026-03-28 04:00:00,43,14,87.7,5,37,28
2026-03-28 05:00:00,51,17,91.3,7,41,35
2026-03-28 06:00:00,50,21,96.1,7,43,37
2026-03-28 07:00:00,54,24,98.9,8,44,37
2026-03-28 08:00:00,55,19,101.0,7,45,36
2026-03-28 09:00:00,57,26,98.1,9,44,33
2026-03-28 10:00:00,56,26,98.8,8,41,42
2026-03-28 11:00:00,59,28,106.2,9,48,40
2026-03-28 12:00:00,63,32,106.1,9,49,41
2026-03-28 13:00:00,63,30,107.8,8,49,40
2026-03-28 14:00:00,62,37,111.9,9,51,42
2026-03-28 15:00:00,67,36,113.0,9,49,42
2026-03-28 16:00:00,57,35,102.5,8,49,39
2026-03-28 17:00:00,60,28,102.5,7,49,40
2026-03-28 18:00:00,56,25,103.6,7,44,40
2026-03-28 19:00:00,57,27,102.2,8,44,40
2026-03-28 20:00:00,57,24,99.9,9,43,38
2026-03-28 21:00:00,49,20,94.8,6,43,35
2026-03-28 22:00:00,55,16,92.9,7,42,35
2026-03-28 23:00:00,49,19,92.9,7,42,34
2026-03-29 00:00:00,48,15,91.2,6,41,36
2026-03-29 01:00:00,44,18,89.4,5,40,29
2026-03-29 02:00:00,47,18,90.5,6,42,34
2026-03-29 03:00:00,50,20,93.5,7,43,35
2026-03-29 04:00:00,47,12,89.3,6,42,33
2026-03-29 05:00:00,49,19,98.3,9,45,37
2026-03-29 06:00:00,50,17,86.5,6,39,33
2026-03-29 07:00:00,48,17,94.1,7,42,36
2026-03-29 08:00:00,51,22,95.4,7,43,35
2026-03-29 09:00:00,61,29,104.5,9,47,39
2026-03-29 10:00:00,61,26,102.3,8,43,38
2026-03-29 11:00:00,64,35,110.5,9,49,41
2026-03-29 12:00:00,60,32,108.3,8,46,39
2026-03-29 13:00:00,62,30,99.9,8,48,41
2026-03-29 14:00:00,67,35,117.3,10,54,43
2026-03-29 15:00:00,60,33,105.8,8,45,36
2026-03-29 16:00:00,64,27,106.2,11,48,40
2026-03-29 17:00:00,61,36,102.8,9,45,37
2026-03-29 18:00:00,57,28,100.1,9,46,38
2026-03-29 19:00:00,57,26,104.8,8,47,38
2026-03-29 20:00:00,51,20,95.5,6,43,35
2026-03-29 21:00:00,49,25,96.9,6,45,37
2026-03-29 22:00:00,51,21,94.3,6,44,36
2026-03-29 23:00:00,51,20,100.9,8,40,40
2026-03-30 00:00:00,50,14,91.7,7,56,38
2026-03-30 01:00:00,49,18,96.3,8,49,36
2026-03-30 02:00:00,52,18,94.5,5,57,35
2026-03-30 03:00:00,49,13,92.4,5,53,35
2026-03-30 04:00:00,48,11,90.8,6,51,32
2026-03-30 05:00:00,50,19,97.1,6,56,34
2026-03-30 06:00:00,52,13,95.4,7,54,35
2026-03-30 07:00:00,47,21,91.4,6,54,33
2026-03-30 08:00:00,53,21,100.1,7,54,36
2026-03-30 09:00:00,53,29,96.6,6,54,38
2026-03-30 10:00:00,60,25,99.1,8,55,39
2026-03-30 11:00:00,59,32,104.0,9,62,38
2026-03-30 12:00:00,69,28,110.4,9,64,37
2026-03-30 13:00:00,62,34,104.1,9,59,39
2026-03-30 14:00:00,65,38,110.2,9,60,43
2026-03-30 15:00:00,60,27,99.3,8,61,39
2026-03-30 16:00:00,61,31,104.2,8,60,39
2026-03-30 17:00:00,60,38,110.0,10,61,40
2026-03-30 18:00:00,55,27,97.8,9,59,36
2026-03-30 19:00:00,51,25,93.2,9,56,32
2026-03-30 20:00:00,56,25,101.7,9,60,38
2026-03-30 21:00:00,51,21,93.1,7,55,31
2026-03-30 22:00:00,53,13,101.4,8,50,35
2026-03-30 23:00:00,47,21,93.1,7,51,35
2026-03-31 00:00:00,49,8,92.5,6,52,34
2026-03-31 01:00:00,50,13,87.8,7,52,31
2026-03-31 02:00:00,50,18,95.4,7,54,37
2026-03-31 03:00:00,46,13,86.7,6,50,32
2026-03-31 04:00:00,45,13,88.4,6,47,34
2026-03-31 05:00:00,52,19,93.5,7,54,37
2026-03-31 06:00:00,47,15,94.0,6,47,33
2026-03-31 07:00:00,51,16,94.9,8,49,33
2026-03-31 08:00:00,54,23,98.6,7,56,36
2026-03-31 09:00:00,54,23,102.2,8,53,37
2026-03-31 10:00:00,58,22,100.1,8,55,38
2026-03-31 11:00:00,62,30,109.1,8,60,42
2026-03-31 12:00:00,59,30,109.7,9,57,40
2026-03-31 13:00:00,63,28,106.2,8,60,42
2026-03-31 14:00:00,57,29,102.6,8,59,42
2026-03-31 15:00:00,60,31,107.7,9,57,37
2026-03-31 16:00:00,61,33,110.7,10,58,40
2026-03-31 17:00:00,61,27,104.0,9,59,39
2026-03-31 18:00:00,61,28,102.6,9,57,37
2026-03-31 19:00:00,57,26,103.7,9,58,40
2026-03-31 20:00:00,56,25,102.1,8,57,36
2026-03-31 21:00:00,52,20,98.1,9,53,35
2026-03-31 22:00:00,50,15,94.8,7,55,38
2026-03-31 23:00:00,49,15,92.4,6,49,37
2026-04-01 00:00:00,46,16,91.0,5,52,36
2026-04-01 01:00:00,47,20,94.5,7,47,33
2026-04-01 02:00:00,47,12,85.1,6,50,33
2026-04-01 03:00:00,51,16,98.0,7,53,39
2026-04-01 04:00:00,50,13,93.1,6,49,33
2026-04-01 05:00:00,45,16,87.6,8,53,29
2026-04-01 06:00:00,48,23,95.0,6,50,36
2026-04-01 07:00:00,51,22,99.9,7,53,33
2026-04-01 08:00:00,53,17,96.2,7,56,35
2026-04-01 09:00:00,56,21,96.4,8,56,33
2026-04-01 10:00:00,62,30,102.1,7,58,39
2026-04-01 11:00:00,63,27,113.0,9,58,46
2026-04-01 12:00:00,60,24,97.2,10,57,39
2026-04-01 13:00:00,61,26,104.5,7,57,42
2026-04-01 14:00:00,64,32,106.0,9,60,41
2026-04-01 15:00:00,66,32,112.1,10,59,39
2026-04-01 16:00:00,62,28,101.8,9,61,39
2026-04-01 17:00:00,61,36,112.0,10,58,43
2026-04-01 18:00:00,57,28,101.7,9,54,39
2026-04-01 19:00:00,53,22,96.7,8,60,38
2026-04-01 20:00:00,54,18,95.3,9,56,34
2026-04-01 21:00:00,52,16,92.8,7,52,35
2026-04-01 22:00:00,52,18,94.1,6,52,35
2026-04-01 23:00:00,51,14,94.8,7,54,37
2026-04-02 00:00:00,52,20,90.5,7,52,34
2026-04-02 01:00:00,44,18,87.6,6,52,33
2026-04-02 02:00:00,47,15,95.4,7,52,35
2026-04-02 03:00:00,46,9,87.6,7,50,33
2026-04-02 04:00:00,46,11,87.1,6,50,32
2026-04-02 05:00:00,47,19,88.6,7,54,36
2026-04-02 06:00:00,53,15,90.9,6,53,31
2026-04-02 07:00:00,51,23,99.2,7,54,39
2026-04-02 08:00:00,49,22,92.1,6,51,35
2026-04-02 09:00:00,56,23,101.9,9,57,39
2026-04-02 10:00:00,57,22,96.7,9,54,36
2026-04-02 11:00:00,64,26,105.4,11,62,44
2026-04-02 12:00:00,62,28,105.2,10,62,40
2026-04-02 13:00:00,62,32,104.3,10,56,42
2026-04-02 14:00:00,61,26,103.6,7,60,43
2026-04-02 15:00:00,61,28,97.9,7,56,36
2026-04-02 16:00:00,67,28,107.7,9,60,41
2026-04-02 17:00:00,62,29,106.6,8,59,37
2026-04-02 18:00:00,54,22,94.8,8,54,34
2026-04-02 19:00:00,54,18,97.1,9,53,38
2026-04-02 20:00:00,54,23,98.9,8,57,37
2026-04-02 21:00:00,47,13,91.1,6,53,33
2026-04-02 22:00:00,46,21,88.6,7,51,38
2026-04-02 23:00:00,49,14,92.4,6,52,34
2026-04-03 00:00:00,43,8,80.6,5,50,27
2026-04-03 01:00:00,48,11,88.4,6,49,31
2026-04-03 02:00:00,46,14,89.5,6,50,34
2026-04-03 03:00:00,44,11,88.0,4,49,33
2026-04-03 04:00:00,41,13,82.4,4,49,29
2026-04-03 05:00:00,52,17,93.7,6,51,34
2026-04-03 06:00:00,50,16,95.4,7,53,34
2026-04-03 07:00:00,50,15,89.5,5,52,37
2026-04-03 08:00:00,51,19,88.5,8,57,36
2026-04-03 09:00:00,61,27,105.9,9,56,40
2026-04-03 10:00:00,57,30,99.7,9,62,38
2026-04-03 11:00:00,57,19,96.5,8,59,37
2026-04-03 12:00:00,63,31,107.4,10,62,40
2026-04-03 13:00:00,66,29,107.9,10,59,43
2026-04-03 14:00:00,62,32,109.6,10,61,38
2026-04-03 15:00:00,59,26,101.9,9,54,39
2026-04-03 16:00:00,59,21,100.8,8,52,40
2026-04-03 17:00:00,62,28,100.2,10,58,37
2026-04-03 18:00:00,60,21,103.0,8,55,38
2026-04-03 19:00:00,51,18,92.2,6,49,30
2026-04-03 20:00:00,53,16,104.4,6,57,37
2026-04-03 21:00:00,49,20,93.0,6,51,38
2026-04-03 22:00:00,52,17,95.9,8,54,32
2026-04-03 23:00:00,50,17,95.3,7,58,34
2026-04-04 00:00:00,45,15,89.3,6,40,36
2026-04-04 01:00:00,49,11,92.0,6,39,34
2026-04-04 02:00:00,46,12,95.9,5,43,34
2026-04-04 03:00:00,46,11,86.1,5,40,32
2026-04-04 04:00:00,46,12,82.4,5,41,30
2026-04-04 05:00:00,47,11,85.4,6,36,31
2026-04-04 06:00:00,49,17,95.9,6,42,36
2026-04-04 07:00:00,51,22,94.1,7,43,34
2026-04-04 08:00:00,56,17,104.3,8,43,40
2026-04-04 09:00:00,56,27,102.7,8,46,42
2026-04-04 10:00:00,57,24,98.3,6,44,39
2026-04-04 11:00:00,59,27,100.5,7,46,39
2026-04-04 12:00:00,63,21,101.7,9,47,38
2026-04-04 13:00:00,63,21,97.0,8,48,34
2026-04-04 14:00:00,61,29,105.5,8,46,42
2026-04-04 15:00:00,65,31,110.3,9,48,41
2026-04-04 16:00:00,60,25,99.9,8,46,36
2026-04-04 17:00:00,59,32,99.7,7,46,35
2026-04-04 18:00:00,57,27,98.8,7,43,38
2026-04-04 19:00:00,58,19,102.5,7,46,39
2026-04-04 20:00:00,59,20,102.7,7,46,37
2026-04-04 21:00:00,55,27,100.5,8,42,39
2026-04-04 22:00:00,47,12,94.5,6,40,35
2026-04-04 23:00:00,48,16,86.8,6,43,31
2026-04-05 00:00:00,44,12,87.3,7,40,29
2026-04-05 01:00:00,45,15,91.0,5,39,33
2026-04-05 02:00:00,45,16,92.3,7,38,33
2026-04-05 03:00:00,45,11,90.5,7,42,34
2026-04-05 04:00:00,48,17,94.2,6,40,37
2026-04-05 05:00:00,50,22,98.9,7,43,39
2026-04-05 06:00:00,49,16,94.8,8,45,33
2026-04-05 07:00:00,54,21,94.0,7,44,35
2026-04-05 08:00:00,52,18,94.0,7,45,34
2026-04-05 09:00:00,55,22,93.6,8,45,33
2026-04-05 10:00:00,57,23,103.3,8,47,41
2026-04-05 11:00:00,64,28,110.2,8,47,41
2026-04-05 12:00:00,61,31,101.7,9,46,40
2026-04-05 13:00:00,63,27,104.3,8,46,39
2026-04-05 14:00:00,61,33,101.4,9,47,40
2026-04-05 15:00:00,64,33,107.8,10,49,40
2026-04-05 16:00:00,63,30,103.9,9,49,37
2026-04-05 17:00:00,62,24,99.9,8,44,39
2026-04-05 18:00:00,56,22,99.1,8,45,35
2026-04-05 19:00:00,52,19,101.3,8,43,36
2026-04-05 20:00:00,53,23,99.7,9,44,38
2026-04-05 21:00:00,53,14,93.3,8,41,34
2026-04-05 22:00:00,55,18,97.3,8,44,38
2026-04-05 23:00:00,49,11,96.1,6,41,34
2026-04-06 00:00:00,44,16,93.0,8,52,31
2026-04-06 01:00:00,48,12,89.4,6,50,33
2026-04-06 02:00:00,44,17,91.1,6,51,28
2026-04-06 03:00:00,46,16,87.5,6,52,32
2026-04-06 04:00:00,48,18,92.8,7,52,32
2026-04-06 05:00:00,50,19,96.7,6,50,37
2026-04-06 06:00:00,50,17,96.2,6,48,36
2026-04-06 07:00:00,49,14,89.7,7,50,35
2026-04-06 08:00:00,55,16,99.6,7,51,39
2026-04-06 09:00:00,52,15,94.7,7,54,37
2026-04-06 10:00:00,60,20,100.1,8,55,39
2026-04-06 11:00:00,56,26,106.3,9,55,41
2026-04-06 12:00:00,61,25,102.1,8,61,41
2026-04-06 13:00:00,58,27,99.1,9,56,35
2026-04-06 14:00:00,60,30,102.5,7,61,40
2026-04-06 15:00:00,60,27,105.5,7,58,40
2026-04-06 16:00:00,63,23,101.3,8,56,40
2026-04-06 17:00:00,63,25,107.1,9,59,44
2026-04-06 18:00:00,59,21,98.1,7,52,38
2026-04-06 19:00:00,56,21,98.3,8,56,37
2026-04-06 20:00:00,55,25,106.3,8,54,36
2026-04-06 21:00:00,54,17,93.6,7,54,35
2026-04-06 22:00:00,53,22,91.1,8,53,35
2026-04-06 23:00:00,49,19,97.9,6,55,34
2026-04-07 00:00:00,50,11,86.9,6,51,35
2026-04-07 01:00:00,47,8,85.8,5,49,35
2026-04-07 02:00:00,46,12,91.2,6,49,34
2026-04-07 03:00:00,46,16,92.4,7,51,34
2026-04-07 04:00:00,45,11,80.8,5,49,30
2026-04-07 05:00:00,48,18,91.2,6,47,38
2026-04-07 06:00:00,52,20,98.3,7,52,39
2026-04-07 07:00:00,53,15,100.7,7,53,35
2026-04-07 08:00:00,49,18,89.5,7,51,34
2026-04-07 09:00:00,52,25,100.3,6,55,41
2026-04-07 10:00:00,55,25,97.7,8,56,39
2026-04-07 11:00:00,58,23,103.8,8,52,37
2026-04-07 12:00:00,63,26,102.1,10,58,39
2026-04-07 13:00:00,61,27,103.4,8,61,39
2026-04-07 14:00:00,61,23,103.7,9,59,37
2026-04-07 15:00:00,63,30,109.7,9,61,46
2026-04-07 16:00:00,58,25,103.1,10,59,41
2026-04-07 17:00:00,60,16,98.5,10,56,38
2026-04-07 18:00:00,56,24,98.3,8,55,38
2026-04-07 19:00:00,59,19,105.4,8,58,42
2026-04-07 20:00:00,55,26,100.6,8,58,37
2026-04-07 21:00:00,50,16,91.7,7,55,36
2026-04-07 22:00:00,46,12,90.5,6,49,38
2026-04-07 23:00:00,49,16,94.2,7,53,36
2026-04-08 00:00:00,51,11,88.2,7,52,35
2026-04-08 01:00:00,46,10,89.6,7,51,33
2026-04-08 02:00:00,47,14,85.6,8,50,31
2026-04-08 03:00:00,43,9,84.0,4,48,29
2026-04-08 04:00:00,47,8,85.1,7,51,32
2026-04-08 05:00:00,50,20,94.2,7,52,32
2026-04-08 06:00:00,50,18,92.4,6,52,33
2026-04-08 07:00:00,52,17,94.4,6,55,34
2026-04-08 08:00:00,49,20,88.2,7,53,34
2026-04-08 09:00:00,56,24,99.5,8,54,36
2026-04-08 10:00:00,56,27,97.5,7,58,37
2026-04-08 11:00:00,59,23,108.1,8,60,38
2026-04-08 12:00:00,59,28,102.2,9,58,39
2026-04-08 13:00:00,59,26,101.9,10,57,40
2026-04-08 14:00:00,58,27,104.6,8,60,39
2026-04-08 15:00:00,65,28,110.8,9,63,39
2026-04-08 16:00:00,59,27,99.3,9,56,38
2026-04-08 17:00:00,59,28,104.7,9,57,43
2026-04-08 18:00:00,62,26,107.2,9,58,40
2026-04-08 19:00:00,56,17,97.6,8,58,37
2026-04-08 20:00:00,47,15,91.5,6,53,32
2026-04-08 21:00:00,55,17,94.8,7,54,35
2026-04-08 22:00:00,55,22,97.9,7,55,36
2026-04-08 23:00:00,51,11,91.7,6,52,36
2026-04-09 00:00:00,48,12,89.2,5,49,32
2026-04-09 01:00:00,42,10,88.8,5,49,32
2026-04-09 02:00:00,45,10,85.0,5,50,32
2026-04-09 03:00:00,42,13,89.5,6,50,29
2026-04-09 04:00:00,46,18,95.0,7,51,36
2026-04-09 05:00:00,45,16,91.2,6,48,31
2026-04-09 06:00:00,47,13,84.9,5,49,29
2026-04-09 07:00:00,55,28,102.0,10,56,36
2026-04-09 08:00:00,53,20,94.3,7,56,38
2026-04-09 09:00:00,54,20,95.5,7,55,39
2026-04-09 10:00:00,58,29,104.2,7,55,38
2026-04-09 11:00:00,63,24,107.5,9,54,44
2026-04-09 12:00:00,68,33,105.5,11,62,44
2026-04-09 13:00:00,60,25,102.5,8,58,39
2026-04-09 14:00:00,64,33,114.2,9,62,47
2026-04-09 15:00:00,60,28,100.4,9,61,41
2026-04-09 16:00:00,64,31,107.0,10,62,40
2026-04-09 17:00:00,60,32,103.5,7,60,40
2026-04-09 18:00:00,55,20,99.8,8,54,36
2026-04-09 19:00:00,62,27,100.8,10,61,38
2026-04-09 20:00:00,49,15,87.3,6,49,33
2026-04-09 21:00:00,44,14,91.3,6,52,32
2026-04-09 22:00:00,51,13,93.2,7,56,35
2026-04-09 23:00:00,47,16,87.9,7,54,29
2026-04-10 00:00:00,45,13,88.6,6,49,33
2026-04-10 01:00:00,52,12,89.2,7,49,33
2026-04-10 02:00:00,47,13,92.9,7,49,36
2026-04-10 03:00:00,46,14,90.8,5,51,33
2026-04-10 04:00:00,45,15,87.7,5,50,33
2026-04-10 05:00:00,50,18,92.1,6,53,34
2026-04-10 06:00:00,47,22,92.0,5,48,32
2026-04-10 07:00:00,50,18,90.6,7,54,34
2026-04-10 08:00:00,53,18,99.8,8,52,37
2026-04-10 09:00:00,57,24,103.9,8,56,41
2026-04-10 10:00:00,56,20,97.4,9,54,40
2026-04-10 11:00:00,57,23,99.3,8,58,42
2026-04-10 12:00:00,64,30,103.9,9,59,40
2026-04-10 13:00:00,57,27,101.3,8,53,39
2026-04-10 14:00:00,60,24,103.8,9,58,40
2026-04-10 15:00:00,59,23,104.6,8,53,38
2026-04-10 16:00:00,63,27,102.9,10,59,39
2026-04-10 17:00:00,59,30,98.9,9,60,39
2026-04-10 18:00:00,60,28,100.7,9,59,41
2026-04-10 19:00:00,57,22,101.4,8,56,40
2026-04-10 20:00:00,51,27,97.5,7,54,36
2026-04-10 21:00:00,51,18,97.4,8,51,35
2026-04-10 22:00:00,45,16,89.8,3,51,36
2026-04-10 23:00:00,46,5,91.7,5,50,33
2026-04-11 00:00:00,44,12,83.0,6,40,29
2026-04-11 01:00:00,49,15,85.0,5,42,33
2026-04-11 02:00:00,46,17,95.4,6,41,35
2026-04-11 03:00:00,43,9,83.8,5,40,31
2026-04-11 04:00:00,50,15,93.0,6,41,34
2026-04-11 05:00:00,47,18,92.0,6,39,34
2026-04-11 06:00:00,52,16,95.2,6,44,36
2026-04-11 07:00:00,50,10,89.8,6,39,35
2026-04-11 08:00:00,53,21,93.9,8,42,36
2026-04-11 09:00:00,53,25,95.1,8,44,36
2026-04-11 10:00:00,60,21,103.0,9,46,40
2026-04-11 11:00:00,60,25,105.3,8,46,41
2026-04-11 12:00:00,58,23,99.7,9,47,35
2026-04-11 13:00:00,60,19,98.5,7,47,36
2026-04-11 14:00:00,65,32,110.2,11,48,39
2026-04-11 15:00:00,62,28,100.4,10,46,38
2026-04-11 16:00:00,63,33,113.1,8,48,41
2026-04-11 17:00:00,63,29,107.2,9,48,39
2026-04-11 18:00:00,61,23,102.3,8,48,39
2026-04-11 19:00:00,55,22,101.1,7,44,36
2026-04-11 20:00:00,51,22,97.6,7,44,37
2026-04-11 21:00:00,49,21,95.1,6,40,35
2026-04-11 22:00:00,48,17,86.6,7,42,32
2026-04-11 23:00:00,47,18,92.8,6,40,35
2026-04-12 00:00:00,42,12,90.9,4,39,34
2026-04-12 01:00:00,49,9,88.4,6,40,33
2026-04-12 02:00:00,47,12,92.3,6,38,34
2026-04-12 03:00:00,45,13,91.0,6,39,33
2026-04-12 04:00:00,45,9,88.4,4,39,34
2026-04-12 05:00:00,42,10,86.2,7,41,29
2026-04-12 06:00:00,53,18,97.2,7,42,36
2026-04-12 07:00:00,46,17,92.1,5,38,37
2026-04-12 08:00:00,55,19,103.0,7,42,40
2026-04-12 09:00:00,51,21,98.2,7,40,37
2026-04-12 10:00:00,58,29,105.2,8,44,41
2026-04-12 11:00:00,64,30,110.1,9,44,46
2026-04-12 12:00:00,55,23,101.1,9,43,38
2026-04-12 13:00:00,61,26,97.2,10,47,36
2026-04-12 14:00:00,64,31,107.2,9,47,43
2026-04-12 15:00:00,63,30,104.7,8,47,40
2026-04-12 16:00:00,61,27,104.9,9,51,36
2026-04-12 17:00:00,60,22,99.6,9,45,38
2026-04-12 18:00:00,56,22,100.4,8,45,39
2026-04-12 19:00:00,60,20,99.9,9,46,36
2026-04-12 20:00:00,50,21,99.8,7,43,41
2026-04-12 21:00:00,56,24,104.7,8,44,38
2026-04-12 22:00:00,49,14,87.5,5,43,32
2026-04-12 23:00:00,48,11,91.1,6,43,36
2026-04-13 00:00:00,48,13,89.5,8,51,35
2026-04-13 01:00:00,48,16,92.5,7,54,35
2026-04-13 02:00:00,42,7,86.4,6,49,33
2026-04-13 03:00:00,46,17,87.4,8,51,32
2026-04-13 04:00:00,43,12,84.2,5,47,30
2026-04-13 05:00:00,46,12,86.7,8,50,30
2026-04-13 06:00:00,49,10,88.7,7,53,37
2026-04-13 07:00:00,54,20,95.5,8,54,33
2026-04-13 08:00:00,54,19,99.5,7,55,37
2026-04-13 09:00:00,52,23,97.1,8,52,34
2026-04-13 10:00:00,55,21,95.7,7,56,36
2026-04-13 11:00:00,57,25,100.0,8,57,39
2026-04-13 12:00:00,57,25,93.8,8,61,36
2026-04-13 13:00:00,59,27,109.2,8,58,45
2026-04-13 14:00:00,61,26,103.8,9,59,40
2026-04-13 15:00:00,64,22,107.1,8,58,41
2026-04-13 16:00:00,61,36,109.8,8,59,43
2026-04-13 17:00:00,55,21,98.1,7,54,36
2026-04-13 18:00:00,56,25,93.1,9,59,35
2026-04-13 19:00:00,55,16,94.5,9,53,33
2026-04-13 20:00:00,55,13,96.2,8,56,38
2026-04-13 21:00:00,51,18,95.0,8,53,36
2026-04-13 22:00:00,46,17,93.9,6,49,36
2026-04-13 23:00:00,46,19,91.4,8,50,37
2026-04-14 00:00:00,47,14,96.4,7,50,36
2026-04-14 01:00:00,48,12,87.1,7,50,32
2026-04-14 02:00:00,49,9,91.4,6,48,35
2026-04-14 03:00:00,44,18,86.7,5,49,32
2026-04-14 04:00:00,48,16,94.5,7,46,34
2026-04-14 05:00:00,44,10,84.8,4,49,31
2026-04-14 06:00:00,47,16,86.1,7,50,33
2026-04-14 07:00:00,49,18,88.9,7,52,32
2026-04-14 08:00:00,52,19,94.2,7,52,32
2026-04-14 09:00:00,54,25,103.6,9,58,36
2026-04-14 10:00:00,65,27,108.7,9,56,42
2026-04-14 11:00:00,58,25,102.8,8,59,38
2026-04-14 12:00:00,63,26,104.8,9,56,40
2026-04-14 13:00:00,61,33,103.1,9,58,39
2026-04-14 14:00:00,68,31,107.6,10,62,42
2026-04-14 15:00:00,62,28,103.7,10,63,41
2026-04-14 16:00:00,61,21,100.3,8,59,40
2026-04-14 17:00:00,58,27,100.3,8,52,35
2026-04-14 18:00:00,61,26,101.0,8,59,37
2026-04-14 19:00:00,54,12,94.4,7,52,36
2026-04-14 20:00:00,53,21,94.4,8,59,34
2026-04-14 21:00:00,48,16,95.6,8,52,38
2026-04-14 22:00:00,49,15,95.3,6,54,38
2026-04-14 23:00:00,46,11,90.7,6,48,36
2026-04-15 00:00:00,48,13,92.4,6,49,34
2026-04-15 01:00:00,46,17,86.5,6,51,33
2026-04-15 02:00:00,40,10,91.6,6,46,33
2026-04-15 03:00:00,48,16,91.0,6,52,37
2026-04-15 04:00:00,49,10,92.8,7,50,35
2026-04-15 05:00:00,44,17,92.3,7,50,37
2026-04-15 06:00:00,54,16,92.6,8,56,30
2026-04-15 07:00:00,55,19,95.8,6,55,35
2026-04-15 08:00:00,52,20,97.0,8,53,36
2026-04-15 09:00:00,54,24,93.7,7,53,40
2026-04-15 10:00:00,58,15,97.6,6,54,34
2026-04-15 11:00:00,55,21,90.6,8,56,35
2026-04-15 12:00:00,59,28,103.6,10,57,40
2026-04-15 13:00:00,56,21,102.9,8,53,41
2026-04-15 14:00:00,61,26,104.0,8,57,38
2026-04-15 15:00:00,65,28,102.6,11,62,36
2026-04-15 16:00:00,61,24,101.3,9,57,41
2026-04-15 17:00:00,61,23,104.8,8,53,42
2026-04-15 18:00:00,57,25,101.4,6,58,38
2026-04-15 19:00:00,57,26,102.3,8,56,38
2026-04-15 20:00:00,50,17,92.5,5,54,31
2026-04-15 21:00:00,51,16,91.2,6,52,38
2026-04-15 22:00:00,47,13,90.6,5,52,36
2026-04-15 23:00:00,45,6,86.5,5,50,30
2026-04-16 00:00:00,46,14,92.7,6,49,36
2026-04-16 01:00:00,46,16,88.8,5,48,29
2026-04-16 02:00:00,52,16,94.1,9,51,35
2026-04-16 03:00:00,49,9,89.8,6,51,33
2026-04-16 04:00:00,49,9,96.6,7,50,33
2026-04-16 05:00:00,52,14,91.8,7,53,34
2026-04-16 06:00:00,54,19,95.5,7,55,36
2026-04-16 07:00:00,52,18,92.1,7,53,36
2026-04-16 08:00:00,54,21,101.1,8,53,41
2026-04-16 09:00:00,57,26,105.6,7,55,41
2026-04-16 10:00:00,56,21,98.5,7,56,42
2026-04-16 11:00:00,57,25,104.1,7,60,39
2026-04-16 12:00:00,63,33,108.4,9,59,39
2026-04-16 13:00:00,57,27,103.9,7,58,38
2026-04-16 14:00:00,61,24,99.9,9,60,38
2026-04-16 15:00:00,58,25,102.3,9,56,37
2026-04-16 16:00:00,60,24,107.6,8,61,42
2026-04-16 17:00:00,60,27,108.0,9,56,40
2026-04-16 18:00:00,56,21,101.1,7,56,39
2026-04-16 19:00:00,52,23,99.6,7,52,35
2026-04-16 20:00:00,50,17,100.8,8,53,39
2026-04-16 21:00:00,51,10,93.9,6,50,34
2026-04-16 22:00:00,48,17,90.4,6,47,36
2026-04-16 23:00:00,49,15,95.9,8,55,34
2026-04-17 00:00:00,47,15,90.5,6,51,32
2026-04-17 01:00:00,44,10,88.9,5,48,31
2026-04-17 02:00:00,45,9,88.2,5,49,30
2026-04-17 03:00:00,44,14,86.5,8,49,35
2026-04-17 04:00:00,49,18,94.2,6,51,38
2026-04-17 05:00:00,47,14,93.3,6,50,36
2026-04-17 06:00:00,56,17,99.9,7,55,37
2026-04-17 07:00:00,48,17,93.7,7,56,32
2026-04-17 08:00:00,51,15,92.8,6,48,37
2026-04-17 09:00:00,56,25,95.3,8,52,34
2026-04-17 10:00:00,55,27,100.3,7,57,36
2026-04-17 11:00:00,62,28,106.8,9,54,40
2026-04-17 12:00:00,59,26,96.4,9,56,38
2026-04-17 13:00:00,56,30,101.8,8,55,40
2026-04-17 14:00:00,64,31,107.5,11,60,43
2026-04-17 15:00:00,62,33,104.0,8,58,37
2026-04-17 16:00:00,61,30,107.9,9,59,40
2026-04-17 17:00:00,61,26,106.7,10,57,41
2026-04-17 18:00:00,56,19,103.3,8,52,35
2026-04-17 19:00:00,55,23,98.6,10,55,37
2026-04-17 20:00:00,60,21,105.2,8,58,40
2026-04-17 21:00:00,47,20,90.1,6,53,31
2026-04-17 22:00:00,48,21,92.1,7,52,35
2026-04-17 23:00:00,45,14,91.2,5,52,35
2026-04-18 00:00:00,53,20,94.6,7,43,35
2026-04-18 01:00:00,42,6,84.2,6,40,34
2026-04-18 02:00:00,46,13,92.4,7,40,36
2026-04-18 03:00:00,44,9,86.7,5,40,31
2026-04-18 04:00:00,46,6,84.4,5,43,33
2026-04-18 05:00:00,48,14,88.9,6,41,30
2026-04-18 06:00:00,49,11,89.6,7,43,37
2026-04-18 07:00:00,55,17,98.3,6,43,38
2026-04-18 08:00:00,55,20,96.6,7,42,37
2026-04-18 09:00:00,55,26,92.5,8,45,34
2026-04-18 10:00:00,57,19,101.0,6,45,36
2026-04-18 11:00:00,66,29,110.2,8,50,44
2026-04-18 12:00:00,62,27,101.8,8,46,40
2026-04-18 13:00:00,63,31,103.5,9,54,40
2026-04-18 14:00:00,58,26,106.0,8,47,41
2026-04-18 15:00:00,62,23,102.7,8,48,38
2026-04-18 16:00:00,62,23,105.3,8,48,40
2026-04-18 17:00:00,59,21,98.6,8,44,38
2026-04-18 18:00:00,58,26,104.0,8,45,37
2026-04-18 19:00:00,64,27,103.5,10,49,41
2026-04-18 20:00:00,55,18,98.4,5,41,37
2026-04-18 21:00:00,55,20,99.0,6,43,37
2026-04-18 22:00:00,48,11,83.8,7,40,32
2026-04-18 23:00:00,48,15,91.6,7,42,34
2026-04-19 00:00:00,49,15,89.9,7,40,34
2026-04-19 01:00:00,44,7,89.3,5,42,29
2026-04-19 02:00:00,45,11,88.9,5,45,32
2026-04-19 03:00:00,48,15,90.3,5,42,34
2026-04-19 04:00:00,42,3,88.1,3,40,30
2026-04-19 05:00:00,50,19,88.2,7,43,32
2026-04-19 06:00:00,50,17,99.3,8,41,40
2026-04-19 07:00:00,55,20,103.3,7,42,40
2026-04-19 08:00:00,52,19,93.9,6,43,35
2026-04-19 09:00:00,49,16,95.2,6,40,34
2026-04-19 10:00:00,57,26,102.9,9,47,39
2026-04-19 11:00:00,60,25,95.6,8,45,41
2026-04-19 12:00:00,63,27,105.2,9,48,39
2026-04-19 13:00:00,61,32,101.8,8,46,38
2026-04-19 14:00:00,64,31,103.2,8,46,36
2026-04-19 15:00:00,66,34,109.3,10,51,40
2026-04-19 16:00:00,63,27,104.7,8,46,39
2026-04-19 17:00:00,57,23,103.7,7,44,39
2026-04-19 18:00:00,56,23,97.2,10,43,41
2026-04-19 19:00:00,57,24,99.2,8,44,37
2026-04-19 20:00:00,59,24,105.5,8,45,39
2026-04-19 21:00:00,50,13,91.5,6,38,35
2026-04-19 22:00:00,49,16,91.0,6,43,34
2026-04-19 23:00:00,46,20,94.4,6,42,36
2026-04-20 00:00:00,45,12,90.3,7,52,36
2026-04-20 01:00:00,45,16,89.8,6,53,37
2026-04-20 02:00:00,46,14,92.4,5,51,29
2026-04-20 03:00:00,43,16,84.5,5,50,29
2026-04-20 04:00:00,45,10,86.0,6,51,31
2026-04-20 05:00:00,44,12,93.9,4,47,35
2026-04-20 06:00:00,52,16,85.2,6,52,31
2026-04-20 07:00:00,48,13,88.5,5,53,32
2026-04-20 08:00:00,52,19,91.9,7,55,35
2026-04-20 09:00:00,57,23,100.1,8,60,34
2026-04-20 10:00:00,58,30,105.3,9,57,37
2026-04-20 11:00:00,66,27,110.5,8,63,44
2026-04-20 12:00:00,64,29,105.3,9,59,39
2026-04-20 13:00:00,63,32,104.1,9,57,43
2026-04-20 14:00:00,62,25,99.4,8,59,39
2026-04-20 15:00:00,56,27,100.7,7,56,41
2026-04-20 16:00:00,66,35,116.8,10,61,47
2026-04-20 17:00:00,61,25,101.5,9,56,38
2026-04-20 18:00:00,59,28,102.7,7,57,36
2026-04-20 19:00:00,58,25,102.1,10,55,39
2026-04-20 20:00:00,54,15,93.9,8,58,35
2026-04-20 21:00:00,51,19,98.9,6,55,36
2026-04-20 22:00:00,51,17,97.3,8,50,36
2026-04-20 23:00:00,51,15,95.8,8,51,33
2026-04-21 00:00:00,47,10,92.0,5,49,35
2026-04-21 01:00:00,44,8,84.4,6,48,30
2026-04-21 02:00:00,46,10,84.8,6,48,30
2026-04-21 03:00:00,49,12,89.0,5,51,33
2026-04-21 04:00:00,50,17,94.1,7,54,37
2026-04-21 05:00:00,47,21,91.6,5,51,34
2026-04-21 06:00:00,52,21,98.0,7,51,35
2026-04-21 07:00:00,53,21,97.4,9,50,37
2026-04-21 08:00:00,56,16,92.8,6,51,38
2026-04-21 09:00:00,55,21,102.0,7,56,40
2026-04-21 10:00:00,57,25,99.2,9,57,34
2026-04-21 11:00:00,55,23,101.6,8,55,38
2026-04-21 12:00:00,60,29,101.3,9,57,41
2026-04-21 13:00:00,65,30,105.4,9,59,41
2026-04-21 14:00:00,63,30,103.5,8,60,36
2026-04-21 15:00:00,62,31,102.2,9,58,36
2026-04-21 16:00:00,63,24,100.1,9,59,37
2026-04-21 17:00:00,63,29,107.3,9,59,38
2026-04-21 18:00:00,55,22,95.6,8,55,34
2026-04-21 19:00:00,58,19,100.2,8,51,35
2026-04-21 20:00:00,50,22,95.4,7,55,35
2026-04-21 21:00:00,54,22,100.4,7,55,36
2026-04-21 22:00:00,51,18,91.2,6,52,34
2026-04-21 23:00:00,51,14,96.2,7,52,37
2026-04-22 00:00:00,48,14,88.3,7,52,30
2026-04-22 01:00:00,45,13,80.6,7,50,34
2026-04-22 02:00:00,44,8,86.9,7,50,34
2026-04-22 03:00:00,51,8,88.4,7,52,30
2026-04-22 04:00:00,47,13,94.3,6,52,35
2026-04-22 05:00:00,49,15,93.1,6,50,34
2026-04-22 06:00:00,44,16,89.2,5,50,33
2026-04-22 07:00:00,50,20,95.2,7,49,36
2026-04-22 08:00:00,55,19,95.8,7,53,35
2026-04-22 09:00:00,52,24,102.4,9,52,37
2026-04-22 10:00:00,59,23,99.9,9,57,37
2026-04-22 11:00:00,59,32,106.2,9,58,40
2026-04-22 12:00:00,58,27,99.9,8,56,37
2026-04-22 13:00:00,62,36,107.9,10,57,41
2026-04-22 14:00:00,66,29,104.4,9,57,39
2026-04-22 15:00:00,62,27,105.5,8,56,37
2026-04-22 16:00:00,58,24,100.9,7,58,38
2026-04-22 17:00:00,60,21,102.8,8,57,40
2026-04-22 18:00:00,59,21,101.8,8,55,40
2026-04-22 19:00:00,54,19,96.8,7,54,33
2026-04-22 20:00:00,56,21,105.3,7,56,39
2026-04-22 21:00:00,53,16,95.3,9,54,38
2026-04-22 22:00:00,52,17,94.6,7,52,34
2026-04-22 23:00:00,47,19,92.1,6,50,37
2026-04-23 00:00:00,43,13,88.3,4,48,28
2026-04-23 01:00:00,43,20,89.2,5,53,31
2026-04-23 02:00:00,43,8,84.3,5,49,29
2026-04-23 03:00:00,45,12,90.3,7,52,33
2026-04-23 04:00:00,45,11,88.2,8,50,32
2026-04-23 05:00:00,49,18,95.9,6,50,38
2026-04-23 06:00:00,52,8,85.7,7,54,34
2026-04-23 07:00:00,49,13,96.1,6,51,35
2026-04-23 08:00:00,53,20,99.2,8,52,39
2026-04-23 09:00:00,53,28,98.7,7,53,35
2026-04-23 10:00:00,64,25,104.7,8,60,42
2026-04-23 11:00:00,55,21,99.9,7,55,34
2026-04-23 12:00:00,58,23,97.4,9,55,42
2026-04-23 13:00:00,65,34,109.1,11,59,42
2026-04-23 14:00:00,62,26,104.7,8,64,43
2026-04-23 15:00:00,65,24,99.5,9,60,40
2026-04-23 16:00:00,64,32,108.9,9,60,40
2026-04-23 17:00:00,60,29,100.3,8,59,32
2026-04-23 18:00:00,62,28,108.2,9,55,39
2026-04-23 19:00:00,58,19,103.1,9,54,40
2026-04-23 20:00:00,50,15,97.5,6,51,33
2026-04-23 21:00:00,54,18,95.6,7,57,40
2026-04-23 22:00:00,49,17,92.0,8,48,34
2026-04-23 23:00:00,48,16,85.7,6,49,37
2026-04-24 00:00:00,48,18,94.8,6,52,34
2026-04-24 01:00:00,43,6,80.6,5,47,31
2026-04-24 02:00:00,45,15,85.2,6,48,33
2026-04-24 03:00:00,47,8,87.6,7,49,30
2026-04-24 04:00:00,43,16,85.6,6,53,33
2026-04-24 05:00:00,45,13,85.6,6,51,33
2026-04-24 06:00:00,50,13,92.5,6,49,36
2026-04-24 07:00:00,51,16,96.1,7,53,38
2026-04-24 08:00:00,55,15,97.4,8,50,33
2026-04-24 09:00:00,57,22,100.2,8,56,39
2026-04-24 10:00:00,54,21,100.8,7,56,35
2026-04-24 11:00:00,60,28,104.6,9,55,37
2026-04-24 12:00:00,63,29,104.4,9,60,37
2026-04-24 13:00:00,64,34,105.9,10,63,41
2026-04-24 14:00:00,61,29,106.6,8,54,42
2026-04-24 15:00:00,61,30,101.9,9,59,38
2026-04-24 16:00:00,61,32,106.6,8,59,40
2026-04-24 17:00:00,55,23,98.0,7,55,34
2026-04-24 18:00:00,53,19,93.3,8,52,36
2026-04-24 19:00:00,57,23,97.4,8,57,36
2026-04-24 20:00:00,50,15,95.7,6,51,33
2026-04-24 21:00:00,55,27,97.7,9,56,32
2026-04-24 22:00:00,49,21,93.7,8,51,33
2026-04-24 23:00:00,47,22,91.6,6,52,33
2026-04-25 00:00:00,46,13,92.4,6,44,35
2026-04-25 01:00:00,51,14,98.0,6,40,34
2026-04-25 02:00:00,45,10,90.4,5,35,33
2026-04-25 03:00:00,48,15,90.5,7,41,37
2026-04-25 04:00:00,46,9,88.8,6,39,35
2026-04-25 05:00:00,42,5,81.3,6,38,29
2026-04-25 06:00:00,52,13,94.3,7,41,34
2026-04-25 07:00:00,49,13,86.3,7,42,36
2026-04-25 08:00:00,52,25,98.2,6,46,37
2026-04-25 09:00:00,56,28,101.3,9,44,37
2026-04-25 10:00:00,56,19,99.3,7,46,37
2026-04-25 11:00:00,63,30,106.2,9,48,38
2026-04-25 12:00:00,60,30,107.1,9,47,37
2026-04-25 13:00:00,67,22,103.8,10,48,39
2026-04-25 14:00:00,59,27,105.0,8,45,42
2026-04-25 15:00:00,63,26,106.0,8,48,40
2026-04-25 16:00:00,57,30,105.4,10,45,39
2026-04-25 17:00:00,58,21,103.6,8,46,40
2026-04-25 18:00:00,59,24,98.5,7,47,38
2026-04-25 19:00:00,52,20,97.4,7,43,33
2026-04-25 20:00:00,58,22,96.7,8,43,37
2026-04-25 21:00:00,52,17,98.5,7,43,33
2026-04-25 22:00:00,48,14,88.7,6,43,36
2026-04-25 23:00:00,49,14,90.2,6,40,35
2026-04-26 00:00:00,47,20,93.3,6,42,35
2026-04-26 01:00:00,48,11,92.4,5,40,39
2026-04-26 02:00:00,47,8,89.5,5,39,31
2026-04-26 03:00:00,47,14,93.0,6,43,36
2026-04-26 04:00:00,48,13,90.5,7,42,34
2026-04-26 05:00:00,43,9,86.8,5,37,33
2026-04-26 06:00:00,55,24,94.0,9,41,35
2026-04-26 07:00:00,51,17,97.0,8,43,37
2026-04-26 08:00:00,56,19,96.9,7,43,36
2026-04-26 09:00:00,58,23,99.2,8,45,40
2026-04-26 10:00:00,62,30,111.6,9,47,42
2026-04-26 11:00:00,55,20,89.7,7,46,36
2026-04-26 12:00:00,59,28,103.2,7,46,38
2026-04-26 13:00:00,69,35,105.5,10,50,40
2026-04-26 14:00:00,58,28,103.8,9,49,37
2026-04-26 15:00:00,58,23,98.5,8,47,40
2026-04-26 16:00:00,60,25,94.0,10,43,40
2026-04-26 17:00:00,60,26,106.3,9,46,38
2026-04-26 18:00:00,58,29,98.6,7,45,38
2026-04-26 19:00:00,57,21,102.2,8,45,41
2026-04-26 20:00:00,57,23,96.9,7,44,37
2026-04-26 21:00:00,50,13,90.6,6,39,34
2026-04-26 22:00:00,47,11,82.8,6,41,30
2026-04-26 23:00:00,47,13,91.4,6,42,34
2026-04-27 00:00:00,47,18,89.9,6,51,31
2026-04-27 01:00:00,41,13,85.2,5,48,34
2026-04-27 02:00:00,46,13,89.4,7,50,29
2026-04-27 03:00:00,48,13,85.8,7,49,30
2026-04-27 04:00:00,47,17,93.7,7,51,35
2026-04-27 05:00:00,42,12,84.6,6,48,29
2026-04-27 06:00:00,49,18,100.0,7,53,33
2026-04-27 07:00:00,53,15,93.2,7,56,40
2026-04-27 08:00:00,52,27,97.0,7,56,37
2026-04-27 09:00:00,57,19,94.5,7,55,35
2026-04-27 10:00:00,56,21,93.7,7,51,37
2026-04-27 11:00:00,60,28,106.2,9,57,41
2026-04-27 12:00:00,59,27,106.1,9,59,38
2026-04-27 13:00:00,59,29,101.8,6,60,38
2026-04-27 14:00:00,66,29,108.1,10,60,41
2026-04-27 15:00:00,63,24,107.7,8,57,40
2026-04-27 16:00:00,64,33,108.8,9,58,40
2026-04-27 17:00:00,63,29,107.2,9,61,42
2026-04-27 18:00:00,60,29,104.5,8,55,39
2026-04-27 19:00:00,58,20,97.5,8,58,39
2026-04-27 20:00:00,52,21,97.7,9,53,35
2026-04-27 21:00:00,55,19,102.9,6,52,39
2026-04-27 22:00:00,54,20,95.4,8,57,32
2026-04-27 23:00:00,50,18,96.5,7,50,37
2026-04-28 00:00:00,46,14,90.2,6,47,35
2026-04-28 01:00:00,41,7,82.4,6,51,28
2026-04-28 02:00:00,48,18,95.1,7,53,36
2026-04-28 03:00:00,50,14,95.1,7,53,37
2026-04-28 04:00:00,43,11,88.5,6,49,32
2026-04-28 05:00:00,51,16,98.7,7,51,38
2026-04-28 06:00:00,47,11,94.7,6,49,34
2026-04-28 07:00:00,52,22,96.2,8,57,37
2026-04-28 08:00:00,49,15,91.9,6,52,34
2026-04-28 09:00:00,54,21,93.0,6,53,35
2026-04-28 10:00:00,60,25,107.0,10,60,42
2026-04-28 11:00:00,62,29,105.6,8,58,40
2026-04-28 12:00:00,61,27,102.7,10,59,38
2026-04-28 13:00:00,61,30,102.3,9,61,42
2026-04-28 14:00:00,59,28,100.3,8,57,41
2026-04-28 15:00:00,62,28,110.0,8,54,45
2026-04-28 16:00:00,60,27,106.2,9,60,42
2026-04-28 17:00:00,60,25,98.1,9,60,39
2026-04-28 18:00:00,55,18,92.9,7,55,38
2026-04-28 19:00:00,54,19,97.4,6,54,35
2026-04-28 20:00:00,54,21,94.5,8,55,34
2026-04-28 21:00:00,52,17,94.1,5,53,32
2026-04-28 22:00:00,52,15,99.1,7,52,36
2026-04-28 23:00:00,47,13,93.1,7,54,34
2026-04-29 00:00:00,47,10,83.9,4,51,28
2026-04-29 01:00:00,50,11,87.9,6,51,33
2026-04-29 02:00:00,46,11,89.8,6,52,31
2026-04-29 03:00:00,49,12,94.3,6,50,31
2026-04-29 04:00:00,45,14,87.0,7,50,27
2026-04-29 05:00:00,46,14,90.7,5,51,31
2026-04-29 06:00:00,48,12,89.2,6,51,32
2026-04-29 07:00:00,50,13,97.3,6,53,39
2026-04-29 08:00:00,59,29,105.3,7,57,37
2026-04-29 09:00:00,53,18,95.1,7,54,40
2026-04-29 10:00:00,57,22,95.3,9,58,38
2026-04-29 11:00:00,63,27,102.1,9,61,39
2026-04-29 12:00:00,62,28,97.3,9,55,36
2026-04-29 13:00:00,62,30,106.5,10,60,40
2026-04-29 14:00:00,62,26,106.6,8,60,38
2026-04-29 15:00:00,59,29,105.5,8,56,39
2026-04-29 16:00:00,58,27,100.3,9,59,37
2026-04-29 17:00:00,55,25,103.3,8,56,40
2026-04-29 18:00:00,58,25,106.5,8,56,37
2026-04-29 19:00:00,59,26,100.4,8,58,39
2026-04-29 20:00:00,55,20,101.6,6,57,38
2026-04-29 21:00:00,54,18,97.0,6,50,36
2026-04-29 22:00:00,54,20,95.5,7,58,31
2026-04-29 23:00:00,49,18,96.8,5,48,35
2026-04-30 00:00:00,48,19,89.0,7,50,33
2026-04-30 01:00:00,48,6,83.6,5,53,32
2026-04-30 02:00:00,44,15,88.0,5,52,34
2026-04-30 03:00:00,43,14,87.5,5,48,34
2026-04-30 04:00:00,45,10,82.6,5,51,31
2026-04-30 05:00:00,47,15,92.3,5,52,34
2026-04-30 06:00:00,51,20,92.5,6,53,34
2026-04-30 07:00:00,49,15,87.9,7,46,34
2026-04-30 08:00:00,55,22,100.2,7,53,37
2026-04-30 09:00:00,55,25,98.4,7,55,39
2026-04-30 10:00:00,60,20,104.1,9,52,41
2026-04-30 11:00:00,56,25,101.8,7,58,40
2026-04-30 12:00:00,61,28,103.6,9,58,38
2026-04-30 13:00:00,60,25,106.0,8,60,36
2026-04-30 14:00:00,62,25,105.0,9,57,40
2026-04-30 15:00:00,64,27,105.9,9,56,41
2026-04-30 16:00:00,62,30,107.4,8,57,37
2026-04-30 17:00:00,60,28,105.2,10,58,43
2026-04-30 18:00:00,59,21,97.2,7,59,38
2026-04-30 19:00:00,58,24,108.6,9,57,43
2026-04-30 20:00:00,53,17,95.9,6,56,36
2026-04-30 21:00:00,51,12,92.6,6,52,35
2026-04-30 22:00:00,51,15,87.9,8,54,34
2026-04-30 23:00:00,45,18,90.9,7,54,33
2026-05-01 00:00:00,46,15,90.9,6,52,31
2026-05-01 01:00:00,47,12,86.1,7,49,30
2026-05-01 02:00:00,44,11,84.3,5,50,36
2026-05-01 03:00:00,45,11,85.1,6,50,31
2026-05-01 04:00:00,48,13,89.7,7,50,31
2026-05-01 05:00:00,48,11,90.4,6,49,37
2026-05-01 06:00:00,50,15,92.2,8,57,37
2026-05-01 07:00:00,49,17,93.9,5,52,37
2026-05-01 08:00:00,49,15,94.0,6,47,31
2026-05-01 09:00:00,57,19,100.3,9,54,40
2026-05-01 10:00:00,56,25,101.6,7,55,35
2026-05-01 11:00:00,57,26,102.2,9,56,38
2026-05-01 12:00:00,58,26,102.7,8,54,38
2026-05-01 13:00:00,64,25,104.5,9,58,41
2026-05-01 14:00:00,64,34,106.3,9,61,41
2026-05-01 15:00:00,62,25,103.4,10,55,38
2026-05-01 16:00:00,63,28,107.5,8,61,44
2026-05-01 17:00:00,59,24,103.6,8,57,42
2026-05-01 18:00:00,60,24,104.2,8,58,40
2026-05-01 19:00:00,53,24,96.4,8,54,36
2026-05-01 20:00:00,50,15,91.9,7,52,37
2026-05-01 21:00:00,49,18,92.2,5,53,36
2026-05-01 22:00:00,52,20,93.8,7,54,33
2026-05-01 23:00:00,51,21,97.9,5,55,41
2026-05-02 00:00:00,45,13,83.2,6,40,29
2026-05-02 01:00:00,45,12,94.7,7,41,34
2026-05-02 02:00:00,51,20,101.1,7,43,34
2026-05-02 03:00:00,45,16,90.1,6,37,32
2026-05-02 04:00:00,47,11,90.3,7,39,36
2026-05-02 05:00:00,45,12,91.4,5,39,34
2026-05-02 06:00:00,53,19,94.1,8,42,36
2026-05-02 07:00:00,52,14,95.6,8,41,34
2026-05-02 08:00:00,51,24,100.5,6,45,39
2026-05-02 09:00:00,55,23,93.7,9,47,32
2026-05-02 10:00:00,53,26,94.2,6,41,35
2026-05-02 11:00:00,61,25,105.8,8,48,40
2026-05-02 12:00:00,65,25,105.2,10,49,40
2026-05-02 13:00:00,58,33,102.7,9,50,39
2026-05-02 14:00:00,58,27,101.2,8,45,35
2026-05-02 15:00:00,62,26,100.8,10,44,40
2026-05-02 16:00:00,61,27,102.5,8,44,37
2026-05-02 17:00:00,59,26,98.3,9,47,41
2026-05-02 18:00:00,52,20,100.1,7,42,38
2026-05-02 19:00:00,56,20,98.8,8,45,38
2026-05-02 20:00:00,55,18,97.5,8,44,35
2026-05-02 21:00:00,59,21,102.9,8,47,38
2026-05-02 22:00:00,52,13,101.6,5,40,40
2026-05-02 23:00:00,43,8,82.5,5,39,28
2026-05-03 00:00:00,45,6,80.6,5,40,30
2026-05-03 01:00:00,46,7,87.1,5,41,32
2026-05-03 02:00:00,45,17,84.6,7,42,32
2026-05-03 03:00:00,48,12,89.2,6,38,34
2026-05-03 04:00:00,49,15,94.5,6,41,36
2026-05-03 05:00:00,51,16,98.7,7,42,36
2026-05-03 06:00:00,52,16,89.5,7,45,39
2026-05-03 07:00:00,52,18,92.2,6,47,35
2026-05-03 08:00:00,53,24,98.8,7,46,39
2026-05-03 09:00:00,53,23,99.4,7,45,39
2026-05-03 10:00:00,60,29,106.3,9,47,35
2026-05-03 11:00:00,59,28,107.5,8,46,37
2026-05-03 12:00:00,59,25,104.4,8,48,38
2026-05-03 13:00:00,64,26,105.3,8,48,39
2026-05-03 14:00:00,65,25,109.1,9,47,42
2026-05-03 15:00:00,60,32,105.2,9,47,40
2026-05-03 16:00:00,60,26,103.6,9,45,38
2026-05-03 17:00:00,58,23,98.9,9,42,33
2026-05-03 18:00:00,59,25,102.5,9,43,42
2026-05-03 19:00:00,50,22,90.2,7,42,36
2026-05-03 20:00:00,50,21,98.1,6,39,38
2026-05-03 21:00:00,53,25,95.0,7,42,37
2026-05-03 22:00:00,52,19,93.1,8,44,36
2026-05-03 23:00:00,48,14,84.3,6,40,29
2026-05-04 00:00:00,47,8,85.8,5,47,29
2026-05-04 01:00:00,46,11,85.5,6,47,33
2026-05-04 02:00:00,49,14,92.7,6,54,30
2026-05-04 03:00:00,48,8,85.3,7,52,33
2026-05-04 04:00:00,47,21,91.2,6,50,35
2026-05-04 05:00:00,50,14,90.5,7,53,37
2026-05-04 06:00:00,51,16,88.4,7,53,33
2026-05-04 07:00:00,57,16,98.3,6,57,35
2026-05-04 08:00:00,52,22,95.8,7,56,38
2026-05-04 09:00:00,54,18,96.7,7,51,36
2026-05-04 10:00:00,57,32,105.8,9,58,36
2026-05-04 11:00:00,58,30,103.5,8,58,33
2026-05-04 12:00:00,63,30,105.4,8,62,41
2026-05-04 13:00:00,61,23,105.2,7,54,41
2026-05-04 14:00:00,63,29,105.3,10,57,40
2026-05-04 15:00:00,64,32,106.3,11,60,40
2026-05-04 16:00:00,61,29,106.6,9,58,40
2026-05-04 17:00:00,58,22,98.0,9,57,37
2026-05-04 18:00:00,55,22,101.6,8,52,35
2026-05-04 19:00:00,54,20,97.5,8,57,36
2026-05-04 20:00:00,53,18,100.3,8,54,37
2026-05-04 21:00:00,53,23,97.7,8,55,39
2026-05-04 22:00:00,49,9,93.2,6,51,33
2026-05-04 23:00:00,50,17,88.4,7,50,32
2026-05-05 00:00:00,49,9,93.7,6,49,36
2026-05-05 01:00:00,42,9,87.7,6,51,31
2026-05-05 02:00:00,43,5,82.6,5,48,29
2026-05-05 03:00:00,43,10,89.1,5,49,30
2026-05-05 04:00:00,51,18,90.9,8,55,37
2026-05-05 05:00:00,47,15,89.3,7,49,34
2026-05-05 06:00:00,51,12,89.9,7,53,36
2026-05-05 07:00:00,56,21,101.7,9,56,37
2026-05-05 08:00:00,56,24,103.5,8,55,42
2026-05-05 09:00:00,57,22,98.3,7,55,38
2026-05-05 10:00:00,60,31,101.0,7,60,40
2026-05-05 11:00:00,59,29,100.7,7,59,39
2026-05-05 12:00:00,60,29,104.7,10,57,40
2026-05-05 13:00:00,60,25,103.1,8,59,39
2026-05-05 14:00:00,67,30,108.1,9,59,40
2026-05-05 15:00:00,59,28,100.9,8,56,39
2026-05-05 16:00:00,62,29,110.1,9,59,42
2026-05-05 17:00:00,61,23,100.6,9,58,38
2026-05-05 18:00:00,57,24,98.2,7,54,36
2026-05-05 19:00:00,56,19,101.5,8,56,38
2026-05-05 20:00:00,48,12,89.5,8,50,31
2026-05-05 21:00:00,56,21,100.3,9,57,38
2026-05-05 22:00:00,51,11,89.2,5,53,36
2026-05-05 23:00:00,48,15,92.6,5,49,32
2026-05-06 00:00:00,45,14,91.2,7,50,36
2026-05-06 01:00:00,48,13,87.5,7,50,31
2026-05-06 02:00:00,42,11,84.7,5,49,31
2026-05-06 03:00:00,43,13,85.1,6,50,33
2026-05-06 04:00:00,47,15,89.0,6,52,33
2026-05-06 05:00:00,52,17,99.7,6,51,38
2026-05-06 06:00:00,53,22,97.8,8,53,35
2026-05-06 07:00:00,50,19,100.0,7,53,38
2026-05-06 08:00:00,49,20,98.7,7,52,38
2026-05-06 09:00:00,55,19,100.7,7,54,37
2026-05-06 10:00:00,59,26,106.5,9,55,40
2026-05-06 11:00:00,60,28,107.2,9,59,41
2026-05-06 12:00:00,65,26,111.6,8,58,42
2026-05-06 13:00:00,62,30,107.2,10,58,39
2026-05-06 14:00:00,56,27,102.8,7,56,38
2026-05-06 15:00:00,61,30,107.3,10,54,40
2026-05-06 16:00:00,63,30,105.0,9,56,40
2026-05-06 17:00:00,61,29,107.4,9,62,41
2026-05-06 18:00:00,57,24,104.6,8,53,39
2026-05-06 19:00:00,54,18,94.7,7,56,35
2026-05-06 20:00:00,48,18,89.9,6,53,33
2026-05-06 21:00:00,52,20,94.3,6,54,37
2026-05-06 22:00:00,51,25,100.8,8,57,38
2026-05-06 23:00:00,48,13,90.1,6,53,34
2026-05-07 00:00:00,48,15,88.1,5,52,33
2026-05-07 01:00:00,48,10,86.8,7,52,30
2026-05-07 02:00:00,42,9,82.6,5,50,30
2026-05-07 03:00:00,42,10,83.5,5,49,31
2026-05-07 04:00:00,43,6,80.8,5,50,29
2026-05-07 05:00:00,47,19,94.2,7,55,41
2026-05-07 06:00:00,45,8,86.7,6,52,34
2026-05-07 07:00:00,55,17,98.2,6,54,37
2026-05-07 08:00:00,53,16,88.0,7,52,34
2026-05-07 09:00:00,60,19,103.7,7,57,39
2026-05-07 10:00:00,59,29,103.2,7,62,39
2026-05-07 11:00:00,57,26,102.6,7,54,42
2026-05-07 12:00:00,58,24,105.4,10,56,40
2026-05-07 13:00:00,64,26,106.4,9,59,38
2026-05-07 14:00:00,58,25,108.1,8,55,41
2026-05-07 15:00:00,63,28,99.9,10,59,38
2026-05-07 16:00:00,60,28,102.7,8,57,39
2026-05-07 17:00:00,59,32,99.2,8,58,38
2026-05-07 18:00:00,59,17,100.5,7,56,38
2026-05-07 19:00:00,54,22,98.2,9,55,33
2026-05-07 20:00:00,51,19,91.6,8,51,36
2026-05-07 21:00:00,52,21,102.9,7,53,37
2026-05-07 22:00:00,49,17,91.5,6,52,34
2026-05-07 23:00:00,54,16,89.2,7,54,34
2026-05-08 00:00:00,49,14,94.2,5,52,36
2026-05-08 01:00:00,43,9,88.4,5,50,34
2026-05-08 02:00:00,45,16,88.7,5,48,32
2026-05-08 03:00:00,41,15,89.5,5,48,34
2026-05-08 04:00:00,48,16,88.9,7,50,32
2026-05-08 05:00:00,47,19,91.0,8,49,37
2026-05-08 06:00:00,50,17,94.9,5,53,33
2026-05-08 07:00:00,48,23,97.1,7,53,37
2026-05-08 08:00:00,54,21,96.8,8,53,37
2026-05-08 09:00:00,60,21,99.9,8,56,39
2026-05-08 10:00:00,58,24,100.9,8,54,37
2026-05-08 11:00:00,57,26,95.2,8,59,39
2026-05-08 12:00:00,60,25,102.1,7,57,38
2026-05-08 13:00:00,63,33,101.7,10,57,41
2026-05-08 14:00:00,68,29,106.6,9,61,36
2026-05-08 15:00:00,61,28,100.1,7,57,38
2026-05-08 16:00:00,58,28,104.3,9,56,42
2026-05-08 17:00:00,62,36,106.0,10,62,41
2026-05-08 18:00:00,57,20,102.8,8,55,44
2026-05-08 19:00:00,56,19,92.7,9,59,39
2026-05-08 20:00:00,54,15,94.8,7,60,33
2026-05-08 21:00:00,56,17,97.7,7,58,43
2026-05-08 22:00:00,48,17,93.7,6,50,37
2026-05-08 23:00:00,46,13,95.6,6,53,36
2026-05-09 00:00:00,41,11,79.9,5,38,27
2026-05-09 01:00:00,47,13,88.0,6,41,35
2026-05-09 02:00:00,43,10,92.3,5,41,36
2026-05-09 03:00:00,48,13,88.2,5,39,32
2026-05-09 04:00:00,46,17,92.4,8,41,37
2026-05-09 05:00:00,53,17,92.3,8,43,32
2026-05-09 06:00:00,47,19,87.9,5,40,33
2026-05-09 07:00:00,55,22,96.0,8,41,39
2026-05-09 08:00:00,56,21,104.8,8,45,38
2026-05-09 09:00:00,57,22,96.0,8,42,36
2026-05-09 10:00:00,54,21,96.8,6,45,35
2026-05-09 11:00:00,60,24,102.0,7,46,38
2026-05-09 12:00:00,61,25,105.9,8,48,40
2026-05-09 13:00:00,58,30,106.5,8,44,39
2026-05-09 14:00:00,66,29,108.5,9,48,46
2026-05-09 15:00:00,61,30,95.9,9,50,36
2026-05-09 16:00:00,63,23,101.5,9,46,38
2026-05-09 17:00:00,61,31,101.6,10,49,37
2026-05-09 18:00:00,60,23,105.2,7,44,37
2026-05-09 19:00:00,53,18,92.7,6,43,36
2026-05-09 20:00:00,54,18,101.4,7,42,41
2026-05-09 21:00:00,54,27,100.8,9,45,42
2026-05-09 22:00:00,48,15,94.9,6,39,37
2026-05-09 23:00:00,45,13,95.8,6,39,35
2026-05-10 00:00:00,39,12,81.6,4,37,33
2026-05-10 01:00:00,43,12,82.5,4,38,31
2026-05-10 02:00:00,46,9,88.9,8,42,36
2026-05-10 03:00:00,42,13,89.8,6,38,32
2026-05-10 04:00:00,45,17,87.9,5,40,36
2026-05-10 05:00:00,44,15,89.4,4,43,33
2026-05-10 06:00:00,49,12,94.7,7,41,38
2026-05-10 07:00:00,49,17,96.0,6,38,39
2026-05-10 08:00:00,56,18,96.1,7,47,37
2026-05-10 09:00:00,58,22,101.1,7,47,38
2026-05-10 10:00:00,60,29,100.9,9,48,41
2026-05-10 11:00:00,60,25,98.5,9,48,39
2026-05-10 12:00:00,59,27,106.6,8,46,43
2026-05-10 13:00:00,61,34,100.4,8,45,40
2026-05-10 14:00:00,64,31,108.4,11,50,42
2026-05-10 15:00:00,64,30,106.2,9,45,42
2026-05-10 16:00:00,64,34,110.3,10,46,42
2026-05-10 17:00:00,59,27,100.7,7,46,36
2026-05-10 18:00:00,55,17,100.0,8,45,38
2026-05-10 19:00:00,54,25,98.3,9,43,36
2026-05-10 20:00:00,54,14,99.5,6,42,36
2026-05-10 21:00:00,47,20,93.0,5,45,34
2026-05-10 22:00:00,42,10,82.8,5,40,28
2026-05-10 23:00:00,42,13,88.6,7,40,26
2026-05-11 00:00:00,41,12,86.9,5,51,33
2026-05-11 01:00:00,48,10,89.4,8,52,32
2026-05-11 02:00:00,47,11,87.1,5,48,33
2026-05-11 03:00:00,44,16,91.5,4,47,33
2026-05-11 04:00:00,45,11,85.4,5,49,34
2026-05-11 05:00:00,52,16,91.9,5,53,34
2026-05-11 06:00:00,50,13,93.4,6,56,32
2026-05-11 07:00:00,57,17,97.2,8,55,38
2026-05-11 08:00:00,54,21,91.4,7,58,30
2026-05-11 09:00:00,53,19,93.1,8,55,36
2026-05-11 10:00:00,54,19,97.9,7,56,37
2026-05-11 11:00:00,60,27,102.8,7,52,40
2026-05-11 12:00:00,64,31,107.2,9,65,46
2026-05-11 13:00:00,62,27,105.5,9,57,39
2026-05-11 14:00:00,60,26,104.9,8,60,41
2026-05-11 15:00:00,65,28,107.4,8,57,42
2026-05-11 16:00:00,62,27,94.9,9,62,37
2026-05-11 17:00:00,59,27,102.7,9,54,37
2026-05-11 18:00:00,53,15,93.4,6,51,32
2026-05-11 19:00:00,54,18,96.6,6,53,35
2026-05-11 20:00:00,54,17,99.2,6,53,34
2026-05-11 21:00:00,50,18,90.5,7,52,31
2026-05-11 22:00:00,47,17,91.3,5,52,34
2026-05-11 23:00:00,47,17,92.9,7,49,32
2026-05-12 00:00:00,47,14,89.2,6,51,34
2026-05-12 01:00:00,48,8,84.8,6,54,30
2026-05-12 02:00:00,44,17,85.9,8,48,34
2026-05-12 03:00:00,47,17,91.6,5,51,32
2026-05-12 04:00:00,45,9,85.1,4,51,33
2026-05-12 05:00:00,48,16,85.5,7,48,33
2026-05-12 06:00:00,53,14,91.8,7,50,36
2026-05-12 07:00:00,52,18,91.2,8,54,34
2026-05-12 08:00:00,52,24,99.6,6,54,36
2026-05-12 09:00:00,60,30,99.9,8,59,41
2026-05-12 10:00:00,60,27,107.9,9,59,39
2026-05-12 11:00:00,57,27,108.0,8,53,39
2026-05-12 12:00:00,57,26,99.1,9,60,34
2026-05-12 13:00:00,63,28,103.9,9,59,38
2026-05-12 14:00:00,63,33,110.3,9,60,39
2026-05-12 15:00:00,60,28,107.1,10,58,44
2026-05-12 16:00:00,63,24,102.5,8,59,40
2026-05-12 17:00:00,56,20,97.3,8,57,36
2026-05-12 18:00:00,59,26,101.3,7,51,40
2026-05-12 19:00:00,59,23,98.8,7,58,32
2026-05-12 20:00:00,52,18,97.8,8,51,34
2026-05-12 21:00:00,48,22,94.1,6,51,36
2026-05-12 22:00:00,48,15,89.1,7,49,31
2026-05-12 23:00:00,48,14,91.3,6,50,33
2026-05-13 00:00:00,49,13,90.2,5,51,36
2026-05-13 01:00:00,44,11,95.0,5,49,36
2026-05-13 02:00:00,50,13,91.2,6,48,32
2026-05-13 03:00:00,44,16,91.2,5,50,33
2026-05-13 04:00:00,46,9,89.2,5,50,32
2026-05-13 05:00:00,48,16,91.1,5,51,33
2026-05-13 06:00:00,53,17,96.6,6,52,35
2026-05-13 07:00:00,48,18,93.3,5,50,37
2026-05-13 08:00:00,56,23,106.6,8,50,38
2026-05-13 09:00:00,55,22,98.4,8,56,39
2026-05-13 10:00:00,62,26,96.5,8,59,39
2026-05-13 11:00:00,58,28,109.2,8,56,43
2026-05-13 12:00:00,61,25,102.1,10,55,40
2026-05-13 13:00:00,60,29,104.2,8,58,40
2026-05-13 14:00:00,62,27,103.2,9,57,40
2026-05-13 15:00:00,61,27,102.1,10,61,38
2026-05-13 16:00:00,59,26,99.3,9,60,41
2026-05-13 17:00:00,55,27,94.2,9,54,35
2026-05-13 18:00:00,59,24,99.6,9,58,38
2026-05-13 19:00:00,53,23,99.5,8,52,39
2026-05-13 20:00:00,51,20,90.1,6,56,35
2026-05-13 21:00:00,46,12,90.7,5,50,31
2026-05-13 22:00:00,47,16,98.1,7,55,36
2026-05-13 23:00:00,49,15,92.9,7,50,34
2026-05-14 00:00:00,48,14,86.8,6,54,35
2026-05-14 01:00:00,47,10,90.1,6,53,34
2026-05-14 02:00:00,42,8,87.7,4,47,36
2026-05-14 03:00:00,47,14,94.4,5,48,35
2026-05-14 04:00:00,45,12,88.8,5,51,33
2026-05-14 05:00:00,50,15,94.8,6,50,35
2026-05-14 06:00:00,50,15,95.5,6,52,36
2026-05-14 07:00:00,50,18,95.5,8,51,41
2026-05-14 08:00:00,56,18,98.6,9,59,37
2026-05-14 09:00:00,56,19,96.1,8,55,35
2026-05-14 10:00:00,55,26,102.4,9,56,39
2026-05-14 11:00:00,55,24,97.2,7,55,35
2026-05-14 12:00:00,58,28,109.8,9,55,40
2026-05-14 13:00:00,66,29,106.2,9,62,41
2026-05-14 14:00:00,59,26,104.7,8,59,43
2026-05-14 15:00:00,65,24,101.7,9,58,38
2026-05-14 16:00:00,60,35,105.3,9,59,40
2026-05-14 17:00:00,56,24,97.9,7,58,37
2026-05-14 18:00:00,61,26,99.4,8,56,39
2026-05-14 19:00:00,60,29,102.3,8,58,34
2026-05-14 20:00:00,56,23,100.3,6,57,37
2026-05-14 21:00:00,53,17,94.5,7,51,35
2026-05-14 22:00:00,47,16,94.9,4,51,36
2026-05-14 23:00:00,49,11,88.1,8,50,35
2026-05-15 00:00:00,48,16,93.9,6,50,38
2026-05-15 01:00:00,45,14,87.6,4,49,33
2026-05-15 02:00:00,45,10,91.3,6,47,37
2026-05-15 03:00:00,47,9,91.1,6,46,35
2026-05-15 04:00:00,46,8,91.0,5,48,36
2026-05-15 05:00:00,43,18,88.9,5,51,34
2026-05-15 06:00:00,52,16,98.4,7,51,37
2026-05-15 07:00:00,54,19,91.5,8,53,37
2026-05-15 08:00:00,52,17,96.0,5,50,37
2026-05-15 09:00:00,55,17,96.8,7,54,38
2026-05-15 10:00:00,59,27,105.4,10,61,38
2026-05-15 11:00:00,55,26,99.2,7,57,37
2026-05-15 12:00:00,61,30,102.0,9,58,38
2026-05-15 13:00:00,60,26,100.1,9,59,40
2026-05-15 14:00:00,61,27,104.3,10,61,41
2026-05-15 15:00:00,61,30,104.4,9,61,41
2026-05-15 16:00:00,63,29,108.9,10,62,41
2026-05-15 17:00:00,58,28,105.6,9,58,39
2026-05-15 18:00:00,60,23,102.0,9,61,39
2026-05-15 19:00:00,58,24,101.2,7,56,41
2026-05-15 20:00:00,58,24,104.3,7,59,37
2026-05-15 21:00:00,56,18,96.6,8,56,36
2026-05-15 22:00:00,53,14,94.0,8,52,39
2026-05-15 23:00:00,46,19,87.7,7,48,31
2026-05-16 00:00:00,47,11,91.8,5,40,36
2026-05-16 01:00:00,44,14,88.7,6,37,29
2026-05-16 02:00:00,54,12,97.3,6,43,35
2026-05-16 03:00:00,45,6,82.9,6,38,33
2026-05-16 04:00:00,51,17,92.7,8,44,34
2026-05-16 05:00:00,46,5,89.5,6,37,33
2026-05-16 06:00:00,41,9,85.8,4,41,28
2026-05-16 07:00:00,50,20,90.9,7,43,32
2026-05-16 08:00:00,52,22,99.5,7,40,34
2026-05-16 09:00:00,54,20,93.2,7,45,33
2026-05-16 10:00:00,59,25,104.3,7,43,41
2026-05-16 11:00:00,58,17,95.8,8,45,34
2026-05-16 12:00:00,55,29,104.6,9,44,40
2026-05-16 13:00:00,61,29,105.1,8,50,40
2026-05-16 14:00:00,61,28,105.2,8,46,38
2026-05-16 15:00:00,65,28,106.8,9,44,38
2026-05-16 16:00:00,63,29,106.0,10,47,41
2026-05-16 17:00:00,59,26,102.5,8,44,40
2026-05-16 18:00:00,56,17,99.9,7,46,40
2026-05-16 19:00:00,54,30,100.1,8,45,37
2026-05-16 20:00:00,56,24,104.5,8,44,38
2026-05-16 21:00:00,49,13,89.5,5,42,30
2026-05-16 22:00:00,47,15,93.4,6,42,35
2026-05-16 23:00:00,51,14,94.5,6,43,33
2026-05-17 00:00:00,48,17,95.9,6,38,34
2026-05-17 01:00:00,42,5,84.2,4,40,30
2026-05-17 02:00:00,43,10,87.8,4,36,30
2026-05-17 03:00:00,45,6,87.2,6,41,35
2026-05-17 04:00:00,47,12,86.1,4,39,37
2026-05-17 05:00:00,47,13,91.4,7,40,37
2026-05-17 06:00:00,47,16,100.8,6,40,40
2026-05-17 07:00:00,48,16,96.7,7,41,37
2026-05-17 08:00:00,51,17,91.9,7,44,36
2026-05-17 09:00:00,56,24,94.4,9,47,37
2026-05-17 10:00:00,58,26,101.9,9,46,38
2026-05-17 11:00:00,60,28,106.6,10,47,43
2026-05-17 12:00:00,60,26,103.3,9,46,38
2026-05-17 13:00:00,66,26,112.4,10,47,45
2026-05-17 14:00:00,64,28,103.8,8,49,41
2026-05-17 15:00:00,65,29,108.3,9,50,41
2026-05-17 16:00:00,60,19,100.3,8,44,36
2026-05-17 17:00:00,60,27,105.7,8,49,41
2026-05-17 18:00:00,59,25,104.6,9,48,38
2026-05-17 19:00:00,56,22,103.0,7,42,39
2026-05-17 20:00:00,55,19,97.5,7,43,37
2026-05-17 21:00:00,47,9,92.1,6,39,34
2026-05-17 22:00:00,51,14,94.2,5,41,36
2026-05-17 23:00:00,50,21,98.8,8,41,36
2026-05-18 00:00:00,42,13,91.4,7,48,32
2026-05-18 01:00:00,46,11,88.6,5,50,34
2026-05-18 02:00:00,42,12,84.6,7,52,35
2026-05-18 03:00:00,45,14,89.4,6,52,35
2026-05-18 04:00:00,47,15,93.7,5,56,36
2026-05-18 05:00:00,44,14,83.7,6,47,30
2026-05-18 06:00:00,50,17,92.0,8,53,40
2026-05-18 07:00:00,53,24,100.0,7,54,38
2026-05-18 08:00:00,56,24,92.2,7,56,36
2026-05-18 09:00:00,57,30,99.5,7,56,39
2026-05-18 10:00:00,58,22,98.3,8,55,35
2026-05-18 11:00:00,61,32,105.3,9,58,40
2026-05-18 12:00:00,59,24,100.8,10,58,40
2026-05-18 13:00:00,58,29,101.8,10,58,39
2026-05-18 14:00:00,62,31,102.2,8,58,36
2026-05-18 15:00:00,63,26,110.3,9,61,43
2026-05-18 16:00:00,58,27,100.7,7,54,38
2026-05-18 17:00:00,60,29,98.2,9,60,40
2026-05-18 18:00:00,57,22,102.9,8,57,39
2026-05-18 19:00:00,60,28,101.5,8,56,37
2026-05-18 20:00:00,52,15,90.7,7,53,35
2026-05-18 21:00:00,54,25,100.8,8,53,38
2026-05-18 22:00:00,50,20,93.1,8,54,37
2026-05-18 23:00:00,46,14,90.6,6,47,35
2026-05-19 00:00:00,43,12,85.3,5,50,30
2026-05-19 01:00:00,44,10,86.2,4,45,33
2026-05-19 02:00:00,46,12,86.1,6,51,34
2026-05-19 03:00:00,46,12,85.4,6,48,30
2026-05-19 04:00:00,51,17,104.9,7,53,39
2026-05-19 05:00:00,52,21,93.8,7,56,33
2026-05-19 06:00:00,53,17,90.8,6,51,37
2026-05-19 07:00:00,46,15,93.2,5,45,36
2026-05-19 08:00:00,57,18,99.2,7,52,37
2026-05-19 09:00:00,56,21,99.1,7,54,36
2026-05-19 10:00:00,58,20,98.2,8,54,37
2026-05-19 11:00:00,61,22,100.6,9,53,38
2026-05-19 12:00:00,63,34,107.0,9,58,40
2026-05-19 13:00:00,59,29,107.0,9,60,40
2026-05-19 14:00:00,65,25,105.1,9,62,38
2026-05-19 15:00:00,60,31,108.4,10,56,39
2026-05-19 16:00:00,57,23,99.9,8,57,36
2026-05-19 17:00:00,58,22,99.6,8,57,38
2026-05-19 18:00:00,56,21,95.7,8,53,38
2026-05-19 19:00:00,57,28,108.5,8,61,45
2026-05-19 20:00:00,53,19,96.3,8,54,39
2026-05-19 21:00:00,52,9,92.4,6,52,33
2026-05-19 22:00:00,52,20,101.3,8,50,40
2026-05-19 23:00:00,45,13,90.4,6,51,34
2026-05-20 00:00:00,43,7,86.7,5,44,33
2026-05-20 01:00:00,44,11,87.9,4,50,36
2026-05-20 02:00:00,45,14,86.7,7,49,35
2026-05-20 03:00:00,45,14,92.5,6,48,33
2026-05-20 04:00:00,45,19,87.1,6,49,32
2026-05-20 05:00:00,48,11,87.0,6,53,32
2026-05-20 06:00:00,48,16,89.8,6,53,34
2026-05-20 07:00:00,48,15,92.6,7,53,35
2026-05-20 08:00:00,53,15,94.7,7,53,39
2026-05-20 09:00:00,59,25,96.4,8,55,36
2026-05-20 10:00:00,58,26,108.3,7,55,40
2026-05-20 11:00:00,64,27,108.3,10,58,41
2026-05-20 12:00:00,67,28,106.8,9,61,40
2026-05-20 13:00:00,62,25,105.5,9,59,43
2026-05-20 14:00:00,60,24,103.7,8,57,37
2026-05-20 15:00:00,62,28,104.2,9,61,35
2026-05-20 16:00:00,59,31,105.3,9,57,38
2026-05-20 17:00:00,59,31,105.4,7,59,35
2026-05-20 18:00:00,54,27,102.9,9,53,39
2026-05-20 19:00:00,54,22,98.2,8,59,34
2026-05-20 20:00:00,51,21,96.3,5,55,40
2026-05-20 21:00:00,53,18,95.1,8,52,36
2026-05-20 22:00:00,47,12,88.3,7,52,32
2026-05-20 23:00:00,48,14,89.3,6,53,31
2026-05-21 00:00:00,47,8,86.1,7,47,33
2026-05-21 01:00:00,48,12,89.2,6,53,37
2026-05-21 02:00:00,46,18,90.4,6,49,30
2026-05-21 03:00:00,47,15,94.0,8,52,36
2026-05-21 04:00:00,46,10,87.5,6,53,31
2026-05-21 05:00:00,51,14,92.0,7,53,37
2026-05-21 06:00:00,51,13,91.6,7,58,33
2026-05-21 07:00:00,55,18,96.6,6,56,39
2026-05-21 08:00:00,50,24,101.2,7,53,39
2026-05-21 09:00:00,55,24,97.9,8,55,35
2026-05-21 10:00:00,63,33,108.9,10,60,39
2026-05-21 11:00:00,62,30,106.8,10,59,40
2026-05-21 12:00:00,61,28,104.3,10,55,37
2026-05-21 13:00:00,61,30,102.3,8,58,36
2026-05-21 14:00:00,64,27,107.5,8,58,43
2026-05-21 15:00:00,56,24,93.6,8,57,32
2026-05-21 16:00:00,64,31,104.6,9,59,43
2026-05-21 17:00:00,61,29,103.0,8,59,38
2026-05-21 18:00:00,56,23,99.0,7,56,38
2026-05-21 19:00:00,57,23,100.5,8,56,43
2026-05-21 20:00:00,54,24,102.7,8,54,40
2026-05-21 21:00:00,52,21,98.2,7,54,35
2026-05-21 22:00:00,48,11,90.5,6,51,37
2026-05-21 23:00:00,50,15,91.7,6,51,31
2026-05-22 00:00:00,47,12,88.7,6,50,34
2026-05-22 01:00:00,42,16,84.5,5,48,34
2026-05-22 02:00:00,43,16,82.0,5,50,30
2026-05-22 03:00:00,44,17,85.8,7,50,30
2026-05-22 04:00:00,47,9,91.9,6,50,32
2026-05-22 05:00:00,48,12,88.4,6,51,33
2026-05-22 06:00:00,55,20,96.0,6,54,32
2026-05-22 07:00:00,48,16,95.0,7,51,31
2026-05-22 08:00:00,55,15,88.2,8,57,32
2026-05-22 09:00:00,51,24,95.0,8,52,35
2026-05-22 10:00:00,57,22,96.6,7,59,37
2026-05-22 11:00:00,62,32,107.2,8,63,40
2026-05-22 12:00:00,62,28,106.5,11,57,39
2026-05-22 13:00:00,61,28,106.2,8,59,43
2026-05-22 14:00:00,62,27,109.0,8,60,42
2026-05-22 15:00:00,60,33,107.3,8,60,44
2026-05-22 16:00:00,63,28,106.7,9,60,40
2026-05-22 17:00:00,60,24,109.6,7,55,38
2026-05-22 18:00:00,58,21,93.6,7,59,34
2026-05-22 19:00:00,55,22,105.0,6,58,37
2026-05-22 20:00:00,52,17,99.7,8,52,37
2026-05-22 21:00:00,54,22,97.1,7,53,37
2026-05-22 22:00:00,52,10,89.9,5,48,31
2026-05-22 23:00:00,44,14,86.6,5,51,32
2026-05-23 00:00:00,43,15,87.7,5,39,33
2026-05-23 01:00:00,47,13,93.6,6,39,33
2026-05-23 02:00:00,44,9,79.4,5,39,36
2026-05-23 03:00:00,47,15,96.4,6,39,35
2026-05-23 04:00:00,46,10,88.1,5,40,32
2026-05-23 05:00:00,49,14,95.6,5,40,34
2026-05-23 06:00:00,49,18,89.8,6,41,31
2026-05-23 07:00:00,49,20,95.8,6,42,34
2026-05-23 08:00:00,51,18,95.5,6,42,35
2026-05-23 09:00:00,57,26,102.6,7,43,39
2026-05-23 10:00:00,55,24,97.0,7,46,37
2026-05-23 11:00:00,60,28,102.8,9,46,36
2026-05-23 12:00:00,62,32,103.1,9,49,40
2026-05-23 13:00:00,62,32,108.5,6,48,41
2026-05-23 14:00:00,63,32,111.4,10,45,44
2026-05-23 15:00:00,58,28,103.3,8,46,43
2026-05-23 16:00:00,59,30,95.8,10,46,38
2026-05-23 17:00:00,57,26,105.2,9,45,41
2026-05-23 18:00:00,59,20,100.5,8,49,36
2026-05-23 19:00:00,62,23,95.3,8,47,36
2026-05-23 20:00:00,52,21,90.8,6,43,29
2026-05-23 21:00:00,51,20,92.3,8,42,34
2026-05-23 22:00:00,48,16,91.4,8,44,35
2026-05-23 23:00:00,48,12,86.9,5,41,36
2026-05-24 00:00:00,46,15,87.3,6,42,32
2026-05-24 01:00:00,45,8,89.7,7,40,33
2026-05-24 02:00:00,48,17,96.0,7,42,35
2026-05-24 03:00:00,42,11,89.4,4,40,31
2026-05-24 04:00:00,47,14,85.8,5,41,30
2026-05-24 05:00:00,44,16,92.0,7,40,32
2026-05-24 06:00:00,49,18,92.0,7,43,37
2026-05-24 07:00:00,49,13,97.5,5,39,36
2026-05-24 08:00:00,54,23,98.8,8,45,35
2026-05-24 09:00:00,55,23,102.7,7,44,36
2026-05-24 10:00:00,56,22,100.6,6,44,34
2026-05-24 11:00:00,58,23,102.1,8,46,38
2026-05-24 12:00:00,61,26,102.6,9,45,38
2026-05-24 13:00:00,61,23,106.4,7,45,40
2026-05-24 14:00:00,64,34,111.2,8,50,43
2026-05-24 15:00:00,62,33,105.6,8,49,38
2026-05-24 16:00:00,64,29,105.2,9,49,40
2026-05-24 17:00:00,63,25,102.5,9,49,41
2026-05-24 18:00:00,54,23,100.9,6,45,36
2026-05-24 19:00:00,57,25,101.3,7,43,36
2026-05-24 20:00:00,54,26,100.2,7,46,38
2026-05-24 21:00:00,53,16,94.1,6,42,38
2026-05-24 22:00:00,48,12,95.0,6,40,37
2026-05-24 23:00:00,49,20,89.6,7,43,32
2026-05-25 00:00:00,46,7,89.6,6,51,31
2026-05-25 01:00:00,44,9,89.5,4,50,33
2026-05-25 02:00:00,49,11,90.0,7,51,34
2026-05-25 03:00:00,45,7,82.5,5,51,31
2026-05-25 04:00:00,50,17,94.5,7,53,34
2026-05-25 05:00:00,48,17,95.9,7,52,38
2026-05-25 06:00:00,49,14,96.8,7,49,39
2026-05-25 07:00:00,55,22,100.4,7,52,35
2026-05-25 08:00:00,57,25,98.9,9,56,35
2026-05-25 09:00:00,53,22,98.8,6,52,36
2026-05-25 10:00:00,58,22,101.8,7,59,38
2026-05-25 11:00:00,63,34,108.6,11,57,42
2026-05-25 12:00:00,61,29,102.4,7,57,38
2026-05-25 13:00:00,63,29,107.6,8,56,40
2026-05-25 14:00:00,63,33,108.8,10,61,36
2026-05-25 15:00:00,56,29,108.9,7,55,43
2026-05-25 16:00:00,57,25,101.1,9,60,34
2026-05-25 17:00:00,62,26,109.4,10,59,38
2026-05-25 18:00:00,58,28,106.6,9,57,37
2026-05-25 19:00:00,54,15,95.7,7,54,34
2026-05-25 20:00:00,53,19,100.0,6,55,39
2026-05-25 21:00:00,51,23,93.6,6,55,37
2026-05-25 22:00:00,48,14,90.5,7,53,33
2026-05-25 23:00:00,50,20,92.9,5,52,32
2026-05-26 00:00:00,49,18,92.6,7,50,35
2026-05-26 01:00:00,51,12,86.4,5,53,32
2026-05-26 02:00:00,44,10,92.2,5,52,36
2026-05-26 03:00:00,50,11,90.2,6,54,31
2026-05-26 04:00:00,47,22,95.7,6,56,35
2026-05-26 05:00:00,51,21,96.1,8,57,37
2026-05-26 06:00:00,50,16,92.5,6,50,36
2026-05-26 07:00:00,51,16,89.6,7,52,37
2026-05-26 08:00:00,54,20,94.3,7,54,38
2026-05-26 09:00:00,54,23,97.7,8,55,36
2026-05-26 10:00:00,59,20,98.6,8,57,39
2026-05-26 11:00:00,57,26,98.5,7,59,39
2026-05-26 12:00:00,63,32,104.8,8,56,37
2026-05-26 13:00:00,62,21,104.0,8,59,41
2026-05-26 14:00:00,66,31,111.4,9,62,42
2026-05-26 15:00:00,65,33,105.4,10,62,42
2026-05-26 16:00:00,62,25,101.1,7,57,40
2026-05-26 17:00:00,59,32,105.4,8,59,42
2026-05-26 18:00:00,55,22,97.9,8,54,38
2026-05-26 19:00:00,53,24,96.8,7,55,36
2026-05-26 20:00:00,50,19,97.0,6,52,36
2026-05-26 21:00:00,51,17,94.7,7,51,34
2026-05-26 22:00:00,47,14,85.6,7,47,35
2026-05-26 23:00:00,51,17,91.9,6,55,36
2026-05-27 00:00:00,46,16,85.4,7,50,29
2026-05-27 01:00:00,46,12,88.5,5,50,34
2026-05-27 02:00:00,43,7,81.7,5,49,34
2026-05-27 03:00:00,43,14,82.1,5,46,32
2026-05-27 04:00:00,50,15,86.2,7,53,33
2026-05-27 05:00:00,49,14,97.8,6,52,38
2026-05-27 06:00:00,53,23,93.5,8,52,36
2026-05-27 07:00:00,51,12,91.8,6,51,33
2026-05-27 08:00:00,50,12,91.7,7,53,33
2026-05-27 09:00:00,53,20,96.7,6,56,35
2026-05-27 10:00:00,60,26,104.8,9,59,40
2026-05-27 11:00:00,62,22,103.0,8,56,42
2026-05-27 12:00:00,61,23,101.3,9,56,41
2026-05-27 13:00:00,65,31,108.7,9,58,39
2026-05-27 14:00:00,61,30,105.6,9,60,38
2026-05-27 15:00:00,65,29,107.4,11,57,40
2026-05-27 16:00:00,60,30,106.6,9,62,41
2026-05-27 17:00:00,60,24,100.3,8,57,36
2026-05-27 18:00:00,56,23,99.0,7,55,39
2026-05-27 19:00:00,59,25,97.9,8,56,35
2026-05-27 20:00:00,55,15,95.1,8,53,37
2026-05-27 21:00:00,46,10,86.4,5,50,33
2026-05-27 22:00:00,52,14,97.3,7,51,34
2026-05-27 23:00:00,55,18,92.3,6,56,35
2026-05-28 00:00:00,46,14,88.2,6,52,32
2026-05-28 01:00:00,46,15,88.8,6,51,31
2026-05-28 02:00:00,46,5,89.0,6,51,34
2026-05-28 03:00:00,46,13,85.8,7,49,33
2026-05-28 04:00:00,47,15,91.0,7,49,32
2026-05-28 05:00:00,51,10,91.9,5,53,38
2026-05-28 06:00:00,47,19,94.9,5,51,35
2026-05-28 07:00:00,49,18,90.7,7,52,32
2026-05-28 08:00:00,58,31,99.3,9,55,38
2026-05-28 09:00:00,50,14,93.7,8,52,38
2026-05-28 10:00:00,58,29,98.7,8,55,35
2026-05-28 11:00:00,58,24,99.7,7,59,38
2026-05-28 12:00:00,62,21,101.7,7,58,38
2026-05-28 13:00:00,63,26,106.7,8,62,41
2026-05-28 14:00:00,58,29,98.2,10,58,35
2026-05-28 15:00:00,61,31,104.6,10,57,40
2026-05-28 16:00:00,61,33,106.1,9,60,41
2026-05-28 17:00:00,60,31,102.3,9,56,40
2026-05-28 18:00:00,54,21,96.3,6,54,37
2026-05-28 19:00:00,58,26,104.5,7,56,41
2026-05-28 20:00:00,52,21,94.9,8,49,36
2026-05-28 21:00:00,52,16,93.4,8,56,37
2026-05-28 22:00:00,49,15,95.0,6,53,37
2026-05-28 23:00:00,45,12,87.5,7,47,33
2026-05-29 00:00:00,50,13,96.1,7,52,37
2026-05-29 01:00:00,48,10,85.0,6,49,33
2026-05-29 02:00:00,45,8,86.4,6,50,31
2026-05-29 03:00:00,46,14,91.8,5,48,34
2026-05-29 04:00:00,44,15,87.1,7,50,31
2026-05-29 05:00:00,50,14,91.8,7,53,35
2026-05-29 06:00:00,53,21,100.4,7,55,33
2026-05-29 07:00:00,49,17,90.6,6,51,33
2026-05-29 08:00:00,52,19,96.6,8,52,34
2026-05-29 09:00:00,58,24,103.2,7,56,39
2026-05-29 10:00:00,55,24,99.0,7,57,35
2026-05-29 11:00:00,58,26,101.9,9,58,42
2026-05-29 12:00:00,56,18,94.4,7,56,33
2026-05-29 13:00:00,59,28,105.3,8,57,39
2026-05-29 14:00:00,58,22,96.7,9,58,40
2026-05-29 15:00:00,63,23,105.1,9,61,42
2026-05-29 16:00:00,55,22,97.0,8,52,39
2026-05-29 17:00:00,59,22,100.2,8,55,35
2026-05-29 18:00:00,58,22,99.7,8,58,37
2026-05-29 19:00:00,58,20,101.1,9,59,36
2026-05-29 20:00:00,55,22,103.2,9,53,39
2026-05-29 21:00:00,51,19,94.9,7,50,37
2026-05-29 22:00:00,46,9,85.7,8,48,34
2026-05-29 23:00:00,50,15,88.5,6,51,33
2026-05-30 00:00:00,48,14,94.7,7,41,34
2026-05-30 01:00:00,44,11,88.1,7,41,31
2026-05-30 02:00:00,48,12,89.4,6,40,33
2026-05-30 03:00:00,45,13,88.8,6,43,34
2026-05-30 04:00:00,47,16,93.5,7,41,36
2026-05-30 05:00:00,45,9,85.9,5,38,32
2026-05-30 06:00:00,51,15,91.2,5,40,32
2026-05-30 07:00:00,50,23,92.0,8,42,35
2026-05-30 08:00:00,54,25,95.8,7,44,37
2026-05-30 09:00:00,55,25,98.4,7,44,32
2026-05-30 10:00:00,59,26,105.6,9,45,40
2026-05-30 11:00:00,62,31,104.8,9,47,40
2026-05-30 12:00:00,60,34,106.5,9,46,42
2026-05-30 13:00:00,62,27,108.5,9,47,39
2026-05-30 14:00:00,57,25,101.9,8,48,38
2026-05-30 15:00:00,67,27,113.7,9,48,42
2026-05-30 16:00:00,62,38,109.0,9,49,41
2026-05-30 17:00:00,61,20,100.9,9,45,37
2026-05-30 18:00:00,58,22,99.2,8,48,39
2026-05-30 19:00:00,55,17,102.7,9,43,35
2026-05-30 20:00:00,51,20,98.8,5,42,38
2026-05-30 21:00:00,52,14,89.5,8,40,39
2026-05-30 22:00:00,49,16,99.0,6,39,36
2026-05-30 23:00:00,47,8,89.7,5,40,36
2026-05-31 00:00:00,47,15,91.2,7,40,33
2026-05-31 01:00:00,47,17,93.0,6,42,38
2026-05-31 02:00:00,43,11,83.7,5,40,31
2026-05-31 03:00:00,45,12,89.1,6,40,33
2026-05-31 04:00:00,45,12,87.9,5,41,33
2026-05-31 05:00:00,46,15,89.2,5,41,31
2026-05-31 06:00:00,50,16,95.8,6,42,37
2026-05-31 07:00:00,53,21,96.0,8,42,36
2026-05-31 08:00:00,55,24,99.8,7,43,37
2026-05-31 09:00:00,55,19,98.3,8,43,33
2026-05-31 10:00:00,58,23,103.8,10,45,42
2026-05-31 11:00:00,61,29,108.5,9,47,45
2026-05-31 12:00:00,60,22,101.5,8,47,33
2026-05-31 13:00:00,60,21,100.2,8,45,38
2026-05-31 14:00:00,65,29,113.1,8,48,43
2026-05-31 15:00:00,59,29,95.9,9,49,40
2026-05-31 16:00:00,59,24,104.6,8,46,38
2026-05-31 17:00:00,60,24,101.6,10,47,41
2026-05-31 18:00:00,53,21,98.6,7,46,35
2026-05-31 19:00:00,58,19,99.7,9,44,38
2026-05-31 20:00:00,55,22,102.4,8,45,40
2026-05-31 21:00:00,53,14,95.3,6,41,37
2026-05-31 22:00:00,52,15,89.8,6,42,34
2026-05-31 23:00:00,48,11,85.7,6,40,33
2026-06-01 00:00:00,39,8,82.8,5,48,33
2026-06-01 01:00:00,47,15,92.6,6,55,34
2026-06-01 02:00:00,45,10,92.0,5,48,35
2026-06-01 03:00:00,43,13,85.5,7,51,34
2026-06-01 04:00:00,41,8,77.4,5,49,29
2026-06-01 05:00:00,48,12,91.7,5,51,33
2026-06-01 06:00:00,47,19,92.3,6,52,36
2026-06-01 07:00:00,59,27,103.3,8,59,41
2026-06-01 08:00:00,52,13,90.3,6,53,37
2026-06-01 09:00:00,59,21,104.4,8,56,41
2026-06-01 10:00:00,58,25,99.3,7,59,41
2026-06-01 11:00:00,61,24,103.6,9,57,40
2026-06-01 12:00:00,62,30,106.4,8,59,39
2026-06-01 13:00:00,63,25,106.4,8,57,38
2026-06-01 14:00:00,57,29,99.7,8,57,36
2026-06-01 15:00:00,63,26,102.4,10,56,40
2026-06-01 16:00:00,64,31,109.8,9,60,42
2026-06-01 17:00:00,58,23,102.8,7,54,42
2026-06-01 18:00:00,56,23,100.6,9,52,39
2026-06-01 19:00:00,56,25,103.6,9,53,40
2026-06-01 20:00:00,53,16,96.4,8,55,35
2026-06-01 21:00:00,55,18,95.7,8,52,38
2026-06-01 22:00:00,46,10,90.1,5,50,38
2026-06-01 23:00:00,42,11,87.6,6,47,32
2026-06-02 00:00:00,53,14,96.0,7,54,35
2026-06-02 01:00:00,46,9,85.6,5,46,31
2026-06-02 02:00:00,44,10,84.1,6,49,35
2026-06-02 03:00:00,49,14,94.5,6,51,37
2026-06-02 04:00:00,48,11,89.8,5,52,34
2026-06-02 05:00:00,50,17,87.6,8,54,34
2026-06-02 06:00:00,48,17,88.3,5,47,30
2026-06-02 07:00:00,54,19,92.7,9,56,38
2026-06-02 08:00:00,58,24,104.1,8,58,40
2026-06-02 09:00:00,52,23,96.6,8,55,38
2026-06-02 10:00:00,60,29,104.3,9,55,38
2026-06-02 11:00:00,61,29,103.7,8,59,37
2026-06-02 12:00:00,61,25,100.2,8,59,39
2026-06-02 13:00:00,63,32,109.5,9,59,42
2026-06-02 14:00:00,65,29,109.4,9,62,42
2026-06-02 15:00:00,61,26,101.5,9,61,40
2026-06-02 16:00:00,61,28,108.6,8,58,39
2026-06-02 17:00:00,61,30,107.4,9,57,39
2026-06-02 18:00:00,58,26,98.9,7,56,36
2026-06-02 19:00:00,54,28,99.2,8,57,35
2026-06-02 20:00:00,55,24,98.1,8,55,36
2026-06-02 21:00:00,53,20,97.0,9,52,36
2026-06-02 22:00:00,48,12,86.0,6,53,33
2026-06-02 23:00:00,47,14,88.4,6,50,35
2026-06-03 00:00:00,39,13,87.1,5,49,32
2026-06-03 01:00:00,49,15,87.5,8,53,30
2026-06-03 02:00:00,48,14,90.7,6,51,35
2026-06-03 03:00:00,42,13,83.4,6,50,29
2026-06-03 04:00:00,45,13,91.6,6,53,30
2026-06-03 05:00:00,52,17,95.8,7,55,38
2026-06-03 06:00:00,46,13,84.9,6,47,34
2026-06-03 07:00:00,54,24,95.5,8,55,39
2026-06-03 08:00:00,50,13,92.3,8,51,35
2026-06-03 09:00:00,58,27,95.4,7,59,39
2026-06-03 10:00:00,58,24,97.6,9,56,34
2026-06-03 11:00:00,60,29,101.5,10,58,38
2026-06-03 12:00:00,62,28,109.1,9,56,43
2026-06-03 13:00:00,61,29,102.8,10,64,39
2026-06-03 14:00:00,58,30,105.1,7,58,40
2026-06-03 15:00:00,60,31,103.3,9,58,40
2026-06-03 16:00:00,58,26,103.8,9,54,41
2026-06-03 17:00:00,56,29,97.3,8,57,41
2026-06-03 18:00:00,58,20,97.3,7,56,38
2026-06-03 19:00:00,55,22,98.3,9,55,38
2026-06-03 20:00:00,55,23,99.5,7,53,36
2026-06-03 21:00:00,54,21,98.4,7,51,36
2026-06-03 22:00:00,52,18,95.4,5,57,36
2026-06-03 23:00:00,48,13,92.5,6,49,34
2026-06-04 00:00:00,45,16,89.8,5,51,31
2026-06-04 01:00:00,46,10,89.2,4,49,35
2026-06-04 02:00:00,48,18,89.3,6,54,32
2026-06-04 03:00:00,51,12,87.5,7,52,33
2026-06-04 04:00:00,45,8,83.6,6,49,29
2026-06-04 05:00:00,48,10,84.4,5,51,33
2026-06-04 06:00:00,49,16,93.4,7,50,34
2026-06-04 07:00:00,52,18,97.9,8,51,38
2026-06-04 08:00:00,55,27,97.6,8,55,31
2026-06-04 09:00:00,54,18,99.3,7,51,36
2026-06-04 10:00:00,58,24,102.6,7,52,40
2026-06-04 11:00:00,60,22,100.0,8,57,38
2026-06-04 12:00:00,59,25,101.3,9,57,43
2026-06-04 13:00:00,65,34,112.6,10,63,43
2026-06-04 14:00:00,63,24,97.1,10,60,39
2026-06-04 15:00:00,60,30,107.7,9,59,42
2026-06-04 16:00:00,59,28,105.8,7,58,38
2026-06-04 17:00:00,61,26,101.5,10,56,38
2026-06-04 18:00:00,57,26,100.7,7,57,39
2026-06-04 19:00:00,52,18,100.0,7,52,38
2026-06-04 20:00:00,60,26,98.8,8,59,34
2026-06-04 21:00:00,51,25,96.2,7,59,38
2026-06-04 22:00:00,46,16,92.3,6,46,34
2026-06-04 23:00:00,48,23,94.9,6,54,31
2026-06-05 00:00:00,47,12,89.6,7,50,32
2026-06-05 01:00:00,46,14,95.3,6,49,36
2026-06-05 02:00:00,51,17,91.1,8,54,33
2026-06-05 03:00:00,43,11,83.7,5,46,30
2026-06-05 04:00:00,46,8,80.0,5,54,32
2026-06-05 05:00:00,49,9,86.7,5,53,31
2026-06-05 06:00:00,50,23,93.5,7,52,36
2026-06-05 07:00:00,53,16,95.8,8,49,34
2026-06-05 08:00:00,49,19,96.4,6,51,37
2026-06-05 09:00:00,59,18,96.8,6,59,39
2026-06-05 10:00:00,61,27,103.9,9,62,40
2026-06-05 11:00:00,57,23,104.2,8,56,39
2026-06-05 12:00:00,62,25,103.8,8,60,37
2026-06-05 13:00:00,65,29,109.0,10,59,43
2026-06-05 14:00:00,58,24,104.3,9,56,39
2026-06-05 15:00:00,60,27,100.6,7,56,40
2026-06-05 16:00:00,65,32,105.3,10,63,41
2026-06-05 17:00:00,60,27,108.4,9,56,44
2026-06-05 18:00:00,59,24,103.6,8,58,41
2026-06-05 19:00:00,56,23,95.5,8,56,38
2026-06-05 20:00:00,55,19,94.4,9,60,36
2026-06-05 21:00:00,55,25,98.7,7,55,36
2026-06-05 22:00:00,49,13,95.6,7,50,35
2026-06-05 23:00:00,43,15,91.0,6,48,33
2026-06-06 00:00:00,48,13,94.2,5,42,36
2026-06-06 01:00:00,48,16,90.7,5,45,31
2026-06-06 02:00:00,43,16,88.7,6,43,33
2026-06-06 03:00:00,43,12,84.6,4,38,32
2026-06-06 04:00:00,48,14,89.9,7,42,34
2026-06-06 05:00:00,49,15,88.6,5,40,32
2026-06-06 06:00:00,42,8,82.7,5,38,28
2026-06-06 07:00:00,48,12,88.3,6,39,32
2026-06-06 08:00:00,54,18,95.8,8,43,36
2026-06-06 09:00:00,57,20,100.3,8,43,38
2026-06-06 10:00:00,55,20,102.7,8,44,38
2026-06-06 11:00:00,60,28,102.7,8,48,39
2026-06-06 12:00:00,59,27,104.2,8,44,37
2026-06-06 13:00:00,65,27,105.9,10,47,41
2026-06-06 14:00:00,61,24,105.8,8,48,36
2026-06-06 15:00:00,60,28,99.8,8,46,40
2026-06-06 16:00:00,55,18,95.5,8,42,35
2026-06-06 17:00:00,56,25,102.2,9,44,41
2026-06-06 18:00:00,62,24,105.7,10,47,40
2026-06-06 19:00:00,56,23,100.9,9,45,39
2026-06-06 20:00:00,51,15,97.5,6,39,40
2026-06-06 21:00:00,51,19,89.6,6,43,34
2026-06-06 22:00:00,47,12,86.0,5,41,31
2026-06-06 23:00:00,47,11,91.1,5,37,36
2026-06-07 00:00:00,47,16,93.6,6,40,35
2026-06-07 01:00:00,48,19,94.7,8,42,33
2026-06-07 02:00:00,42,12,94.9,4,37,32
2026-06-07 03:00:00,47,9,86.1,6,38,31
2026-06-07 04:00:00,45,14,90.3,6,40,36
2026-06-07 05:00:00,47,18,91.5,5,41,34
2026-06-07 06:00:00,48,18,94.6,6,38,35
2026-06-07 07:00:00,52,28,99.3,9,42,39
2026-06-07 08:00:00,54,17,94.4,7,42,39
2026-06-07 09:00:00,58,23,102.0,8,43,39
2026-06-07 10:00:00,57,29,102.9,9,47,40
2026-06-07 11:00:00,56,31,102.8,9,47,40
2026-06-07 12:00:00,56,20,102.0,7,42,41
2026-06-07 13:00:00,60,28,111.4,9,46,42
2026-06-07 14:00:00,60,33,100.0,8,48,40
2026-06-07 15:00:00,63,38,113.0,10,50,39
2026-06-07 16:00:00,60,29,106.2,9,48,41
2026-06-07 17:00:00,59,24,99.7,9,45,36
2026-06-07 18:00:00,53,20,95.6,7,43,35
2026-06-07 19:00:00,59,30,106.7,8,48,43
2026-06-07 20:00:00,58,23,101.0,7,45,37
2026-06-07 21:00:00,54,15,95.3,8,42,36
2026-06-07 22:00:00,48,15,89.4,5,43,33
2026-06-07 23:00:00,50,15,90.5,6,40,34
2026-06-08 00:00:00,48,15,88.8,6,48,35
2026-06-08 01:00:00,45,9,85.7,6,50,32
2026-06-08 02:00:00,45,10,87.4,6,51,35
2026-06-08 03:00:00,46,6,88.1,6,52,34
2026-06-08 04:00:00,50,17,90.7,7,54,32
2026-06-08 05:00:00,45,13,91.4,5,52,35
2026-06-08 06:00:00,52,18,92.1,6,51,37
2026-06-08 07:00:00,57,23,102.4,7,57,39
2026-06-08 08:00:00,56,21,96.1,8,56,37
2026-06-08 09:00:00,59,22,107.3,7,56,41
2026-06-08 10:00:00,51,25,99.0,8,54,39
2026-06-08 11:00:00,61,26,106.2,9,60,43
2026-06-08 12:00:00,63,31,106.1,10,61,42
2026-06-08 13:00:00,64,29,108.8,9,62,42
2026-06-08 14:00:00,58,26,98.4,8,56,39
2026-06-08 15:00:00,61,31,102.9,9,62,41
2026-06-08 16:00:00,64,31,106.7,11,59,39
2026-06-08 17:00:00,55,21,102.9,7,52,34
2026-06-08 18:00:00,60,29,107.2,9,58,37
2026-06-08 19:00:00,56,23,92.9,8,55,35
2026-06-08 20:00:00,53,21,94.1,7,53,36
2026-06-08 21:00:00,54,21,97.3,7,55,34
2026-06-08 22:00:00,46,14,93.7,6,55,35
2026-06-08 23:00:00,47,18,92.3,5,52,34
2026-06-09 00:00:00,46,12,81.2,7,52,29
2026-06-09 01:00:00,41,7,80.7,6,49,31
2026-06-09 02:00:00,47,9,91.0,7,49,31
2026-06-09 03:00:00,44,14,89.3,6,48,33
2026-06-09 04:00:00,48,10,89.7,6,50,37
2026-06-09 05:00:00,47,20,96.0,6,52,35
2026-06-09 06:00:00,52,20,95.1,7,56,37
2026-06-09 07:00:00,49,23,96.7,8,51,37
2026-06-09 08:00:00,57,20,104.3,9,56,38
2026-06-09 09:00:00,59,23,101.9,9,57,36
2026-06-09 10:00:00,55,20,95.1,9,54,35
2026-06-09 11:00:00,58,29,101.8,10,59,39
2026-06-09 12:00:00,62,28,102.6,10,59,41
2026-06-09 13:00:00,58,30,96.6,8,60,34
2026-06-09 14:00:00,64,34,105.8,7,60,39
2026-06-09 15:00:00,59,26,104.2,9,53,39
2026-06-09 16:00:00,60,26,103.3,9,56,37
2026-06-09 17:00:00,58,27,106.2,8,56,43
2026-06-09 18:00:00,55,21,98.3,7,50,37
2026-06-09 19:00:00,60,21,104.0,9,55,40
2026-06-09 20:00:00,56,22,93.7,6,57,34
2026-06-09 21:00:00,47,17,90.4,8,48,35
2026-06-09 22:00:00,49,21,93.0,8,53,33
2026-06-09 23:00:00,48,9,87.2,6,48,34
2026-06-10 00:00:00,50,17,98.0,7,52,40
2026-06-10 01:00:00,43,15,82.2,5,49,32
2026-06-10 02:00:00,47,10,88.4,7,51,33
2026-06-10 03:00:00,45,9,91.1,7,47,32
2026-06-10 04:00:00,40,6,85.0,5,49,30
2026-06-10 05:00:00,46,12,87.8,5,49,34
2026-06-10 06:00:00,50,20,91.8,6,51,35
2026-06-10 07:00:00,52,18,98.0,7,54,38
2026-06-10 08:00:00,51,24,95.3,7,54,36
2026-06-10 09:00:00,53,20,94.1,8,53,36
2026-06-10 10:00:00,57,26,104.2,8,56,39
2026-06-10 11:00:00,57,23,101.3,9,50,39
2026-06-10 12:00:00,58,24,100.2,9,56,37
2026-06-10 13:00:00,61,27,105.3,9,57,37
2026-06-10 14:00:00,62,26,105.6,9,57,42
2026-06-10 15:00:00,64,22,104.6,8,57,40
2026-06-10 16:00:00,63,26,105.4,8,60,43
2026-06-10 17:00:00,63,26,98.5,8,60,38
2026-06-10 18:00:00,58,28,102.2,8,58,39
2026-06-10 19:00:00,54,25,97.1,9,53,39
2026-06-10 20:00:00,57,24,98.0,9,55,36
2026-06-10 21:00:00,52,20,94.0,5,48,34
2026-06-10 22:00:00,52,17,93.1,7,54,36
2026-06-10 23:00:00,44,10,86.5,4,52,30
2026-06-11 00:00:00,48,14,91.6,5,47,38
2026-06-11 01:00:00,46,14,87.6,7,52,32
2026-06-11 02:00:00,46,17,92.2,5,53,34
2026-06-11 03:00:00,45,15,91.9,5,48,37
2026-06-11 04:00:00,49,17,95.1,6,57,35
2026-06-11 05:00:00,49,11,93.2,5,49,33
2026-06-11 06:00:00,48,15,89.9,5,50,36
2026-06-11 07:00:00,53,19,95.3,7,53,37
2026-06-11 08:00:00,56,24,100.3,6,57,35
2026-06-11 09:00:00,57,22,98.6,8,54,36
2026-06-11 10:00:00,60,24,98.9,8,56,36
2026-06-11 11:00:00,65,28,105.3,10,57,33
2026-06-11 12:00:00,58,23,106.0,9,57,44
2026-06-11 13:00:00,67,33,107.9,9,64,38
2026-06-11 14:00:00,61,25,101.2,7,58,37
2026-06-11 15:00:00,57,21,97.7,7,57,38
2026-06-11 16:00:00,59,27,104.5,9,57,40
2026-06-11 17:00:00,62,32,107.6,9,62,42
2026-06-11 18:00:00,60,26,105.3,8,58,40
2026-06-11 19:00:00,54,25,106.3,7,53,42
2026-06-11 20:00:00,52,20,98.1,7,54,35
2026-06-11 21:00:00,50,17,96.3,8,52,39
2026-06-11 22:00:00,46,11,97.1,7,49,35
2026-06-11 23:00:00,41,6,85.3,4,48,29
2026-06-12 00:00:00,41,14,85.4,6,45,31
2026-06-12 01:00:00,46,17,89.9,5,50,34
2026-06-12 02:00:00,46,13,92.9,6,53,37
2026-06-12 03:00:00,48,14,87.4,6,54,34
2026-06-12 04:00:00,45,19,84.7,6,49,29
2026-06-12 05:00:00,45,15,87.0,5,47,31
2026-06-12 06:00:00,48,16,94.1,6,54,34
2026-06-12 07:00:00,51,15,95.0,6,51,36
2026-06-12 08:00:00,58,27,101.8,8,56,40
2026-06-12 09:00:00,58,24,104.3,7,55,39
2026-06-12 10:00:00,56,21,100.4,7,55,34
2026-06-12 11:00:00,59,22,102.0,8,56,41
2026-06-12 12:00:00,60,31,104.8,9,60,38
2026-06-12 13:00:00,61,24,105.6,9,59,42
2026-06-12 14:00:00,64,34,110.6,8,58,41
2026-06-12 15:00:00,62,18,101.0,8,54,38
2026-06-12 16:00:00,63,32,109.8,9,58,42
2026-06-12 17:00:00,58,27,100.3,9,56,40
2026-06-12 18:00:00,56,24,100.6,8,57,42
2026-06-12 19:00:00,55,21,99.3,8,56,36
2026-06-12 20:00:00,52,27,96.8,7,58,36
2026-06-12 21:00:00,52,20,96.1,8,52,34
2026-06-12 22:00:00,48,13,92.7,6,49,33
2026-06-12 23:00:00,47,8,85.4,5,50,32
2026-06-13 00:00:00,48,14,91.7,6,38,36
2026-06-13 01:00:00,46,12,95.8,5,40,34
2026-06-13 02:00:00,40,7,80.7,5,37,32
2026-06-13 03:00:00,43,12,90.0,6,42,32
2026-06-13 04:00:00,44,11,87.4,6,39,35
2026-06-13 05:00:00,49,14,95.7,7,45,31
2026-06-13 06:00:00,52,19,92.9,6,43,34
2026-06-13 07:00:00,52,23,97.1,8,45,38
2026-06-13 08:00:00,60,23,109.0,8,47,42
2026-06-13 09:00:00,59,20,99.6,8,43,38
2026-06-13 10:00:00,61,25,105.5,7,49,41
2026-06-13 11:00:00,61,26,105.6,9,48,41
2026-06-13 12:00:00,61,22,96.1,8,46,37
2026-06-13 13:00:00,63,29,107.4,8,45,40
2026-06-13 14:00:00,59,34,101.8,9,44,40
2026-06-13 15:00:00,59,28,105.0,8,46,41
2026-06-13 16:00:00,59,21,100.9,8,47,40
2026-06-13 17:00:00,60,26,99.5,8,46,42
2026-06-13 18:00:00,56,20,94.9,9,45,37
2026-06-13 19:00:00,57,25,100.8,8,48,42
2026-06-13 20:00:00,49,22,101.8,6,43,41
2026-06-13 21:00:00,53,17,100.1,8,44,41
2026-06-13 22:00:00,49,15,93.3,6,43,36
2026-06-13 23:00:00,47,14,91.9,9,41,36
2026-06-14 00:00:00,49,13,93.1,7,42,38
2026-06-14 01:00:00,42,10,84.2,5,39,29
2026-06-14 02:00:00,43,7,83.6,5,40,31
2026-06-14 03:00:00,47,16,94.1,6,47,35
2026-06-14 04:00:00,44,12,85.9,5,39,34
2026-06-14 05:00:00,43,15,92.5,7,36,35
2026-06-14 06:00:00,47,17,87.4,6,39,35
2026-06-14 07:00:00,52,19,92.5,7,44,36
2026-06-14 08:00:00,52,16,98.5,7,43,37
2026-06-14 09:00:00,54,16,94.9,6,43,33
2026-06-14 10:00:00,55,22,98.4,8,45,36
2026-06-14 11:00:00,57,27,103.1,8,47,40
2026-06-14 12:00:00,60,24,106.2,8,47,40
2026-06-14 13:00:00,61,26,105.6,8,49,37
2026-06-14 14:00:00,66,35,110.9,9,52,41
2026-06-14 15:00:00,58,21,102.5,7,46,43
2026-06-14 16:00:00,55,24,100.4,8,44,35
2026-06-14 17:00:00,55,32,105.2,6,47,35
2026-06-14 18:00:00,57,24,108.8,6,44,43
2026-06-14 19:00:00,55,20,99.4,7,42,37
2026-06-14 20:00:00,54,24,96.1,7,42,37
2026-06-14 21:00:00,50,18,97.0,7,42,38
2026-06-14 22:00:00,45,15,89.1,6,38,30
2026-06-14 23:00:00,43,15,89.4,4,40,35
2026-06-15 00:00:00,47,11,90.2,5,51,29
2026-06-15 01:00:00,44,9,85.0,5,53,32
2026-06-15 02:00:00,44,12,86.8,6,49,34
2026-06-15 03:00:00,41,9,77.6,5,50,29
2026-06-15 04:00:00,44,13,87.9,5,50,30
2026-06-15 05:00:00,48,16,93.5,6,53,35
2026-06-15 06:00:00,51,19,94.9,7,57,39
2026-06-15 07:00:00,52,22,95.2,6,56,37
2026-06-15 08:00:00,57,19,99.5,8,54,36
2026-06-15 09:00:00,55,24,96.1,6,53,36
2026-06-15 10:00:00,61,26,100.8,9,55,40
2026-06-15 11:00:00,60,27,105.1,10,54,43
2026-06-15 12:00:00,61,25,104.9,8,57,36
2026-06-15 13:00:00,63,24,105.9,10,59,42
2026-06-15 14:00:00,61,30,104.0,9,59,41
2026-06-15 15:00:00,59,22,104.3,9,55,37
2026-06-15 16:00:00,57,26,98.0,8,53,38
2026-06-15 17:00:00,59,17,98.5,8,59,37
2026-06-15 18:00:00,57,19,101.2,8,54,36
2026-06-15 19:00:00,58,19,101.7,6,57,38
2026-06-15 20:00:00,55,24,96.9,6,53,34
2026-06-15 21:00:00,55,20,104.2,7,52,39
2026-06-15 22:00:00,47,14,90.1,6,50,33
2026-06-15 23:00:00,51,17,94.3,6,54,35
2026-06-16 00:00:00,46,16,93.7,5,47,34
2026-06-16 01:00:00,45,12,93.3,7,49,34
2026-06-16 02:00:00,46,7,87.5,5,49,31
2026-06-16 03:00:00,51,12,95.9,6,51,31
2026-06-16 04:00:00,48,13,89.6,6,49,37
2026-06-16 05:00:00,49,10,95.3,7,51,39
2026-06-16 06:00:00,48,17,92.7,7,50,36
2026-06-16 07:00:00,52,19,96.4,6,51,35
2026-06-16 08:00:00,54,22,96.5,7,57,38
2026-06-16 09:00:00,60,23,102.4,9,59,35
2026-06-16 10:00:00,58,27,99.8,9,56,40
2026-06-16 11:00:00,63,25,104.2,9,57,39
2026-06-16 12:00:00,58,28,102.2,9,57,36
2026-06-16 13:00:00,65,26,103.1,9,61,42
2026-06-16 14:00:00,59,26,100.8,10,60,39
2026-06-16 15:00:00,65,32,102.3,10,58,38
2026-06-16 16:00:00,57,20,95.0,8,57,36
2026-06-16 17:00:00,62,29,105.2,9,59,38
2026-06-16 18:00:00,55,22,101.1,7,55,39
2026-06-16 19:00:00,58,19,98.2,6,53,38
2026-06-16 20:00:00,56,21,98.6,7,55,38
2026-06-16 21:00:00,49,13,94.5,6,51,31
2026-06-16 22:00:00,50,13,94.7,6,51,36
2026-06-16 23:00:00,49,11,93.5,6,51,33
2026-06-17 00:00:00,44,12,88.2,5,51,34
2026-06-17 01:00:00,42,9,84.3,6,49,31
2026-06-17 02:00:00,44,18,91.1,7,52,38
2026-06-17 03:00:00,44,19,94.2,7,47,33
2026-06-17 04:00:00,42,6,89.7,3,47,30
2026-06-17 05:00:00,51,16,100.8,8,52,36
2026-06-17 06:00:00,52,19,99.9,8,54,37
2026-06-17 07:00:00,48,20,93.1,7,52,32
2026-06-17 08:00:00,52,18,91.2,6,55,30
2026-06-17 09:00:00,53,21,98.4,7,57,38
2026-06-17 10:00:00,59,21,104.2,9,57,43
2026-06-17 11:00:00,58,24,93.4,8,56,38
2026-06-17 12:00:00,56,23,94.7,9,55,35
2026-06-17 13:00:00,62,27,103.4,9,55,38
2026-06-17 14:00:00,62,23,100.9,10,55,38
2026-06-17 15:00:00,59,27,98.0,9,54,40
2026-06-17 16:00:00,59,23,102.3,7,56,37
2026-06-17 17:00:00,57,26,105.2,7,56,39
2026-06-17 18:00:00,60,22,101.1,9,61,43
2026-06-17 19:00:00,55,23,93.8,8,55,36
2026-06-17 20:00:00,53,24,98.3,7,55,40
2026-06-17 21:00:00,53,23,94.3,8,53,36
2026-06-17 22:00:00,46,7,84.7,5,49,32
2026-06-17 23:00:00,49,11,93.5,6,47,35
2026-06-18 00:00:00,49,12,94.8,5,53,32
2026-06-18 01:00:00,49,14,90.9,6,51,35
2026-06-18 02:00:00,43,6,87.2,5,46,33
2026-06-18 03:00:00,45,9,84.4,6,49,29
2026-06-18 04:00:00,50,14,94.0,5,53,37
2026-06-18 05:00:00,52,15,92.6,7,54,35
2026-06-18 06:00:00,48,17,88.1,6,55,32
2026-06-18 07:00:00,53,19,93.8,6,54,38
2026-06-18 08:00:00,55,21,99.4,7,53,34
2026-06-18 09:00:00,58,23,96.4,7,57,38
2026-06-18 10:00:00,61,24,102.2,8,60,40
2026-06-18 11:00:00,57,28,105.4,8,58,40
2026-06-18 12:00:00,57,19,97.1,8,56,36
2026-06-18 13:00:00,65,33,104.4,10,62,44
2026-06-18 14:00:00,60,20,100.3,8,56,40
2026-06-18 15:00:00,55,24,101.1,8,55,36
2026-06-18 16:00:00,56,26,96.9,8,57,35
2026-06-18 17:00:00,62,28,108.5,9,53,37
2026-06-18 18:00:00,57,14,99.0,9,53,37
2026-06-18 19:00:00,52,22,97.8,6,51,41
2026-06-18 20:00:00,57,23,101.8,8,53,35
2026-06-18 21:00:00,52,21,96.6,7,51,37
2026-06-18 22:00:00,46,14,90.8,8,51,33
2026-06-18 23:00:00,46,13,89.8,6,51,34
2026-06-19 00:00:00,43,11,89.3,6,46,34
2026-06-19 01:00:00,44,11,91.1,6,47,34
2026-06-19 02:00:00,40,8,81.3,5,48,27
2026-06-19 03:00:00,45,9,85.1,6,51,30
2026-06-19 04:00:00,48,15,90.4,6,52,33
2026-06-19 05:00:00,45,15,87.3,5,52,33
2026-06-19 06:00:00,50,18,97.1,7,52,39
2026-06-19 07:00:00,50,19,89.3,6,54,38
2026-06-19 08:00:00,56,22,100.9,8,55,38
2026-06-19 09:00:00,51,25,101.0,8,55,37
2026-06-19 10:00:00,58,18,97.1,6,53,37
2026-06-19 11:00:00,54,23,102.5,8,58,39
2026-06-19 12:00:00,60,26,106.6,9,61,44
2026-06-19 13:00:00,60,28,102.5,8,58,36
2026-06-19 14:00:00,60,26,105.6,7,61,41
2026-06-19 15:00:00,59,31,101.5,9,59,41
2026-06-19 16:00:00,67,34,107.0,10,61,39
2026-06-19 17:00:00,56,26,99.5,9,55,40
2026-06-19 18:00:00,55,24,103.2,8,59,36
2026-06-19 19:00:00,61,25,102.1,8,58,36
2026-06-19 20:00:00,53,13,94.0,5,53,35
2026-06-19 21:00:00,48,18,89.7,7,54,35
2026-06-19 22:00:00,50,19,97.0,7,54,32
2026-06-19 23:00:00,47,12,92.0,7,50,31
2026-06-20 00:00:00,41,9,82.6,5,40,33
2026-06-20 01:00:00,44,12,80.4,6,37,30
2026-06-20 02:00:00,45,12,87.4,6,40,33
2026-06-20 03:00:00,48,9,90.7,4,40,35
2026-06-20 04:00:00,48,20,93.3,7,41,32
2026-06-20 05:00:00,47,13,90.2,6,42,32
2026-06-20 06:00:00,46,12,90.3,6,39,33
2026-06-20 07:00:00,54,18,94.8,7,43,34
2026-06-20 08:00:00,57,23,96.2,7,49,36
2026-06-20 09:00:00,58,22,102.5,8,46,40
2026-06-20 10:00:00,58,26,99.3,8,47,34
2026-06-20 11:00:00,55,23,94.8,8,44,36
2026-06-20 12:00:00,65,32,109.9,10,51,40
2026-06-20 13:00:00,62,30,102.5,9,45,38
2026-06-20 14:00:00,62,32,104.0,10,49,39
2026-06-20 15:00:00,63,29,110.9,10,47,42
2026-06-20 16:00:00,62,30,110.6,10,46,41
2026-06-20 17:00:00,56,23,102.8,8,43,39
2026-06-20 18:00:00,56,22,101.8,8,44,39
2026-06-20 19:00:00,52,27,101.8,8,45,35
2026-06-20 20:00:00,55,25,105.8,9,43,39
2026-06-20 21:00:00,54,14,98.0,7,45,35
2026-06-20 22:00:00,45,17,91.1,7,39,30
2026-06-20 23:00:00,48,13,93.1,5,40,33
2026-06-21 00:00:00,47,11,88.2,7,39,35
2026-06-21 01:00:00,48,13,91.3,6,41,33
2026-06-21 02:00:00,45,16,90.2,5,39,34
2026-06-21 03:00:00,43,14,87.6,5,38,33
2026-06-21 04:00:00,45,12,87.3,6,38,31
2026-06-21 05:00:00,51,16,97.8,7,42,38
2026-06-21 06:00:00,45,15,86.5,7,38,30
2026-06-21 07:00:00,49,19,94.0,6,41,36
2026-06-21 08:00:00,54,25,94.8,9,42,35
2026-06-21 09:00:00,51,15,87.5,8,40,30
2026-06-21 10:00:00,58,27,105.9,8,44,40
2026-06-21 11:00:00,61,20,105.9,8,45,39
2026-06-21 12:00:00,59,31,102.8,11,47,40
2026-06-21 13:00:00,61,25,103.4,10,45,41
2026-06-21 14:00:00,61,24,101.8,8,48,33
2026-06-21 15:00:00,61,30,104.6,8,46,47
2026-06-21 16:00:00,57,28,100.6,9,45,35
2026-06-21 17:00:00,57,22,101.1,7,44,39
2026-06-21 18:00:00,55,20,96.4,8,44,35
2026-06-21 19:00:00,57,21,100.9,8,45,39
2026-06-21 20:00:00,53,16,100.3,6,43,36
2026-06-21 21:00:00,47,14,91.4,5,42,37
2026-06-21 22:00:00,49,16,92.7,6,41,32
2026-06-21 23:00:00,46,11,86.7,7,40,34
2026-06-22 00:00:00,52,15,93.7,6,55,31
2026-06-22 01:00:00,48,17,87.2,5,51,33
2026-06-22 02:00:00,43,11,91.3,5,51,31
2026-06-22 03:00:00,44,13,85.1,5,50,33
2026-06-22 04:00:00,47,20,87.2,8,46,33
2026-06-22 05:00:00,48,10,89.1,7,51,34
2026-06-22 06:00:00,52,20,96.8,6,56,36
2026-06-22 07:00:00,53,22,101.0,8,55,37
2026-06-22 08:00:00,54,23,98.8,8,55,37
2026-06-22 09:00:00,57,27,103.9,8,55,37
2026-06-22 10:00:00,58,25,104.0,8,60,44
2026-06-22 11:00:00,54,24,101.1,8,55,36
2026-06-22 12:00:00,62,31,102.4,9,57,38
2026-06-22 13:00:00,61,32,107.4,10,59,41
2026-06-22 14:00:00,59,32,100.2,10,56,37
2026-06-22 15:00:00,68,28,114.7,9,56,44
2026-06-22 16:00:00,61,24,105.2,9,58,36
2026-06-22 17:00:00,60,26,101.1,8,58,38
2026-06-22 18:00:00,58,27,103.2,9,56,37
2026-06-22 19:00:00,59,26,99.0,8,56,38
2026-06-22 20:00:00,50,18,89.5,7,53,37
2026-06-22 21:00:00,51,19,97.4,7,52,40
2026-06-22 22:00:00,46,11,85.8,6,48,31
2026-06-22 23:00:00,51,18,93.5,6,50,30
2026-06-23 00:00:00,44,10,87.6,5,48,33
2026-06-23 01:00:00,49,15,91.7,6,52,34
2026-06-23 02:00:00,44,8,83.3,4,44,29
2026-06-23 03:00:00,49,16,92.3,6,53,35
2026-06-23 04:00:00,48,14,91.5,5,50,34
2026-06-23 05:00:00,50,12,94.0,7,50,36
2026-06-23 06:00:00,48,18,99.9,7,55,36
2026-06-23 07:00:00,53,16,89.2,6,56,33
2026-06-23 08:00:00,50,23,92.8,6,54,33
2026-06-23 09:00:00,56,21,99.2,7,53,36
2026-06-23 10:00:00,55,18,99.9,6,57,39
2026-06-23 11:00:00,55,22,99.5,8,53,36
2026-06-23 12:00:00,58,25,105.0,8,56,37
2026-06-23 13:00:00,61,33,101.8,9,60,40
2026-06-23 14:00:00,62,31,105.4,8,55,41
2026-06-23 15:00:00,62,33,111.3,9,60,46
2026-06-23 16:00:00,63,33,104.5,10,58,45
2026-06-23 17:00:00,57,24,91.6,7,55,38
2026-06-23 18:00:00,56,23,97.3,7,53,38
2026-06-23 19:00:00,55,21,99.0,8,57,37
2026-06-23 20:00:00,53,18,95.7,7,53,34
2026-06-23 21:00:00,52,11,88.8,7,52,38
2026-06-23 22:00:00,52,16,92.0,7,56,35
2026-06-23 23:00:00,47,10,85.1,5,52,35
2026-06-24 00:00:00,48,13,86.8,7,51,32
2026-06-24 01:00:00,48,20,90.8,7,51,35
2026-06-24 02:00:00,44,10,87.5,7,48,33
2026-06-24 03:00:00,48,13,83.6,6,52,30
2026-06-24 04:00:00,45,16,94.1,7,48,36
2026-06-24 05:00:00,43,15,88.0,7,46,37
2026-06-24 06:00:00,47,17,88.3,7,50,32
2026-06-24 07:00:00,55,17,93.4,7,55,35
2026-06-24 08:00:00,53,19,94.0,9,52,32
2026-06-24 09:00:00,55,19,97.6,7,57,38
2026-06-24 10:00:00,58,27,102.5,9,56,40
2026-06-24 11:00:00,59,20,99.7,9,56,39
2026-06-24 12:00:00,62,30,103.6,11,57,39
2026-06-24 13:00:00,60,23,102.0,9,57,38
2026-06-24 14:00:00,64,31,101.6,9,58,39
2026-06-24 15:00:00,60,26,99.7,9,60,39
2026-06-24 16:00:00,60,23,100.2,7,59,38
2026-06-24 17:00:00,60,28,99.4,10,55,37
2026-06-24 18:00:00,58,27,101.8,6,59,35
2026-06-24 19:00:00,53,21,92.8,7,57,37
2026-06-24 20:00:00,54,23,103.0,9,56,39
2026-06-24 21:00:00,48,10,85.2,7,53,29
2026-06-24 22:00:00,51,11,96.7,7,52,37
2026-06-24 23:00:00,45,19,84.7,5,52,33
2026-06-25 00:00:00,48,12,96.8,7,52,35
2026-06-25 01:00:00,39,6,84.4,4,45,29
2026-06-25 02:00:00,46,10,90.6,5,51,36
2026-06-25 03:00:00,43,9,81.8,6,49,29
2026-06-25 04:00:00,48,12,89.4,5,49,29
2026-06-25 05:00:00,47,13,89.4,5,47,33
2026-06-25 06:00:00,46,17,90.5,5,51,34
2026-06-25 07:00:00,55,18,100.6,7,54,38
2026-06-25 08:00:00,57,25,102.7,8,54,37
2026-06-25 09:00:00,57,24,100.1,9,59,38
2026-06-25 10:00:00,57,26,103.7,8,57,40
2026-06-25 11:00:00,63,30,109.6,8,60,37
2026-06-25 12:00:00,57,26,99.4,7,57,39
2026-06-25 13:00:00,55,23,97.0,8,53,38
2026-06-25 14:00:00,59,32,111.2,9,56,41
2026-06-25 15:00:00,59,28,102.8,9,60,36
2026-06-25 16:00:00,59,27,101.0,8,58,40
2026-06-25 17:00:00,58,23,100.3,8,54,40
2026-06-25 18:00:00,56,22,102.4,9,55,36
2026-06-25 19:00:00,55,25,101.6,8,56,38
2026-06-25 20:00:00,49,23,94.9,6,52,33
2026-06-25 21:00:00,53,21,98.3,8,54,35
2026-06-25 22:00:00,50,19,94.6,6,55,35
2026-06-25 23:00:00,47,16,90.6,7,54,35
2026-06-26 00:00:00,50,14,91.4,6,48,35
2026-06-26 01:00:00,45,12,88.7,6,51,33
2026-06-26 02:00:00,47,16,89.8,7,52,38
2026-06-26 03:00:00,47,11,89.8,7,51,31
2026-06-26 04:00:00,43,14,87.9,6,47,31
2026-06-26 05:00:00,47,12,85.2,5,51,32
2026-06-26 06:00:00,51,14,91.2,5,51,34
2026-06-26 07:00:00,51,17,93.4,7,54,35
2026-06-26 08:00:00,50,17,98.8,7,53,38
2026-06-26 09:00:00,55,25,99.2,7,58,35
2026-06-26 10:00:00,57,19,99.5,8,57,41
2026-06-26 11:00:00,54,26,105.8,8,52,37
2026-06-26 12:00:00,57,27,97.2,8,57,35
2026-06-26 13:00:00,65,21,100.0,8,62,41
2026-06-26 14:00:00,63,26,102.6,8,56,42
2026-06-26 15:00:00,66,29,106.6,11,60,40
2026-06-26 16:00:00,63,28,105.4,7,60,43
2026-06-26 17:00:00,60,25,101.3,7,53,37
2026-06-26 18:00:00,58,26,98.0,10,57,33
2026-06-26 19:00:00,57,22,102.3,7,54,40
2026-06-26 20:00:00,57,20,97.9,7,56,34
2026-06-26 21:00:00,54,19,100.1,8,55,37
2026-06-26 22:00:00,51,19,91.7,7,53,38
2026-06-26 23:00:00,47,12,95.4,6,50,33
2026-06-27 00:00:00,47,11,84.7,7,39,29
2026-06-27 01:00:00,44,10,86.8,5,39,30
2026-06-27 02:00:00,46,11,85.9,6,39,30
2026-06-27 03:00:00,45,17,90.6,6,41,31
2026-06-27 04:00:00,46,15,87.3,5,41,29
2026-06-27 05:00:00,44,10,80.9,6,38,32
2026-06-27 06:00:00,48,14,88.6,7,40,30
2026-06-27 07:00:00,50,19,99.1,7,41,38
2026-06-27 08:00:00,57,17,94.9,8,44,33
2026-06-27 09:00:00,53,20,97.7,7,43,37
2026-06-27 10:00:00,60,29,104.1,8,46,41
2026-06-27 11:00:00,56,24,98.6,7,45,37
2026-06-27 12:00:00,62,30,111.9,9,46,40
2026-06-27 13:00:00,64,32,106.6,8,47,40
2026-06-27 14:00:00,56,25,101.1,7,43,37
2026-06-27 15:00:00,57,25,101.0,7,44,38
2026-06-27 16:00:00,58,26,106.6,8,44,37
2026-06-27 17:00:00,55,22,94.0,9,48,36
2026-06-27 18:00:00,58,24,108.0,8,49,40
2026-06-27 19:00:00,56,21,103.5,9,45,40
2026-06-27 20:00:00,51,21,97.0,7,41,38
2026-06-27 21:00:00,53,23,99.4,7,43,38
2026-06-27 22:00:00,49,19,92.9,7,42,34
2026-06-27 23:00:00,48,16,92.3,5,38,33
2026-06-28 00:00:00,43,6,86.4,5,38,30
2026-06-28 01:00:00,47,14,87.9,5,39,34
2026-06-28 02:00:00,51,18,99.1,7,42,38
2026-06-28 03:00:00,45,3,86.0,5,37,32
2026-06-28 04:00:00,51,15,93.7,6,42,35
2026-06-28 05:00:00,44,14,85.9,5,39,29
2026-06-28 06:00:00,47,13,93.6,7,41,35
2026-06-28 07:00:00,54,21,97.0,7,45,35
2026-06-28 08:00:00,59,26,100.9,8,47,41
2026-06-28 09:00:00,58,25,98.2,8,48,38
2026-06-28 10:00:00,55,23,98.1,8,43,36
2026-06-28 11:00:00,57,22,96.6,8,47,37
2026-06-28 12:00:00,62,27,105.8,10,45,44
2026-06-28 13:00:00,62,31,108.4,8,44,43
2026-06-28 14:00:00,59,27,101.8,7,47,37
2026-06-28 15:00:00,61,27,104.4,9,49,40
2026-06-28 16:00:00,63,37,112.8,9,47,48
2026-06-28 17:00:00,58,29,102.3,9,47,40
2026-06-28 18:00:00,61,28,104.3,9,45,39
2026-06-28 19:00:00,53,17,95.5,6,45,38
2026-06-28 20:00:00,53,18,94.1,7,45,32
2026-06-28 21:00:00,54,18,95.5,8,44,34
2026-06-28 22:00:00,48,12,88.4,6,39,29
2026-06-28 23:00:00,52,20,96.9,7,43,33
2026-06-29 00:00:00,45,18,90.5,7,47,34
2026-06-29 01:00:00,46,10,90.5,7,50,31
2026-06-29 02:00:00,49,18,96.4,5,51,34
2026-06-29 03:00:00,44,12,84.5,7,49,28
2026-06-29 04:00:00,49,22,91.8,6,53,35
2026-06-29 05:00:00,48,15,93.2,7,51,32
2026-06-29 06:00:00,51,18,93.4,7,50,37
2026-06-29 07:00:00,54,23,98.3,8,52,37
2026-06-29 08:00:00,53,24,98.0,8,58,39
2026-06-29 09:00:00,56,24,97.0,8,57,36
2026-06-29 10:00:00,62,24,104.8,9,59,41
2026-06-29 11:00:00,63,27,106.0,8,56,41
2026-06-29 12:00:00,62,24,100.6,8,59,40
2026-06-29 13:00:00,61,28,104.2,8,59,41
2026-06-29 14:00:00,66,24,106.1,9,59,41
2026-06-29 15:00:00,62,21,105.3,9,56,41
2026-06-29 16:00:00,61,27,107.6,8,57,42
2026-06-29 17:00:00,61,30,105.3,10,61,37
2026-06-29 18:00:00,57,27,96.9,7,58,37
2026-06-29 19:00:00,57,22,101.6,8,58,40
2026-06-29 20:00:00,57,26,107.7,8,58,40
2026-06-29 21:00:00,53,16,97.0,8,51,34
2026-06-29 22:00:00,47,9,88.1,6,47,34
2026-06-29 23:00:00,42,7,85.8,5,48,29
2026-06-30 00:00:00,46,9,90.4,6,52,30
2026-06-30 01:00:00,48,15,92.0,6,53,37
2026-06-30 02:00:00,42,10,89.9,4,46,34
2026-06-30 03:00:00,46,14,86.3,6,51,31
2026-06-30 04:00:00,51,19,93.8,7,52,36
2026-06-30 05:00:00,44,10,88.4,5,48,32
2026-06-30 06:00:00,49,18,95.3,7,50,37
2026-06-30 07:00:00,56,20,96.5,8,56,43
2026-06-30 08:00:00,53,17,94.1,6,55,34
2026-06-30 09:00:00,56,27,98.6,8,54,36
2026-06-30 10:00:00,57,23,98.1,7,56,35
2026-06-30 11:00:00,61,24,104.8,8,55,42
2026-06-30 12:00:00,62,34,107.4,9,56,40
2026-06-30 13:00:00,64,30,110.6,10,57,41
2026-06-30 14:00:00,63,31,103.8,9,60,39
2026-06-30 15:00:00,64,32,107.3,8,59,40
2026-06-30 16:00:00,62,25,106.0,9,58,39
2026-06-30 17:00:00,60,30,105.5,9,57,39
2026-06-30 18:00:00,55,22,95.2,7,57,38
2026-06-30 19:00:00,56,20,102.2,7,55,40
2026-06-30 20:00:00,53,19,96.4,6,56,36
2026-06-30 21:00:00,50,16,98.6,5,51,39
2026-06-30 22:00:00,52,19,94.8,9,54,37
2026-06-30 23:00:00,51,15,97.1,5,52,35
2026-07-01 00:00:00,46,11,87.5,5,47,34
2026-07-01 01:00:00,46,15,89.5,6,54,35
2026-07-01 02:00:00,42,11,87.7,4,52,33
2026-07-01 03:00:00,45,11,82.9,5,49,30
2026-07-01 04:00:00,47,13,84.2,6,50,29
2026-07-01 05:00:00,48,16,89.9,7,53,33
2026-07-01 06:00:00,49,17,89.0,7,52,30
2026-07-01 07:00:00,53,17,88.5,8,55,33
2026-07-01 08:00:00,55,23,100.7,8,56,38
2026-07-01 09:00:00,62,21,100.4,8,58,40
2026-07-01 10:00:00,58,22,99.0,8,55,36
2026-07-01 11:00:00,51,21,95.8,8,52,36
2026-07-01 12:00:00,59,30,105.4,9,60,42
2026-07-01 13:00:00,63,28,106.5,8,62,38
2026-07-01 14:00:00,60,29,104.9,9,59,41
2026-07-01 15:00:00,61,31,107.1,9,61,37
2026-07-01 16:00:00,57,25,99.5,7,55,36
2026-07-01 17:00:00,57,21,97.1,8,57,35
2026-07-01 18:00:00,58,24,94.4,9,56,35
2026-07-01 19:00:00,57,23,102.1,9,56,37
2026-07-01 20:00:00,51,19,92.6,6,53,35
2026-07-01 21:00:00,55,23,104.7,6,55,39
2026-07-01 22:00:00,44,7,88.4,6,43,31
2026-07-01 23:00:00,50,18,96.7,7,50,33
2026-07-02 00:00:00,48,16,93.9,7,48,36
2026-07-02 01:00:00,44,14,89.9,6,48,35
2026-07-02 02:00:00,40,3,83.6,5,44,31
2026-07-02 03:00:00,48,17,93.7,6,48,29
2026-07-02 04:00:00,44,9,87.5,6,47,31
2026-07-02 05:00:00,47,13,88.0,5,50,31
2026-07-02 06:00:00,51,15,90.0,7,59,33
2026-07-02 07:00:00,53,19,97.5,7,54,39
2026-07-02 08:00:00,52,22,100.4,7,53,39
2026-07-02 09:00:00,56,25,100.2,9,53,39
2026-07-02 10:00:00,56,27,101.4,8,54,40
2026-07-02 11:00:00,62,27,100.5,11,60,38
2026-07-02 12:00:00,65,28,105.8,9,63,40
2026-07-02 13:00:00,58,24,97.6,9,55,37
2026-07-02 14:00:00,61,25,100.1,9,58,37
2026-07-02 15:00:00,65,31,108.2,10,65,40
2026-07-02 16:00:00,62,30,105.3,9,63,42
2026-07-02 17:00:00,62,28,107.2,10,59,42
2026-07-02 18:00:00,57,22,102.3,9,54,34
2026-07-02 19:00:00,54,25,96.3,8,53,36
2026-07-02 20:00:00,53,16,89.1,6,49,36
2026-07-02 21:00:00,55,22,95.7,9,55,38
2026-07-02 22:00:00,50,15,90.7,7,56,34
2026-07-02 23:00:00,53,20,98.5,7,53,40
2026-07-03 00:00:00,41,8,85.9,5,47,31
2026-07-03 01:00:00,48,18,92.7,6,52,34
2026-07-03 02:00:00,43,11,89.2,6,49,29
2026-07-03 03:00:00,43,11,94.5,6,47,35
2026-07-03 04:00:00,50,14,92.0,6,52,38
2026-07-03 05:00:00,46,12,88.7,6,51,33
2026-07-03 06:00:00,49,16,89.5,6,53,34
2026-07-03 07:00:00,52,15,94.9,6,53,35
2026-07-03 08:00:00,48,18,95.4,7,50,36
2026-07-03 09:00:00,60,24,100.6,8,57,37
2026-07-03 10:00:00,62,21,101.2,9,58,42
2026-07-03 11:00:00,61,23,101.1,8,60,41
2026-07-03 12:00:00,60,22,98.6,9,58,39
2026-07-03 13:00:00,61,26,103.8,9,56,42
2026-07-03 14:00:00,60,33,106.2,9,59,40
2026-07-03 15:00:00,64,25,105.0,8,60,39
2026-07-03 16:00:00,62,24,109.5,9,59,42
2026-07-03 17:00:00,61,26,104.9,7,59,42
2026-07-03 18:00:00,58,23,97.4,8,58,36
2026-07-03 19:00:00,59,30,105.5,9,55,39
2026-07-03 20:00:00,52,19,94.7,7,52,36
2026-07-03 21:00:00,58,19,98.4,7,58,33
2026-07-03 22:00:00,50,19,93.5,7,51,33
2026-07-03 23:00:00,48,18,91.2,6,52,33
2026-07-04 00:00:00,49,14,92.8,7,40,37
2026-07-04 01:00:00,45,12,95.0,5,41,36
2026-07-04 02:00:00,47,19,91.3,6,43,32
2026-07-04 03:00:00,49,12,91.3,6,40,35
2026-07-04 04:00:00,48,12,90.8,7,42,34
2026-07-04 05:00:00,49,12,89.5,6,42,33
2026-07-04 06:00:00,44,10,86.0,5,40,31
2026-07-04 07:00:00,53,21,99.9,7,43,42
2026-07-04 08:00:00,49,12,89.3,8,38,30
2026-07-04 09:00:00,55,22,95.5,8,46,35
2026-07-04 10:00:00,58,23,106.2,9,44,41
2026-07-04 11:00:00,62,33,103.1,8,47,37
2026-07-04 12:00:00,61,21,104.2,8,46,38
2026-07-04 13:00:00,63,25,103.7,8,45,37
2026-07-04 14:00:00,64,28,102.5,9,46,40
2026-07-04 15:00:00,58,27,101.0,8,44,39
2026-07-04 16:00:00,66,25,106.0,10,46,38
2026-07-04 17:00:00,59,25,97.5,9,44,40
2026-07-04 18:00:00,60,20,101.8,7,45,37
2026-07-04 19:00:00,50,23,96.5,7,43,37
2026-07-04 20:00:00,51,12,91.0,7,40,32
2026-07-04 21:00:00,48,18,93.7,7,41,36
2026-07-04 22:00:00,47,14,90.9,7,36,35
2026-07-04 23:00:00,49,18,96.9,7,42,34
2026-07-05 00:00:00,47,19,89.3,8,41,34
2026-07-05 01:00:00,49,11,89.6,6,43,34
2026-07-05 02:00:00,51,17,97.2,6,43,36
2026-07-05 03:00:00,43,11,88.4,5,40,34
2026-07-05 04:00:00,44,10,80.3,5,38,28
2026-07-05 05:00:00,47,20,87.6,6,38,35
2026-07-05 06:00:00,53,18,95.6,8,43,37
2026-07-05 07:00:00,52,18,99.9,8,40,35
2026-07-05 08:00:00,54,22,96.9,8,44,38
2026-07-05 09:00:00,57,23,101.9,9,46,38
2026-07-05 10:00:00,57,24,100.5,8,45,37
2026-07-05 11:00:00,56,21,100.5,8,43,39
2026-07-05 12:00:00,61,26,106.7,7,49,42
2026-07-05 13:00:00,62,30,108.3,10,47,36
2026-07-05 14:00:00,63,28,108.1,8,49,41
2026-07-05 15:00:00,58,31,101.9,9,49,38
2026-07-05 16:00:00,62,28,104.5,10,49,39
2026-07-05 17:00:00,57,23,101.4,8,46,39
2026-07-05 18:00:00,57,19,100.2,8,47,40
2026-07-05 19:00:00,58,22,101.9,8,45,36
2026-07-05 20:00:00,52,18,89.7,7,44,32
2026-07-05 21:00:00,55,19,100.9,9,44,36
2026-07-05 22:00:00,44,13,83.5,6,38,32
2026-07-05 23:00:00,51,12,90.2,7,42,33
2026-07-06 00:00:00,51,17,94.3,5,50,37
2026-07-06 01:00:00,44,13,87.7,6,49,34
2026-07-06 02:00:00,42,10,90.2,5,48,33
2026-07-06 03:00:00,42,12,83.1,5,50,31
2026-07-06 04:00:00,50,18,92.7,7,55,34
2026-07-06 05:00:00,47,15,85.2,5,49,36
2026-07-06 06:00:00,49,18,93.6,7,53,33
2026-07-06 07:00:00,48,15,90.9,6,52,31
2026-07-06 08:00:00,59,24,98.0,9,60,32
2026-07-06 09:00:00,56,30,105.6,8,58,40
2026-07-06 10:00:00,57,21,102.7,9,58,39
2026-07-06 11:00:00,59,22,101.0,8,57,36
2026-07-06 12:00:00,60,28,107.0,8,55,39
2026-07-06 13:00:00,61,31,105.1,8,57,42
2026-07-06 14:00:00,61,28,106.4,8,59,42
2026-07-06 15:00:00,62,24,106.3,9,56,40
2026-07-06 16:00:00,60,27,99.9,9,57,37
2026-07-06 17:00:00,64,28,107.7,7,59,40
2026-07-06 18:00:00,55,23,99.4,7,55,38
2026-07-06 19:00:00,58,24,98.2,8,57,38
2026-07-06 20:00:00,50,24,92.3,9,54,36
2026-07-06 21:00:00,50,19,95.4,8,54,37
2026-07-06 22:00:00,47,16,90.5,6,49,32
2026-07-06 23:00:00,46,17,86.4,6,50,32
2026-07-07 00:00:00,46,10,90.4,5,51,35
2026-07-07 01:00:00,44,9,89.8,3,47,32
2026-07-07 02:00:00,39,11,81.0,5,49,30
2026-07-07 03:00:00,50,11,91.3,7,52,33
2026-07-07 04:00:00,46,10,93.1,6,47,33
2026-07-07 05:00:00,50,21,91.7,6,54,32
2026-07-07 06:00:00,55,24,104.1,8,56,36
2026-07-07 07:00:00,54,17,94.7,8,57,35
2026-07-07 08:00:00,53,20,96.3,6,56,35
2026-07-07 09:00:00,51,21,91.2,7,50,36
2026-07-07 10:00:00,60,28,99.8,8,57,36
2026-07-07 11:00:00,58,30,101.5,9,58,38
2026-07-07 12:00:00,62,21,105.3,8,58,40
2026-07-07 13:00:00,60,29,111.4,11,56,40
2026-07-07 14:00:00,59,23,109.6,8,57,40
2026-07-07 15:00:00,60,34,105.4,9,58,34
2026-07-07 16:00:00,58,28,101.6,8,55,40
2026-07-07 17:00:00,58,23,97.9,7,56,38
2026-07-07 18:00:00,57,23,103.5,8,55,44
2026-07-07 19:00:00,54,21,95.5,6,58,36
2026-07-07 20:00:00,59,22,100.4,9,59,39
2026-07-07 21:00:00,54,22,99.1,8,55,39
2026-07-07 22:00:00,48,12,92.0,6,48,35
2026-07-07 23:00:00,43,21,88.2,6,53,30
2026-07-08 00:00:00,50,19,93.8,8,49,39
2026-07-08 01:00:00,52,9,90.4,7,50,34
2026-07-08 02:00:00,45,12,86.0,4,47,31
2026-07-08 03:00:00,45,18,87.8,6,49,33
2026-07-08 04:00:00,48,17,87.9,7,55,36
2026-07-08 05:00:00,44,13,89.2,4,51,35
2026-07-08 06:00:00,51,19,94.3,7,54,37
2026-07-08 07:00:00,58,28,99.3,8,57,37
2026-07-08 08:00:00,52,20,92.3,8,52,38
2026-07-08 09:00:00,54,20,93.0,7,56,35
2026-07-08 10:00:00,58,25,99.3,8,59,35
2026-07-08 11:00:00,58,27,105.6,9,59,40
2026-07-08 12:00:00,56,25,98.4,7,57,37
2026-07-08 13:00:00,61,29,106.6,9,61,38
2026-07-08 14:00:00,59,24,106.4,8,57,39
2026-07-08 15:00:00,64,25,106.2,9,55,39
2026-07-08 16:00:00,64,30,104.9,8,62,43
2026-07-08 17:00:00,61,20,101.3,7,55,38
2026-07-08 18:00:00,61,27,103.8,8,58,41
2026-07-08 19:00:00,54,15,100.7,5,57,39
2026-07-08 20:00:00,50,14,87.0,6,52,35
2026-07-08 21:00:00,54,16,99.3,7,57,39
2026-07-08 22:00:00,51,17,88.6,7,53,34
2026-07-08 23:00:00,46,19,93.9,7,49,30
2026-07-09 00:00:00,44,13,87.2,5,49,29
2026-07-09 01:00:00,42,11,91.9,5,47,32
2026-07-09 02:00:00,41,14,88.4,5,50,31
2026-07-09 03:00:00,46,9,89.7,5,49,32
2026-07-09 04:00:00,44,14,85.2,5,51,32
2026-07-09 05:00:00,45,10,93.0,6,50,35
2026-07-09 06:00:00,50,16,101.4,6,48,34
2026-07-09 07:00:00,51,17,100.2,7,51,39
2026-07-09 08:00:00,51,17,91.2,7,53,35
2026-07-09 09:00:00,60,23,101.2,9,56,38
2026-07-09 10:00:00,54,25,95.2,7,55,36
2026-07-09 11:00:00,57,30,100.6,8,58,40
2026-07-09 12:00:00,60,21,102.5,8,59,39
2026-07-09 13:00:00,60,27,105.7,7,58,41
2026-07-09 14:00:00,59,25,104.1,8,58,37
2026-07-09 15:00:00,60,31,99.4,9,59,38
2026-07-09 16:00:00,62,30,105.7,10,58,39
2026-07-09 17:00:00,60,27,105.5,9,59,39
2026-07-09 18:00:00,57,22,102.6,8,57,38
2026-07-09 19:00:00,55,25,100.9,9,56,38
2026-07-09 20:00:00,50,15,94.2,6,52,36
2026-07-09 21:00:00,49,12,90.5,5,53,35
2026-07-09 22:00:00,51,12,92.8,6,50,30
2026-07-09 23:00:00,52,14,101.3,6,51,38
2026-07-10 00:00:00,50,15,96.5,6,52,37
2026-07-10 01:00:00,44,3,85.9,5,50,30
2026-07-10 02:00:00,49,17,94.9,5,49,37
2026-07-10 03:00:00,43,13,87.5,5,51,34
2026-07-10 04:00:00,43,8,85.9,4,51,32
2026-07-10 05:00:00,49,15,95.0,6,52,35
2026-07-10 06:00:00,50,20,92.8,6,51,35
2026-07-10 07:00:00,53,20,96.0,8,51,34
2026-07-10 08:00:00,57,24,96.4,8,60,36
2026-07-10 09:00:00,56,17,100.1,6,53,38
2026-07-10 10:00:00,55,23,101.6,8,54,41
2026-07-10 11:00:00,59,22,102.7,8,53,40
2026-07-10 12:00:00,60,33,104.9,8,55,36
2026-07-10 13:00:00,60,30,104.5,9,60,37
2026-07-10 14:00:00,60,38,108.0,11,58,39
2026-07-10 15:00:00,61,26,107.3,8,60,41
2026-07-10 16:00:00,56,24,102.8,6,55,39
2026-07-10 17:00:00,60,25,98.7,9,60,43
2026-07-10 18:00:00,62,29,103.1,10,58,41
2026-07-10 19:00:00,57,21,100.4,7,58,39
2026-07-10 20:00:00,54,20,93.1,7,52,36
2026-07-10 21:00:00,55,18,100.2,7,53,38
2026-07-10 22:00:00,50,16,92.5,5,50,37
2026-07-10 23:00:00,45,12,90.6,7,48,33
2026-07-11 00:00:00,47,13,89.8,6,38,31
2026-07-11 01:00:00,50,12,91.5,6,40,35
2026-07-11 02:00:00,43,12,83.6,6,37,33
2026-07-11 03:00:00,43,16,86.8,6,43,32
2026-07-11 04:00:00,50,19,93.7,6,42,34
2026-07-11 05:00:00,46,11,88.7,5,39,38
2026-07-11 06:00:00,48,15,93.3,5,42,32
2026-07-11 07:00:00,48,15,89.2,7,40,33
2026-07-11 08:00:00,49,21,93.9,8,42,36
2026-07-11 09:00:00,52,20,100.1,8,44,37
2026-07-11 10:00:00,62,25,106.5,8,48,40
2026-07-11 11:00:00,60,30,105.0,9,47,39
2026-07-11 12:00:00,53,18,91.6,8,43,36
2026-07-11 13:00:00,65,29,103.4,9,49,40
2026-07-11 14:00:00,64,26,108.1,8,48,42
2026-07-11 15:00:00,65,29,109.8,9,49,40
2026-07-11 16:00:00,59,24,95.7,9,46,37
2026-07-11 17:00:00,60,30,106.5,7,45,37
2026-07-11 18:00:00,59,27,101.2,9,47,39
2026-07-11 19:00:00,60,24,101.1,7,44,44
2026-07-11 20:00:00,53,23,100.1,6,44,38
2026-07-11 21:00:00,49,15,94.3,6,42,35
2026-07-11 22:00:00,51,14,92.4,6,39,36
2026-07-11 23:00:00,52,17,96.5,5,41,36
2026-07-12 00:00:00,46,10,87.2,6,42,36
2026-07-12 01:00:00,49,17,90.4,6,40,36
2026-07-12 02:00:00,45,11,92.0,4,41,34
2026-07-12 03:00:00,46,14,93.5,5,38,33
2026-07-12 04:00:00,46,20,90.4,7,39,34
2026-07-12 05:00:00,44,12,86.3,6,41,32
2026-07-12 06:00:00,48,16,94.6,4,43,36
2026-07-12 07:00:00,50,22,93.0,6,42,37
2026-07-12 08:00:00,55,23,101.5,8,45,42
2026-07-12 09:00:00,58,21,97.2,8,47,36
2026-07-12 10:00:00,58,22,99.4,8,45,35
2026-07-12 11:00:00,57,25,103.6,8,45,37
2026-07-12 12:00:00,64,32,105.1,9,48,39
2026-07-12 13:00:00,62,27,102.9,9,46,41
2026-07-12 14:00:00,63,28,107.1,9,45,37
2026-07-12 15:00:00,60,26,97.7,8,45,38
2026-07-12 16:00:00,64,29,107.3,8,50,38
2026-07-12 17:00:00,62,26,108.2,9,50,41
2026-07-12 18:00:00,56,20,101.3,6,43,37
2026-07-12 19:00:00,57,19,98.2,7,45,34
2026-07-12 20:00:00,54,13,95.0,7,42,37
2026-07-12 21:00:00,49,15,96.9,6,44,34
2026-07-12 22:00:00,50,19,98.2,8,42,37
2026-07-12 23:00:00,49,19,93.4,6,41,39
2026-07-13 00:00:00,44,15,87.4,5,50,30
2026-07-13 01:00:00,47,14,93.3,7,48,36
2026-07-13 02:00:00,48,12,93.5,6,51,33
2026-07-13 03:00:00,46,15,94.3,6,50,32
2026-07-13 04:00:00,48,14,92.6,6,50,38
2026-07-13 05:00:00,53,21,95.6,7,53,36
2026-07-13 06:00:00,48,16,86.9,6,50,33
2026-07-13 07:00:00,54,23,103.6,8,55,36
2026-07-13 08:00:00,53,23,102.4,7,55,37
2026-07-13 09:00:00,55,25,97.0,7,55,36
2026-07-13 10:00:00,57,17,98.3,8,56,37
2026-07-13 11:00:00,61,29,104.1,7,58,41
2026-07-13 12:00:00,62,26,104.8,10,58,41
2026-07-13 13:00:00,61,26,102.8,7,57,38
2026-07-13 14:00:00,62,23,105.1,8,60,38
2026-07-13 15:00:00,66,28,104.0,9,65,39
2026-07-13 16:00:00,63,27,104.5,9,54,39
2026-07-13 17:00:00,59,21,103.4,9,56,38
2026-07-13 18:00:00,58,19,93.1,8,55,35
2026-07-13 19:00:00,55,24,100.3,7,56,40
2026-07-13 20:00:00,54,23,96.6,7,60,35
2026-07-13 21:00:00,53,19,100.7,6,54,36
2026-07-13 22:00:00,51,20,96.0,6,52,37
2026-07-13 23:00:00,50,14,89.8,6,53,32
2026-07-14 00:00:00,50,13,96.1,7,53,35
2026-07-14 01:00:00,44,9,87.2,5,48,30
2026-07-14 02:00:00,39,7,82.9,5,46,31
2026-07-14 03:00:00,53,19,98.4,7,54,36
2026-07-14 04:00:00,46,17,89.0,5,54,31
2026-07-14 05:00:00,47,9,93.1,6,50,33
2026-07-14 06:00:00,51,17,96.0,7,54,35
2026-07-14 07:00:00,55,18,94.9,9,53,40
2026-07-14 08:00:00,58,19,98.0,8,57,36
2026-07-14 09:00:00,54,21,93.8,9,54,39
2026-07-14 10:00:00,61,25,104.5,9,57,40
2026-07-14 11:00:00,61,29,103.9,9,57,37
2026-07-14 12:00:00,68,28,110.0,10,62,42
2026-07-14 13:00:00,64,27,101.2,8,59,39
2026-07-14 14:00:00,61,27,102.8,7,56,41
2026-07-14 15:00:00,60,31,102.2,8,57,38
2026-07-14 16:00:00,55,29,102.0,9,56,40
2026-07-14 17:00:00,61,26,102.0,8,58,41
2026-07-14 18:00:00,60,24,103.9,9,59,37
2026-07-14 19:00:00,58,23,99.2,9,57,35
2026-07-14 20:00:00,47,18,97.0,5,49,32
2026-07-14 21:00:00,49,21,94.4,8,54,37
2026-07-14 22:00:00,50,12,94.3,5,50,33
2026-07-14 23:00:00,52,13,92.9,6,55,37
2026-07-15 00:00:00,47,15,93.6,5,53,37
2026-07-15 01:00:00,47,8,86.3,6,49,37
2026-07-15 02:00:00,41,6,83.9,5,46,32
2026-07-15 03:00:00,46,12,88.0,7,48,34
2026-07-15 04:00:00,44,7,91.8,6,46,34
2026-07-15 05:00:00,49,10,87.0,7,54,30
2026-07-15 06:00:00,49,19,99.5,7,51,34
2026-07-15 07:00:00,55,17,93.0,8,54,34
2026-07-15 08:00:00,54,24,100.9,7,60,39
2026-07-15 09:00:00,52,18,93.1,7,56,34
2026-07-15 10:00:00,55,24,99.8,8,57,36
2026-07-15 11:00:00,58,27,101.8,7,58,42
2026-07-15 12:00:00,61,23,99.8,9,59,37
2026-07-15 13:00:00,61,31,105.9,9,54,38
2026-07-15 14:00:00,60,30,103.4,9,58,41
2026-07-15 15:00:00,62,22,104.9,7,57,42
2026-07-15 16:00:00,53,27,95.6,7,52,38
2026-07-15 17:00:00,59,27,104.0,9,54,38
2026-07-15 18:00:00,54,22,100.2,8,54,36
2026-07-15 19:00:00,52,17,94.5,8,50,38
2026-07-15 20:00:00,54,21,93.8,7,54,35
2026-07-15 21:00:00,53,26,103.7,8,54,39
2026-07-15 22:00:00,48,15,93.0,6,55,38
2026-07-15 23:00:00,52,20,93.8,8,55,34
2026-07-16 00:00:00,46,10,89.8,6,51,32
2026-07-16 01:00:00,50,13,87.3,6,50,32
2026-07-16 02:00:00,48,15,94.8,4,54,36
2026-07-16 03:00:00,43,12,93.7,6,50,32
2026-07-16 04:00:00,51,12,94.8,5,52,33
2026-07-16 05:00:00,49,17,89.9,7,49,33
2026-07-16 06:00:00,56,23,93.4,8,56,37
2026-07-16 07:00:00,51,19,98.9,5,52,38
2026-07-16 08:00:00,54,18,95.9,7,53,35
2026-07-16 09:00:00,57,21,98.1,8,56,38
2026-07-16 10:00:00,60,33,108.8,9,58,38
2026-07-16 11:00:00,63,26,103.2,8,59,39
2026-07-16 12:00:00,65,25,108.2,9,57,41
2026-07-16 13:00:00,55,24,98.9,7,52,40
2026-07-16 14:00:00,62,22,103.7,9,61,40
2026-07-16 15:00:00,60,29,108.8,9,56,37
2026-07-16 16:00:00,55,29,99.4,8,54,35
2026-07-16 17:00:00,60,24,101.0,9,56,39
2026-07-16 18:00:00,59,24,101.1,7,59,34
2026-07-16 19:00:00,56,18,94.3,7,54,36
2026-07-16 20:00:00,55,20,100.5,8,54,37
2026-07-16 21:00:00,54,20,99.5,8,53,37
2026-07-16 22:00:00,47,14,90.8,5,53,32
2026-07-16 23:00:00,50,20,91.9,6,49,36
2026-07-17 00:00:00,47,10,81.1,5,51,30
2026-07-17 01:00:00,49,13,89.2,6,55,34
2026-07-17 02:00:00,46,15,89.6,6,50,34
2026-07-17 03:00:00,45,12,82.8,7,48,29
2026-07-17 04:00:00,46,12,96.8,7,46,36
2026-07-17 05:00:00,43,9,87.7,7,49,31
2026-07-17 06:00:00,53,21,98.2,9,56,37
2026-07-17 07:00:00,48,17,91.6,5,54,32
2026-07-17 08:00:00,55,22,100.7,7,58,37
2026-07-17 09:00:00,57,24,99.4,7,58,38
2026-07-17 10:00:00,53,22,96.7,7,51,37
2026-07-17 11:00:00,55,25,104.0,9,58,37
2026-07-17 12:00:00,60,32,108.3,9,57,41
2026-07-17 13:00:00,60,24,102.0,7,56,39
2026-07-17 14:00:00,68,35,117.4,12,63,42
2026-07-17 15:00:00,61,25,102.9,7,58,36
2026-07-17 16:00:00,61,23,101.1,8,56,40
2026-07-17 17:00:00,63,26,105.3,9,59,38
2026-07-17 18:00:00,63,32,107.7,8,54,41
2026-07-17 19:00:00,54,15,91.8,7,55,34
2026-07-17 20:00:00,52,20,96.9,7,52,35
2026-07-17 21:00:00,53,20,102.8,8,58,41
2026-07-17 22:00:00,48,16,94.6,7,51,33
2026-07-17 23:00:00,53,16,96.7,5,56,35
2026-07-18 00:00:00,48,11,91.3,5,42,35
2026-07-18 01:00:00,46,10,85.2,6,41,32
2026-07-18 02:00:00,46,11,86.3,6,41,33
2026-07-18 03:00:00,45,8,87.6,5,40,33
2026-07-18 04:00:00,45,13,87.8,5,41,31
2026-07-18 05:00:00,49,13,86.8,6,42,31
2026-07-18 06:00:00,48,14,90.4,5,41,37
2026-07-18 07:00:00,57,19,99.8,9,43,35
2026-07-18 08:00:00,50,14,94.1,6,41,31
2026-07-18 09:00:00,57,21,96.9,8,44,35
2026-07-18 10:00:00,58,32,103.8,10,46,41
2026-07-18 11:00:00,56,22,100.5,8,46,34
2026-07-18 12:00:00,58,31,99.6,9,46,36
2026-07-18 13:00:00,63,28,103.2,8,49,41
2026-07-18 14:00:00,60,26,103.0,8,46,36
2026-07-18 15:00:00,63,23,101.3,8,50,39
2026-07-18 16:00:00,62,27,103.9,10,47,39
2026-07-18 17:00:00,61,31,113.0,8,47,42
2026-07-18 18:00:00,54,23,93.4,7,43,36
2026-07-18 19:00:00,57,22,104.0,7,47,36
2026-07-18 20:00:00,53,24,98.7,8,45,39
2026-07-18 21:00:00,48,19,89.4,7,44,31
2026-07-18 22:00:00,49,10,92.6,4,43,34
2026-07-18 23:00:00,45,15,89.3,6,40,32
2026-07-19 00:00:00,43,18,92.8,6,38,35
2026-07-19 01:00:00,49,12,93.0,7,41,31
2026-07-19 02:00:00,41,3,83.6,4,39,34
2026-07-19 03:00:00,42,14,85.9,5,39,31
2026-07-19 04:00:00,44,12,91.3,6,39,35
2026-07-19 05:00:00,44,8,85.3,5,39,29
2026-07-19 06:00:00,51,10,87.3,7,43,32
2026-07-19 07:00:00,48,21,88.2,8,41,29
2026-07-19 08:00:00,50,17,89.6,7,43,35
2026-07-19 09:00:00,57,19,101.3,8,46,36
2026-07-19 10:00:00,57,24,99.0,8,46,35
2026-07-19 11:00:00,59,23,99.5,8,45,39
2026-07-19 12:00:00,60,27,102.0,9,46,32
2026-07-19 13:00:00,66,27,110.1,10,46,41
2026-07-19 14:00:00,57,24,102.6,6,44,42
2026-07-19 15:00:00,62,26,104.7,8,44,38
2026-07-19 16:00:00,65,28,105.4,9,50,38
2026-07-19 17:00:00,59,26,100.9,8,44,40
2026-07-19 18:00:00,56,24,99.1,8,43,35
2026-07-19 19:00:00,60,29,101.1,8,46,41
2026-07-19 20:00:00,57,23,99.5,9,44,40
2026-07-19 21:00:00,50,21,92.2,7,46,36
2026-07-19 22:00:00,53,15,95.9,6,45,34
2026-07-19 23:00:00,48,15,93.0,7,41,34
2026-07-20 00:00:00,47,12,93.2,6,54,34
2026-07-20 01:00:00,50,15,93.6,6,53,35
2026-07-20 02:00:00,47,12,90.4,5,50,34
2026-07-20 03:00:00,46,13,86.9,6,48,31
2026-07-20 04:00:00,45,14,88.8,6,49,32
2026-07-20 05:00:00,55,14,92.4,6,58,36
2026-07-20 06:00:00,50,26,91.8,7,55,39
2026-07-20 07:00:00,52,16,93.2,7,52,33
2026-07-20 08:00:00,54,18,94.9,6,54,37
2026-07-20 09:00:00,58,24,103.0,8,57,40
2026-07-20 10:00:00,62,22,100.4,10,58,39
2026-07-20 11:00:00,59,25,110.6,8,52,42
2026-07-20 12:00:00,59,23,100.3,9,59,37
2026-07-20 13:00:00,66,29,107.9,9,64,41
2026-07-20 14:00:00,62,30,104.0,9,60,39
2026-07-20 15:00:00,63,27,107.9,10,60,42
2026-07-20 16:00:00,62,29,104.9,10,57,41
2026-07-20 17:00:00,60,19,97.7,7,56,32
2026-07-20 18:00:00,59,22,95.3,7,57,37
2026-07-20 19:00:00,55,21,99.7,6,55,38
2026-07-20 20:00:00,48,16,93.6,6,51,37
2026-07-20 21:00:00,46,12,89.8,7,52,33
2026-07-20 22:00:00,45,15,88.6,6,50,32
2026-07-20 23:00:00,48,17,91.3,7,53,36
2026-07-21 00:00:00,42,18,90.7,5,48,32
2026-07-21 01:00:00,45,10,87.4,5,51,29
2026-07-21 02:00:00,46,15,93.6,6,49,36
2026-07-21 03:00:00,48,15,91.2,7,51,37
2026-07-21 04:00:00,49,17,92.5,6,53,34
2026-07-21 05:00:00,50,13,93.0,7,51,33
2026-07-21 06:00:00,49,10,94.3,6,51,37
2026-07-21 07:00:00,51,18,97.9,7,54,37
2026-07-21 08:00:00,52,16,94.6,7,55,35
2026-07-21 09:00:00,53,20,95.1,8,54,36
2026-07-21 10:00:00,58,23,97.1,6,56,35
2026-07-21 11:00:00,55,24,101.5,8,56,39
2026-07-21 12:00:00,64,27,100.5,10,63,35
2026-07-21 13:00:00,60,30,109.6,11,59,39
2026-07-21 14:00:00,62,27,107.1,9,62,40
2026-07-21 15:00:00,63,29,103.7,7,60,40
2026-07-21 16:00:00,64,27,109.5,10,60,41
2026-07-21 17:00:00,56,29,103.3,7,52,41
2026-07-21 18:00:00,57,23,101.4,8,56,38
2026-07-21 19:00:00,57,22,98.9,8,58,36
2026-07-21 20:00:00,58,19,100.6,8,56,38
2026-07-21 21:00:00,51,17,90.1,5,53,35
2026-07-21 22:00:00,47,13,90.5,6,51,34
2026-07-21 23:00:00,52,11,90.7,5,56,34
2026-07-22 00:00:00,49,16,91.7,7,51,37
2026-07-22 01:00:00,48,8,87.1,5,52,31
2026-07-22 02:00:00,42,11,84.2,4,52,34
2026-07-22 03:00:00,48,16,95.6,7,53,33
2026-07-22 04:00:00,43,12,83.1,5,47,28
2026-07-22 05:00:00,45,17,91.7,6,52,32
2026-07-22 06:00:00,50,14,89.2,6,53,36
2026-07-22 07:00:00,52,14,97.8,7,56,35
2026-07-22 08:00:00,51,14,94.4,7,52,35
2026-07-22 09:00:00,61,27,99.5,9,54,35
2026-07-22 10:00:00,56,20,99.2,7,53,36
2026-07-22 11:00:00,59,28,101.5,8,57,38
2026-07-22 12:00:00,60,23,102.7,7,57,40
2026-07-22 13:00:00,62,32,102.8,9,61,40
2026-07-22 14:00:00,67,36,114.9,10,62,42
2026-07-22 15:00:00,57,22,93.9,9,55,33
2026-07-22 16:00:00,58,23,98.2,8,55,37
2026-07-22 17:00:00,57,28,98.9,9,57,41
2026-07-22 18:00:00,63,26,106.1,9,59,41
2026-07-22 19:00:00,56,25,98.4,8,56,35
2026-07-22 20:00:00,51,18,94.0,5,54,32
2026-07-22 21:00:00,53,25,96.0,7,55,34
2026-07-22 22:00:00,52,16,90.3,7,50,33
2026-07-22 23:00:00,48,10,89.2,7,48,36
2026-07-23 00:00:00,45,12,84.5,5,49,26
2026-07-23 01:00:00,43,8,80.6,4,48,31
2026-07-23 02:00:00,43,18,91.2,6,53,32
2026-07-23 03:00:00,45,10,84.2,5,48,33
2026-07-23 04:00:00,50,15,97.1,7,53,37
2026-07-23 05:00:00,46,13,93.5,6,53,39
2026-07-23 06:00:00,50,14,95.3,8,54,36
2026-07-23 07:00:00,48,11,86.8,7,53,36
2026-07-23 08:00:00,51,22,102.5,7,57,36
2026-07-23 09:00:00,59,27,95.4,9,58,36
2026-07-23 10:00:00,63,21,100.4,10,60,34
2026-07-23 11:00:00,59,20,103.1,8,57,39
2026-07-23 12:00:00,60,30,107.0,9,62,40
2026-07-23 13:00:00,59,22,98.9,8,57,38
2026-07-23 14:00:00,68,32,108.0,10,60,41
2026-07-23 15:00:00,61,25,102.9,8,56,42
2026-07-23 16:00:00,58,23,100.3,9,55,37
2026-07-23 17:00:00,60,27,101.6,8,54,40
2026-07-23 18:00:00,57,20,104.3,9,59,42
2026-07-23 19:00:00,56,20,96.3,9,58,40
2026-07-23 20:00:00,58,21,104.4,8,58,40
2026-07-23 21:00:00,52,9,93.5,6,52,35
2026-07-23 22:00:00,52,22,99.2,7,52,38
2026-07-23 23:00:00,48,14,86.6,6,50,36
2026-07-24 00:00:00,46,9,91.1,7,51,34
2026-07-24 01:00:00,43,9,89.1,5,48,33
2026-07-24 02:00:00,49,15,90.1,8,52,32
2026-07-24 03:00:00,46,14,92.3,7,48,33
2026-07-24 04:00:00,49,18,88.7,7,50,34
2026-07-24 05:00:00,51,12,91.2,7,51,33
2026-07-24 06:00:00,51,17,97.7,6,55,37
2026-07-24 07:00:00,52,19,95.4,7,54,35
2026-07-24 08:00:00,53,22,96.5,9,53,35
2026-07-24 09:00:00,57,26,105.1,9,56,38
2026-07-24 10:00:00,54,21,91.9,8,57,40
2026-07-24 11:00:00,61,25,102.7,8,59,40
2026-07-24 12:00:00,55,25,99.1,8,53,34
2026-07-24 13:00:00,64,28,103.8,9,60,45
2026-07-24 14:00:00,64,30,111.6,9,60,42
2026-07-24 15:00:00,60,22,99.1,9,59,36
2026-07-24 16:00:00,60,31,102.4,10,56,38
2026-07-24 17:00:00,58,22,93.0,8,55,39
2026-07-24 18:00:00,53,23,100.8,8,56,36
2026-07-24 19:00:00,59,26,101.6,8,59,38
2026-07-24 20:00:00,54,21,96.2,7,53,37
2026-07-24 21:00:00,56,19,97.2,7,56,36
2026-07-24 22:00:00,49,12,94.8,6,50,38
2026-07-24 23:00:00,47,11,94.3,6,51,33
2026-07-25 00:00:00,48,16,87.0,7,43,31
2026-07-25 01:00:00,43,10,84.9,5,38,31
2026-07-25 02:00:00,44,10,83.6,6,39,31
2026-07-25 03:00:00,47,16,90.3,5,41,34
2026-07-25 04:00:00,45,9,87.1,6,39,32
2026-07-25 05:00:00,47,15,85.5,8,40,31
2026-07-25 06:00:00,49,16,93.5,6,42,36
2026-07-25 07:00:00,52,18,93.4,6,44,33
2026-07-25 08:00:00,59,18,102.0,8,44,40
2026-07-25 09:00:00,54,20,97.4,8,42,33
2026-07-25 10:00:00,55,20,92.7,8,43,36
2026-07-25 11:00:00,60,27,105.1,9,46,39
2026-07-25 12:00:00,64,25,101.1,8,49,39
2026-07-25 13:00:00,66,31,105.4,9,48,41
2026-07-25 14:00:00,66,27,106.8,10,50,41
2026-07-25 15:00:00,61,24,102.0,9,45,43
2026-07-25 16:00:00,62,26,99.2,9,45,39
2026-07-25 17:00:00,56,24,99.7,8,47,41
2026-07-25 18:00:00,58,28,102.0,9,45,39
2026-07-25 19:00:00,53,21,96.1,8,45,35
2026-07-25 20:00:00,55,19,92.0,6,45,31
2026-07-25 21:00:00,53,23,97.9,7,45,37
2026-07-25 22:00:00,51,18,95.9,7,42,37
2026-07-25 23:00:00,47,20,88.8,7,42,31
2026-07-26 00:00:00,50,17,90.3,8,42,34
2026-07-26 01:00:00,39,9,85.8,5,35,29
2026-07-26 02:00:00,46,15,94.9,6,40,37
2026-07-26 03:00:00,47,18,91.1,6,42,35
2026-07-26 04:00:00,43,18,88.0,6,42,29
2026-07-26 05:00:00,50,18,94.1,6,44,32
2026-07-26 06:00:00,50,19,98.4,7,42,32
2026-07-26 07:00:00,53,17,92.5,6,45,36
2026-07-26 08:00:00,58,17,97.1,6,43,38
2026-07-26 09:00:00,56,21,97.3,10,49,38
2026-07-26 10:00:00,59,18,95.1,8,45,34
2026-07-26 11:00:00,64,30,109.9,10,48,41
2026-07-26 12:00:00,62,26,105.0,9,45,38
2026-07-26 13:00:00,61,32,99.7,10,46,36
2026-07-26 14:00:00,57,24,100.0,8,46,36
2026-07-26 15:00:00,64,32,112.3,10,49,40
2026-07-26 16:00:00,59,25,103.2,8,43,40
2026-07-26 17:00:00,61,21,107.1,8,47,43
2026-07-26 18:00:00,58,30,101.5,7,43,40
2026-07-26 19:00:00,57,26,103.9,8,47,38
2026-07-26 20:00:00,51,21,99.3,7,45,37
2026-07-26 21:00:00,51,18,94.0,7,41,36
2026-07-26 22:00:00,48,18,90.8,7,42,34
2026-07-26 23:00:00,46,15,93.4,6,38,33
2026-07-27 00:00:00,46,10,89.8,7,49,34
2026-07-27 01:00:00,44,11,90.1,5,50,34
2026-07-27 02:00:00,54,19,97.8,8,54,35
2026-07-27 03:00:00,50,22,95.1,6,54,36
2026-07-27 04:00:00,51,19,94.2,7,53,35
2026-07-27 05:00:00,48,16,90.7,6,52,35
2026-07-27 06:00:00,49,15,93.5,6,51,34
2026-07-27 07:00:00,50,15,92.0,6,52,38
2026-07-27 08:00:00,59,17,100.5,8,56,35
2026-07-27 09:00:00,55,20,95.4,7,54,40
2026-07-27 10:00:00,58,32,101.4,8,63,37
2026-07-27 11:00:00,59,32,106.5,10,58,41
2026-07-27 12:00:00,62,30,107.0,10,56,38
2026-07-27 13:00:00,64,24,103.9,9,57,38
2026-07-27 14:00:00,65,31,112.6,11,61,41
2026-07-27 15:00:00,59,27,100.6,10,57,37
2026-07-27 16:00:00,57,19,99.9,7,55,36
2026-07-27 17:00:00,63,27,106.5,10,56,45
2026-07-27 18:00:00,62,21,102.9,10,55,41
2026-07-27 19:00:00,55,19,101.0,7,52,37
2026-07-27 20:00:00,56,19,103.2,8,53,41
2026-07-27 21:00:00,47,16,88.0,6,49,37
2026-07-27 22:00:00,47,16,84.5,6,53,34
2026-07-27 23:00:00,45,14,87.8,5,50,36
2026-07-28 00:00:00,46,7,84.0,5,51,34
2026-07-28 01:00:00,47,18,90.2,7,54,36
2026-07-28 02:00:00,45,9,92.7,5,50,36
2026-07-28 03:00:00,48,9,97.3,6,49,34
2026-07-28 04:00:00,45,12,85.3,6,51,35
2026-07-28 05:00:00,48,14,91.7,6,48,34
2026-07-28 06:00:00,48,21,93.9,8,51,35
2026-07-28 07:00:00,55,19,98.2,8,54,33
2026-07-28 08:00:00,57,22,95.6,7,56,35
2026-07-28 09:00:00,57,23,103.8,7,58,41
2026-07-28 10:00:00,58,25,104.2,8,55,41
2026-07-28 11:00:00,58,27,100.9,8,54,40
2026-07-28 12:00:00,55,20,101.7,9,58,35
2026-07-28 13:00:00,62,27,100.4,8,61,39
2026-07-28 14:00:00,65,32,103.3,10,66,39
2026-07-28 15:00:00,70,42,116.1,10,61,46
2026-07-28 16:00:00,59,23,102.3,7,57,38
2026-07-28 17:00:00,61,27,103.3,8,55,38
2026-07-28 18:00:00,60,22,105.0,7,60,38
2026-07-28 19:00:00,61,29,102.7,8,55,34
2026-07-28 20:00:00,51,15,96.9,7,51,36
2026-07-28 21:00:00,51,20,97.8,8,54,36
2026-07-28 22:00:00,47,11,94.9,6,51,32
2026-07-28 23:00:00,45,13,83.7,6,50,30
2026-07-29 00:00:00,50,13,90.6,7,53,39
2026-07-29 01:00:00,47,16,88.3,6,53,31
2026-07-29 02:00:00,44,8,88.9,5,50,35
2026-07-29 03:00:00,47,15,95.3,8,50,35
2026-07-29 04:00:00,47,13,88.8,6,49,34
2026-07-29 05:00:00,47,15,93.0,8,52,36
2026-07-29 06:00:00,49,19,97.6,7,53,31
2026-07-29 07:00:00,54,13,95.9,6,55,37
2026-07-29 08:00:00,53,23,99.5,8,54,35
2026-07-29 09:00:00,53,20,90.4,8,51,36
2026-07-29 10:00:00,59,28,107.5,8,59,41
2026-07-29 11:00:00,65,27,105.8,9,59,37
2026-07-29 12:00:00,58,26,110.2,8,57,44
2026-07-29 13:00:00,63,26,102.2,8,59,40
2026-07-29 14:00:00,62,31,107.6,8,56,41
2026-07-29 15:00:00,63,32,109.9,9,60,46
2026-07-29 16:00:00,63,25,96.9,10,59,36
2026-07-29 17:00:00,54,22,103.0,8,56,38
2026-07-29 18:00:00,56,26,103.0,7,52,41
2026-07-29 19:00:00,57,17,93.2,6,52,37
2026-07-29 20:00:00,53,15,95.7,6,52,37
2026-07-29 21:00:00,51,14,94.2,6,52,34
2026-07-29 22:00:00,51,15,92.7,6,49,35
2026-07-29 23:00:00,44,10,85.4,4,48,38
2026-07-30 00:00:00,47,6,87.7,4,47,35
2026-07-30 01:00:00,47,8,90.8,4,47,35
2026-07-30 02:00:00,47,14,92.7,5,51,41
2026-07-30 03:00:00,46,8,87.4,6,48,35
2026-07-30 04:00:00,49,12,91.7,9,49,35
2026-07-30 05:00:00,48,21,93.4,8,54,34
2026-07-30 06:00:00,51,16,90.8,7,51,33
2026-07-30 07:00:00,56,19,98.0,7,58,35
2026-07-30 08:00:00,54,17,93.9,7,50,35
2026-07-30 09:00:00,57,30,99.6,8,58,36
2026-07-30 10:00:00,63,22,96.4,10,58,37
2026-07-30 11:00:00,60,25,101.3,8,57,39
2026-07-30 12:00:00,66,32,111.0,9,60,41
2026-07-30 13:00:00,60,27,107.4,9,58,42
2026-07-30 14:00:00,65,28,108.2,9,60,41
2026-07-30 15:00:00,60,27,99.4,7,60,37
2026-07-30 16:00:00,61,26,103.5,8,58,41
2026-07-30 17:00:00,58,27,98.8,7,60,38
2026-07-30 18:00:00,63,26,110.8,11,58,40
2026-07-30 19:00:00,55,20,96.2,8,55,33
2026-07-30 20:00:00,50,17,92.1,8,52,34
2026-07-30 21:00:00,51,16,96.5,6,49,39
2026-07-30 22:00:00,49,11,90.9,6,50,35
2026-07-30 23:00:00,46,9,91.3,7,53,35
2026-07-31 00:00:00,45,14,85.6,7,48,31
2026-07-31 01:00:00,49,16,92.7,7,53,35
2026-07-31 02:00:00,49,15,93.9,8,48,37
2026-07-31 03:00:00,39,4,74.0,6,45,27
2026-07-31 04:00:00,44,12,85.8,7,50,29
2026-07-31 05:00:00,46,10,86.9,7,50,31
2026-07-31 06:00:00,48,17,92.3,7,52,33
2026-07-31 07:00:00,52,16,93.9,7,48,40
2026-07-31 08:00:00,59,22,101.8,8,55,39
2026-07-31 09:00:00,55,22,97.6,8,54,36
2026-07-31 10:00:00,60,17,103.4,8,54,36
2026-07-31 11:00:00,55,22,104.8,8,55,41
2026-07-31 12:00:00,62,27,100.2,9,55,39
2026-07-31 13:00:00,60,28,104.0,6,57,40
2026-07-31 14:00:00,62,23,106.4,9,62,41
2026-07-31 15:00:00,56,22,96.9,8,55,34
2026-07-31 16:00:00,58,27,102.8,8,54,39
2026-07-31 17:00:00,59,21,99.6,10,59,38
2026-07-31 18:00:00,55,18,93.8,8,53,37
2026-07-31 19:00:00,54,21,94.5,7,52,38
2026-07-31 20:00:00,58,18,91.5,8,55,30
2026-07-31 21:00:00,51,15,93.8,7,51,35
2026-07-31 22:00:00,51,14,93.6,7,53,37
2026-07-31 23:00:00,46,14,87.0,6,50,36
2026-08-01 00:00:00,42,11,85.4,5,40,29
2026-08-01 01:00:00,46,13,84.6,5,40,32
2026-08-01 02:00:00,41,11,87.2,4,42,33
2026-08-01 03:00:00,44,13,86.9,5,38,33
2026-08-01 04:00:00,48,16,94.1,8,39,32
2026-08-01 05:00:00,48,17,91.5,6,40,32
2026-08-01 06:00:00,52,21,92.7,6,45,31
2026-08-01 07:00:00,54,21,95.7,7,41,35
2026-08-01 08:00:00,51,21,99.9,7,44,35
2026-08-01 09:00:00,53,21,102.9,7,47,34
2026-08-01 10:00:00,52,23,92.1,7,45,36
2026-08-01 11:00:00,58,23,103.1,8,44,38
2026-08-01 12:00:00,63,27,101.8,9,48,40
2026-08-01 13:00:00,66,30,106.2,9,50,41
2026-08-01 14:00:00,62,25,104.6,10,46,41
2026-08-01 15:00:00,65,28,108.3,9,46,41
2026-08-01 16:00:00,61,25,101.1,8,46,38
2026-08-01 17:00:00,60,26,105.0,9,48,39
2026-08-01 18:00:00,56,22,102.5,8,46,40
2026-08-01 19:00:00,49,19,95.9,7,42,37
2026-08-01 20:00:00,56,18,94.7,8,44,37
2026-08-01 21:00:00,52,20,94.2,8,43,33
2026-08-01 22:00:00,53,16,97.5,6,46,40
2026-08-01 23:00:00,45,13,93.4,7,40,33
2026-08-02 00:00:00,53,14,90.4,7,44,34
2026-08-02 01:00:00,45,11,88.7,6,41,36
2026-08-02 02:00:00,45,16,91.9,5,40,34
2026-08-02 03:00:00,44,9,82.6,6,38,30
2026-08-02 04:00:00,47,12,92.8,5,41,36
2026-08-02 05:00:00,46,9,94.7,6,39,33
2026-08-02 06:00:00,48,15,93.3,8,40,31
2026-08-02 07:00:00,45,12,90.4,6,37,32
2026-08-02 08:00:00,52,23,94.7,8,45,39
2026-08-02 09:00:00,59,25,100.7,8,44,36
2026-08-02 10:00:00,56,27,99.0,7,47,37
2026-08-02 11:00:00,55,26,97.2,8,43,37
2026-08-02 12:00:00,57,24,99.8,8,43,39
2026-08-02 13:00:00,61,25,104.0,9,43,40
2026-08-02 14:00:00,61,33,104.0,9,44,38
2026-08-02 15:00:00,62,33,105.9,10,50,43
2026-08-02 16:00:00,59,27,103.8,8,47,39
2026-08-02 17:00:00,61,24,96.9,9,47,40
2026-08-02 18:00:00,60,29,107.1,9,49,38
2026-08-02 19:00:00,61,20,101.9,8,44,40
2026-08-02 20:00:00,53,21,97.3,7,42,38
2026-08-02 21:00:00,52,23,100.3,7,43,36
2026-08-02 22:00:00,52,13,95.9,7,41,37
2026-08-02 23:00:00,50,17,95.1,6,44,33
2026-08-03 00:00:00,45,15,90.1,5,56,31
2026-08-03 01:00:00,47,12,89.8,5,53,35
2026-08-03 02:00:00,45,9,85.7,5,50,29
2026-08-03 03:00:00,40,10,81.8,5,48,32
2026-08-03 04:00:00,45,14,90.4,3,53,31
2026-08-03 05:00:00,47,9,89.9,6,50,35
2026-08-03 06:00:00,53,16,95.8,9,55,32
2026-08-03 07:00:00,54,20,92.8,8,52,34
2026-08-03 08:00:00,53,23,89.8,7,54,35
2026-08-03 09:00:00,53,17,95.4,6,54,40
2026-08-03 10:00:00,61,29,99.2,7,61,36
2026-08-03 11:00:00,55,32,102.8,9,56,35
2026-08-03 12:00:00,59,28,109.2,9,59,39
2026-08-03 13:00:00,64,24,106.1,8,57,42
2026-08-03 14:00:00,62,27,103.6,10,60,43
2026-08-03 15:00:00,60,28,100.3,9,60,37
2026-08-03 16:00:00,58,28,100.7,8,57,40
2026-08-03 17:00:00,62,26,103.9,8,58,40
2026-08-03 18:00:00,58,25,104.8,8,56,40
2026-08-03 19:00:00,55,22,98.8,8,54,37
2026-08-03 20:00:00,55,21,97.1,7,58,34
2026-08-03 21:00:00,51,16,96.2,7,52,38
2026-08-03 22:00:00,49,15,96.7,6,52,35
2026-08-03 23:00:00,44,12,88.8,7,47,31
2026-08-04 00:00:00,46,20,92.3,7,51,34
2026-08-04 01:00:00,49,17,87.9,7,54,33
2026-08-04 02:00:00,47,14,86.5,7,49,37
2026-08-04 03:00:00,48,17,87.6,5,50,33
2026-08-04 04:00:00,46,16,89.7,6,54,33
2026-08-04 05:00:00,50,15,90.2,6,51,36
2026-08-04 06:00:00,47,11,87.9,5,52,33
2026-08-04 07:00:00,54,17,93.8,7,53,37
2026-08-04 08:00:00,51,19,92.7,6,52,36
2026-08-04 09:00:00,53,18,90.4,8,58,36
2026-08-04 10:00:00,56,19,98.6,8,55,39
2026-08-04 11:00:00,62,27,107.0,8,60,39
2026-08-04 12:00:00,61,28,104.7,7,58,37
2026-08-04 13:00:00,61,24,103.7,8,57,37
2026-08-04 14:00:00,60,25,104.4,8,60,40
2026-08-04 15:00:00,63,32,108.6,10,59,44
2026-08-04 16:00:00,60,24,104.7,8,55,36
2026-08-04 17:00:00,58,26,105.2,9,56,43
2026-08-04 18:00:00,58,23,105.5,8,57,41
2026-08-04 19:00:00,57,24,94.4,8,55,33
2026-08-04 20:00:00,59,17,100.5,8,55,37
2026-08-04 21:00:00,50,18,90.3,7,50,32
2026-08-04 22:00:00,48,17,95.9,6,50,38
2026-08-04 23:00:00,49,15,92.2,6,49,36
2026-08-05 00:00:00,44,13,89.1,6,48,32
2026-08-05 01:00:00,43,13,88.2,4,51,33
2026-08-05 02:00:00,44,20,91.1,7,52,35
2026-08-05 03:00:00,46,21,97.4,6,52,35
2026-08-05 04:00:00,44,11,91.1,4,46,32
2026-08-05 05:00:00,42,6,89.5,5,47,33
2026-08-05 06:00:00,49,18,92.9,6,55,35
2026-08-05 07:00:00,46,19,84.9,6,52,30
2026-08-05 08:00:00,56,24,101.9,8,53,38
2026-08-05 09:00:00,55,23,95.2,8,57,36
2026-08-05 10:00:00,57,24,99.3,7,55,37
2026-08-05 11:00:00,62,30,105.5,10,58,42
2026-08-05 12:00:00,63,31,106.9,9,60,42
2026-08-05 13:00:00,59,23,103.0,9,56,40
2026-08-05 14:00:00,62,25,101.4,7,62,36
2026-08-05 15:00:00,65,27,108.9,10,61,40
2026-08-05 16:00:00,58,27,101.9,8,57,39
2026-08-05 17:00:00,61,25,111.2,9,59,42
2026-08-05 18:00:00,55,26,95.1,9,54,38
2026-08-05 19:00:00,60,26,103.1,7,61,40
2026-08-05 20:00:00,54,26,100.7,8,56,33
2026-08-05 21:00:00,50,20,93.4,6,57,35
2026-08-05 22:00:00,52,13,91.3,5,51,35
2026-08-05 23:00:00,49,14,95.9,7,48,32
2026-08-06 00:00:00,45,13,91.1,7,49,34
2026-08-06 01:00:00,46,14,87.7,8,46,38
2026-08-06 02:00:00,44,13,83.8,6,54,30
2026-08-06 03:00:00,44,19,92.0,5,50,33
2026-08-06 04:00:00,46,11,90.2,6,48,34
2026-08-06 05:00:00,47,16,92.9,6,50,37
2026-08-06 06:00:00,49,24,95.2,8,50,37
2026-08-06 07:00:00,54,16,98.3,7,52,35
2026-08-06 08:00:00,51,21,100.4,5,57,38
2026-08-06 09:00:00,55,19,102.0,8,56,37
2026-08-06 10:00:00,61,24,100.4,8,59,37
2026-08-06 11:00:00,58,23,108.2,9,57,42
2026-08-06 12:00:00,60,31,106.6,9,58,45
2026-08-06 13:00:00,62,28,101.2,9,56,38
2026-08-06 14:00:00,62,25,105.3,9,59,39
2026-08-06 15:00:00,65,31,108.4,10,65,39
2026-08-06 16:00:00,66,28,106.9,8,62,43
2026-08-06 17:00:00,59,29,103.0,9,58,43
2026-08-06 18:00:00,57,20,101.2,8,55,35
2026-08-06 19:00:00,53,23,99.7,8,53,37
2026-08-06 20:00:00,56,23,97.6,7,62,32
2026-08-06 21:00:00,52,16,92.6,8,54,36
2026-08-06 22:00:00,48,12,88.4,6,51,32
2026-08-06 23:00:00,46,14,89.5,7,50,31
2026-08-07 00:00:00,47,17,94.2,6,49,34
2026-08-07 01:00:00,47,16,95.1,7,54,32
2026-08-07 02:00:00,43,11,85.7,4,49,34
2026-08-07 03:00:00,44,8,89.4,5,50,35
2026-08-07 04:00:00,46,12,90.3,5,48,36
2026-08-07 05:00:00,43,13,88.1,5,50,31
2026-08-07 06:00:00,47,18,97.5,7,51,37
2026-08-07 07:00:00,50,18,94.4,5,53,36
2026-08-07 08:00:00,57,17,97.6,8,55,38
2026-08-07 09:00:00,55,26,102.2,8,55,37
2026-08-07 10:00:00,58,24,97.4,9,58,38
2026-08-07 11:00:00,57,27,101.1,7,55,40
2026-08-07 12:00:00,57,21,100.2,8,54,38
2026-08-07 13:00:00,56,19,100.0,8,51,38
2026-08-07 14:00:00,62,23,104.1,8,58,43
2026-08-07 15:00:00,58,26,97.8,9,58,39
2026-08-07 16:00:00,64,29,103.8,7,58,38
2026-08-07 17:00:00,58,17,97.7,8,53,36
2026-08-07 18:00:00,59,30,104.5,9,58,43
2026-08-07 19:00:00,58,23,96.9,7,58,42
2026-08-07 20:00:00,63,25,108.6,9,55,40
2026-08-07 21:00:00,52,15,94.8,7,52,37
2026-08-07 22:00:00,47,18,92.7,5,54,35
2026-08-07 23:00:00,52,15,93.1,8,51,36
2026-08-08 00:00:00,48,16,87.3,6,40,31
2026-08-08 01:00:00,51,11,92.2,8,43,36
2026-08-08 02:00:00,45,14,91.0,6,40,32
2026-08-08 03:00:00,50,16,92.6,7,42,31
2026-08-08 04:00:00,46,11,91.8,7,41,36
2026-08-08 05:00:00,55,15,95.7,8,46,40
2026-08-08 06:00:00,47,9,90.9,4,42,33
2026-08-08 07:00:00,60,20,100.6,7,48,38
2026-08-08 08:00:00,57,27,102.3,8,48,37
2026-08-08 09:00:00,57,18,100.6,7,45,38
2026-08-08 10:00:00,62,24,100.3,10,47,38
2026-08-08 11:00:00,58,29,104.9,8,46,38
2026-08-08 12:00:00,63,27,108.7,9,46,40
2026-08-08 13:00:00,61,28,111.1,9,44,38
2026-08-08 14:00:00,62,27,104.7,11,46,36
2026-08-08 15:00:00,61,26,97.8,10,48,33
2026-08-08 16:00:00,62,27,99.3,8,46,37
2026-08-08 17:00:00,61,26,100.9,9,49,38
2026-08-08 18:00:00,55,20,101.6,8,44,39
2026-08-08 19:00:00,56,22,105.6,8,46,41
2026-08-08 20:00:00,49,25,94.7,6,44,32
2026-08-08 21:00:00,54,16,95.7,9,42,38
2026-08-08 22:00:00,53,12,85.5,6,45,32
2026-08-08 23:00:00,48,14,93.1,7,44,36
2026-08-09 00:00:00,42,11,86.2,5,39,33
2026-08-09 01:00:00,46,8,86.9,6,36,33
2026-08-09 02:00:00,44,12,84.8,5,38,32
2026-08-09 03:00:00,45,10,86.9,5,37,34
2026-08-09 04:00:00,48,11,85.7,4,40,37
2026-08-09 05:00:00,49,15,89.7,7,40,39
2026-08-09 06:00:00,51,11,87.9,6,42,33
2026-08-09 07:00:00,50,12,88.7,6,39,36
2026-08-09 08:00:00,55,22,94.9,9,40,36
2026-08-09 09:00:00,56,15,98.3,8,45,38
2026-08-09 10:00:00,57,21,95.5,5,46,35
2026-08-09 11:00:00,56,19,98.0,7,40,39
2026-08-09 12:00:00,61,25,100.5,7,46,39
2026-08-09 13:00:00,59,29,100.5,8,46,41
2026-08-09 14:00:00,62,28,101.8,9,46,37
2026-08-09 15:00:00,60,36,109.9,11,49,36
2026-08-09 16:00:00,60,31,104.5,10,47,44
2026-08-09 17:00:00,57,22,97.8,8,42,36
2026-08-09 18:00:00,54,20,94.1,8,45,35
2026-08-09 19:00:00,61,32,101.7,9,47,42
2026-08-09 20:00:00,57,24,98.3,7,45,35
2026-08-09 21:00:00,55,20,93.7,6,45,37
2026-08-09 22:00:00,49,16,91.3,7,38,38
2026-08-09 23:00:00,47,15,88.8,6,41,34
2026-08-10 00:00:00,47,8,86.0,6,51,36
2026-08-10 01:00:00,46,13,93.2,7,49,35
2026-08-10 02:00:00,46,12,88.3,5,49,35
2026-08-10 03:00:00,38,9,82.6,4,46,30
2026-08-10 04:00:00,48,11,93.8,6,52,33
2026-08-10 05:00:00,51,20,90.8,6,51,35
2026-08-10 06:00:00,49,16,91.1,5,52,30
2026-08-10 07:00:00,56,25,95.3,9,55,34
2026-08-10 08:00:00,53,14,94.8,7,56,35
2026-08-10 09:00:00,53,20,98.7,7,54,38
2026-08-10 10:00:00,56,19,90.4,8,55,38
2026-08-10 11:00:00,56,21,101.3,6,51,37
2026-08-10 12:00:00,64,24,105.7,8,56,39
2026-08-10 13:00:00,64,29,107.0,9,61,41
2026-08-10 14:00:00,60,29,100.4,9,58,37
2026-08-10 15:00:00,62,25,106.8,7,60,37
2026-08-10 16:00:00,59,19,105.3,7,58,38
2026-08-10 17:00:00,59,31,103.0,8,60,37
2026-08-10 18:00:00,58,23,99.6,8,54,39
2026-08-10 19:00:00,57,18,98.3,8,59,36
2026-08-10 20:00:00,56,21,97.7,7,56,38
2026-08-10 21:00:00,57,19,98.4,10,56,36
2026-08-10 22:00:00,49,15,95.4,7,48,36
2026-08-10 23:00:00,47,15,90.8,6,52,35
2026-08-11 00:00:00,47,9,89.4,6,48,32
2026-08-11 01:00:00,46,15,96.2,7,51,33
2026-08-11 02:00:00,43,9,90.3,5,52,35
2026-08-11 03:00:00,43,10,83.2,6,49,29
2026-08-11 04:00:00,39,15,90.6,4,48,30
2026-08-11 05:00:00,51,19,98.6,7,54,35
2026-08-11 06:00:00,47,22,97.5,6,50,35
2026-08-11 07:00:00,50,22,93.4,7,50,37
2026-08-11 08:00:00,54,19,97.3,7,55,33
2026-08-11 09:00:00,53,17,94.4,7,54,38
2026-08-11 10:00:00,64,29,107.4,11,62,39
2026-08-11 11:00:00,57,30,108.0,8,55,41
2026-08-11 12:00:00,66,25,106.7,8,57,42
2026-08-11 13:00:00,66,31,103.5,9,62,39
2026-08-11 14:00:00,64,27,104.7,10,58,38
2026-08-11 15:00:00,67,33,107.9,10,58,45
2026-08-11 16:00:00,61,25,109.0,8,57,40
2026-08-11 17:00:00,57,33,101.1,8,55,37
2026-08-11 18:00:00,60,27,102.0,8,55,43
2026-08-11 19:00:00,54,28,98.8,9,56,36
2026-08-11 20:00:00,52,18,99.9,7,54,33
2026-08-11 21:00:00,52,19,98.2,7,53,40
2026-08-11 22:00:00,46,13,91.2,5,54,32
2026-08-11 23:00:00,51,17,94.9,7,52,39
2026-08-12 00:00:00,47,16,91.7,7,52,34
2026-08-12 01:00:00,49,21,94.3,6,49,35
2026-08-12 02:00:00,46,14,95.7,5,48,33
2026-08-12 03:00:00,47,15,86.7,5,53,34
2026-08-12 04:00:00,44,11,79.2,6,51,28
2026-08-12 05:00:00,45,16,91.5,5,50,35
2026-08-12 06:00:00,49,15,96.0,6,53,36
2026-08-12 07:00:00,49,18,93.9,6,53,38
2026-08-12 08:00:00,57,21,93.5,9,57,34
2026-08-12 09:00:00,52,21,98.3,7,52,34
2026-08-12 10:00:00,64,24,101.6,10,64,38
2026-08-12 11:00:00,60,24,98.5,8,64,38
2026-08-12 12:00:00,61,26,100.4,8,57,41
2026-08-12 13:00:00,61,31,101.0,10,59,37
2026-08-12 14:00:00,64,29,107.0,9,61,40
2026-08-12 15:00:00,61,29,103.1,10,61,39
2026-08-12 16:00:00,60,22,97.7,8,56,36
2026-08-12 17:00:00,62,27,111.9,8,60,39
2026-08-12 18:00:00,60,26,101.4,8,57,38
2026-08-12 19:00:00,58,21,100.4,9,54,40
2026-08-12 20:00:00,57,27,106.3,8,56,39
2026-08-12 21:00:00,47,10,91.0,5,51,36
2026-08-12 22:00:00,45,19,96.6,5,51,32
2026-08-12 23:00:00,49,17,90.7,7,50,34
2026-08-13 00:00:00,48,15,94.3,5,51,31
2026-08-13 01:00:00,51,13,93.9,5,54,36
2026-08-13 02:00:00,46,14,92.5,7,51,32
2026-08-13 03:00:00,47,15,93.7,5,51,36
2026-08-13 04:00:00,48,11,87.4,5,50,26
2026-08-13 05:00:00,49,15,100.9,6,54,39
2026-08-13 06:00:00,51,15,87.0,6,55,30
2026-08-13 07:00:00,48,14,88.8,6,50,32
2026-08-13 08:00:00,52,23,98.6,7,48,35
2026-08-13 09:00:00,54,20,98.3,7,51,38
2026-08-13 10:00:00,51,19,95.0,9,50,36
2026-08-13 11:00:00,59,24,103.7,8,57,41
2026-08-13 12:00:00,58,24,98.8,7,58,38
2026-08-13 13:00:00,63,31,109.7,9,61,40
2026-08-13 14:00:00,61,29,104.5,9,57,38
2026-08-13 15:00:00,60,33,109.8,9,58,42
2026-08-13 16:00:00,63,25,103.9,7,59,41
2026-08-13 17:00:00,60,29,105.8,10,58,38
2026-08-13 18:00:00,63,34,109.5,8,59,39
2026-08-13 19:00:00,57,23,102.6,9,61,39
2026-08-13 20:00:00,56,23,99.3,9,56,40
2026-08-13 21:00:00,49,20,92.9,6,50,35
2026-08-13 22:00:00,51,11,89.9,7,52,33
2026-08-13 23:00:00,51,16,95.0,7,52,35
2026-08-14 00:00:00,47,14,84.6,5,50,29
2026-08-14 01:00:00,46,11,89.9,7,48,36
2026-08-14 02:00:00,47,9,89.8,6,48,33
2026-08-14 03:00:00,45,15,95.3,4,46,33
2026-08-14 04:00:00,42,10,83.4,5,47,27
2026-08-14 05:00:00,49,22,95.0,6,53,37
2026-08-14 06:00:00,50,16,93.7,7,51,37
2026-08-14 07:00:00,50,14,89.1,6,54,34
2026-08-14 08:00:00,56,18,98.0,7,55,38
2026-08-14 09:00:00,53,21,92.8,6,54,35
2026-08-14 10:00:00,58,32,106.9,9,58,38
2026-08-14 11:00:00,56,23,101.0,8,55,40
2026-08-14 12:00:00,62,27,105.7,9,58,42
2026-08-14 13:00:00,57,26,99.3,8,54,36
2026-08-14 14:00:00,64,30,111.4,9,62,44
2026-08-14 15:00:00,59,26,99.0,9,54,40
2026-08-14 16:00:00,58,23,100.7,7,58,38
2026-08-14 17:00:00,64,25,101.6,8,60,38
2026-08-14 18:00:00,61,23,101.8,7,56,39
2026-08-14 19:00:00,55,20,101.9,6,56,38
2026-08-14 20:00:00,50,18,95.1,6,52,34
2026-08-14 21:00:00,58,22,97.4,9,58,39
2026-08-14 22:00:00,49,15,90.3,5,50,35
2026-08-14 23:00:00,47,10,88.2,6,50,34
2026-08-15 00:00:00,48,11,87.9,7,40,32
2026-08-15 01:00:00,41,12,86.7,5,37,34
2026-08-15 02:00:00,42,7,91.7,6,38,32
2026-08-15 03:00:00,47,18,90.2,6,43,35
2026-08-15 04:00:00,48,16,97.4,6,42,35
2026-08-15 05:00:00,46,19,91.6,6,41,37
2026-08-15 06:00:00,51,17,95.0,7,42,35
2026-08-15 07:00:00,49,11,91.7,8,38,34
2026-08-15 08:00:00,59,25,97.3,8,44,37
2026-08-15 09:00:00,57,19,100.3,7,43,36
2026-08-15 10:00:00,56,21,91.7,7,45,39
2026-08-15 11:00:00,59,26,103.2,10,47,40
2026-08-15 12:00:00,65,32,108.6,9,48,41
2026-08-15 13:00:00,63,31,102.5,9,48,38
2026-08-15 14:00:00,59,31,104.6,9,47,41
2026-08-15 15:00:00,66,27,106.7,11,48,39
2026-08-15 16:00:00,58,26,101.2,8,45,36
2026-08-15 17:00:00,66,27,106.8,9,49,39
2026-08-15 18:00:00,59,24,99.6,6,44,39
2026-08-15 19:00:00,55,25,99.8,9,46,39
2026-08-15 20:00:00,48,23,97.1,7,40,36
2026-08-15 21:00:00,54,20,96.4,8,41,36
2026-08-15 22:00:00,43,7,85.4,6,39,32
2026-08-15 23:00:00,49,15,93.8,6,41,36
2026-08-16 00:00:00,51,13,99.5,6,41,33
2026-08-16 01:00:00,43,13,86.8,6,39,33
2026-08-16 02:00:00,46,9,83.4,5,41,33
2026-08-16 03:00:00,42,8,82.5,5,37,32
2026-08-16 04:00:00,50,15,94.3,7,40,36
2026-08-16 05:00:00,48,13,95.1,6,42,36
2026-08-16 06:00:00,50,18,91.0,7,43,37
2026-08-16 07:00:00,54,16,95.3,6,42,35
2026-08-16 08:00:00,57,25,100.6,8,47,38
2026-08-16 09:00:00,55,26,97.2,7,44,36
2026-08-16 10:00:00,62,25,109.0,8,46,43
2026-08-16 11:00:00,55,25,103.2,9,45,38
2026-08-16 12:00:00,62,30,107.0,9,47,39
2026-08-16 13:00:00,60,29,102.9,9,48,38
2026-08-16 14:00:00,58,29,105.9,8,50,37
2026-08-16 15:00:00,60,31,106.4,9,45,40
2026-08-16 16:00:00,62,32,105.2,9,47,40
2026-08-16 17:00:00,59,21,103.8,8,45,36
2026-08-16 18:00:00,59,20,101.8,8,48,37
2026-08-16 19:00:00,59,19,94.9,7,42,36
2026-08-16 20:00:00,53,15,91.5,6,42,36
2026-08-16 21:00:00,50,18,89.9,7,43,32
2026-08-16 22:00:00,53,18,98.7,8,45,35
2026-08-16 23:00:00,46,14,87.9,5,40,32
2026-08-17 00:00:00,42,11,88.1,6,51,34
2026-08-17 01:00:00,49,16,99.1,7,50,36
2026-08-17 02:00:00,49,12,93.5,7,50,36
2026-08-17 03:00:00,44,13,87.0,7,46,31
2026-08-17 04:00:00,52,17,92.9,7,55,36
2026-08-17 05:00:00,49,14,90.9,6,50,35
2026-08-17 06:00:00,53,23,94.2,6,54,34
2026-08-17 07:00:00,50,16,89.6,7,55,32
2026-08-17 08:00:00,58,27,99.8,9,55,34
2026-08-17 09:00:00,51,19,96.3,7,55,37
2026-08-17 10:00:00,57,26,99.8,8,59,36
2026-08-17 11:00:00,57,23,99.5,7,56,37
2026-08-17 12:00:00,59,31,105.3,8,58,39
2026-08-17 13:00:00,63,26,107.4,8,58,42
2026-08-17 14:00:00,63,29,100.3,9,59,37
2026-08-17 15:00:00,63,25,99.6,8,57,38
2026-08-17 16:00:00,61,30,104.0,10,62,42
2026-08-17 17:00:00,61,23,99.6,9,58,41
2026-08-17 18:00:00,60,30,106.7,9,60,41
2026-08-17 19:00:00,54,19,94.9,7,53,38
2026-08-17 20:00:00,51,15,98.7,8,55,37
2026-08-17 21:00:00,47,21,91.8,8,54,34
2026-08-17 22:00:00,52,14,94.5,6,54,37
2026-08-17 23:00:00,50,14,90.8,7,53,33
2026-08-18 00:00:00,53,12,95.4,8,53,34
2026-08-18 01:00:00,44,8,87.5,4,50,31
2026-08-18 02:00:00,44,12,90.1,6,51,31
2026-08-18 03:00:00,43,17,88.1,5,51,33
2026-08-18 04:00:00,50,17,97.0,8,53,36
2026-08-18 05:00:00,50,15,93.6,7,52,30
2026-08-18 06:00:00,54,20,95.4,6,51,35
2026-08-18 07:00:00,48,14,89.4,6,51,35
2026-08-18 08:00:00,55,19,99.6,8,53,40
2026-08-18 09:00:00,55,23,102.6,8,53,40
2026-08-18 10:00:00,61,24,99.5,8,58,35
2026-08-18 11:00:00,61,25,105.3,8,61,40
2026-08-18 12:00:00,56,23,94.7,8,51,36
2026-08-18 13:00:00,59,20,98.8,8,55,40
2026-08-18 14:00:00,58,31,104.8,8,57,37
2026-08-18 15:00:00,59,29,100.7,8,59,39
2026-08-18 16:00:00,59,30,108.2,8,57,43
2026-08-18 17:00:00,57,24,102.6,10,57,35
2026-08-18 18:00:00,56,22,95.6,7,58,36
2026-08-18 19:00:00,56,22,101.2,7,56,36
2026-08-18 20:00:00,55,23,94.7,8,56,37
2026-08-18 21:00:00,51,17,94.3,7,50,36
2026-08-18 22:00:00,51,19,97.4,6,49,38
2026-08-18 23:00:00,44,11,89.3,5,48,31
2026-08-19 00:00:00,46,13,89.3,6,50,33
2026-08-19 01:00:00,49,12,90.1,7,52,33
2026-08-19 02:00:00,46,16,87.2,6,51,33
2026-08-19 03:00:00,47,13,90.7,5,50,34
2026-08-19 04:00:00,49,19,96.1,7,53,33
2026-08-19 05:00:00,49,10,96.2,7,51,36
2026-08-19 06:00:00,50,16,92.1,6,53,31
2026-08-19 07:00:00,54,19,99.0,7,54,38
2026-08-19 08:00:00,55,22,101.1,7,54,35
2026-08-19 09:00:00,57,19,97.1,8,55,38
2026-08-19 10:00:00,60,30,106.9,9,62,39
2026-08-19 11:00:00,57,26,98.5,8,58,38
2026-08-19 12:00:00,57,23,100.7,7,55,40
2026-08-19 13:00:00,61,28,103.5,9,58,37
2026-08-19 14:00:00,65,27,108.3,8,59,44
2026-08-19 15:00:00,64,37,111.2,11,61,40
2026-08-19 16:00:00,63,31,104.8,10,60,40
2026-08-19 17:00:00,55,26,99.5,7,54,36
2026-08-19 18:00:00,58,24,100.6,8,57,35
2026-08-19 19:00:00,57,25,97.6,9,57,37
2026-08-19 20:00:00,48,23,93.2,7,51,37
2026-08-19 21:00:00,49,8,88.0,5,52,32
2026-08-19 22:00:00,46,18,87.9,6,50,34
2026-08-19 23:00:00,46,14,87.5,7,48,30
2026-08-20 00:00:00,48,8,88.2,7,52,34
2026-08-20 01:00:00,47,15,91.0,6,49,28
2026-08-20 02:00:00,46,20,88.4,5,52,35
2026-08-20 03:00:00,45,14,92.7,8,54,33
2026-08-20 04:00:00,46,17,93.0,6,53,32
2026-08-20 05:00:00,50,21,94.4,8,52,34
2026-08-20 06:00:00,46,13,85.6,6,49,36
2026-08-20 07:00:00,52,11,92.5,7,54,36
2026-08-20 08:00:00,51,22,95.4,7,54,35
2026-08-20 09:00:00,51,21,92.4,7,50,40
2026-08-20 10:00:00,59,19,96.5,9,58,38
2026-08-20 11:00:00,58,25,104.1,9,56,40
2026-08-20 12:00:00,62,29,104.4,9,59,42
2026-08-20 13:00:00,63,27,108.2,10,59,43
2026-08-20 14:00:00,59,25,102.3,8,58,37
2026-08-20 15:00:00,62,27,106.8,9,63,38
2026-08-20 16:00:00,62,27,107.1,9,62,39
2026-08-20 17:00:00,62,19,103.1,8,54,39
2026-08-20 18:00:00,56,24,103.4,7,57,39
2026-08-20 19:00:00,53,17,96.0,6,51,35
2026-08-20 20:00:00,56,22,94.5,7,58,34
2026-08-20 21:00:00,50,12,88.2,8,54,36
2026-08-20 22:00:00,50,20,92.5,5,51,33
2026-08-20 23:00:00,51,13,95.1,6,52,33
2026-08-21 00:00:00,42,11,84.8,5,50,31
2026-08-21 01:00:00,42,13,87.8,5,48,31
2026-08-21 02:00:00,40,9,86.0,6,46,30
2026-08-21 03:00:00,49,13,91.9,6,52,34
2026-08-21 04:00:00,47,11,82.4,7,53,32
2026-08-21 05:00:00,44,12,84.2,6,46,37
2026-08-21 06:00:00,50,17,98.6,6,51,40
2026-08-21 07:00:00,50,14,93.5,7,51,32
2026-08-21 08:00:00,47,16,82.8,6,55,31
2026-08-21 09:00:00,56,23,99.9,6,58,39
2026-08-21 10:00:00,55,24,104.4,8,53,40
2026-08-21 11:00:00,61,26,104.9,8,58,38
2026-08-21 12:00:00,58,28,102.8,10,59,40
2026-08-21 13:00:00,62,28,99.7,10,60,36
2026-08-21 14:00:00,66,30,107.4,9,61,40
2026-08-21 15:00:00,64,28,101.6,10,60,38
2026-08-21 16:00:00,60,20,97.3,7,61,36
2026-08-21 17:00:00,58,20,94.9,6,55,39
2026-08-21 18:00:00,56,31,107.3,8,53,41
2026-08-21 19:00:00,55,22,100.4,6,55,39
2026-08-21 20:00:00,54,23,102.4,8,55,37
2026-08-21 21:00:00,50,17,89.6,8,52,39
2026-08-21 22:00:00,46,16,90.7,6,48,31
2026-08-21 23:00:00,48,13,87.9,7,52,35
2026-08-22 00:00:00,46,22,89.7,6,40,37
2026-08-22 01:00:00,50,13,93.4,6,41,36
2026-08-22 02:00:00,45,10,88.5,6,39,33
2026-08-22 03:00:00,46,6,88.3,5,41,32
2026-08-22 04:00:00,51,20,91.2,6,40,36
2026-08-22 05:00:00,53,14,94.5,8,41,35
2026-08-22 06:00:00,51,19,95.5,7,42,39
2026-08-22 07:00:00,51,21,93.7,9,43,34
2026-08-22 08:00:00,52,18,94.6,8,42,34
2026-08-22 09:00:00,60,24,97.7,7,47,35
2026-08-22 10:00:00,54,22,91.2,8,44,38
2026-08-22 11:00:00,56,22,105.4,7,46,40
2026-08-22 12:00:00,62,31,107.1,11,48,43
2026-08-22 13:00:00,61,27,103.1,8,49,38
2026-08-22 14:00:00,65,30,109.9,10,46,39
2026-08-22 15:00:00,59,29,100.7,9,49,40
2026-08-22 16:00:00,61,29,105.3,8,47,42
2026-08-22 17:00:00,57,20,102.7,8,42,37
2026-08-22 18:00:00,54,22,94.8,8,40,34
2026-08-22 19:00:00,58,21,98.3,8,44,36
2026-08-22 20:00:00,53,17,91.0,7,44,34
2026-08-22 21:00:00,52,19,97.8,6,44,37
2026-08-22 22:00:00,49,20,94.2,7,40,36
2026-08-22 23:00:00,48,19,96.5,7,41,35
2026-08-23 00:00:00,44,12,90.0,5,41,37
2026-08-23 01:00:00,48,13,90.1,4,38,38
2026-08-23 02:00:00,48,14,92.4,7,40,35
2026-08-23 03:00:00,50,14,94.1,7,43,36
2026-08-23 04:00:00,47,10,91.0,6,39,33
2026-08-23 05:00:00,49,21,98.3,8,42,39
2026-08-23 06:00:00,49,19,90.5,7,41,34
2026-08-23 07:00:00,54,21,91.7,8,43,32
2026-08-23 08:00:00,55,24,96.3,8,43,35
2026-08-23 09:00:00,56,24,101.1,8,44,38
2026-08-23 10:00:00,56,20,99.8,7,48,40
2026-08-23 11:00:00,62,25,102.5,10,46,34
2026-08-23 12:00:00,58,21,99.3,8,45,38
2026-08-23 13:00:00,65,29,105.2,9,49,40
2026-08-23 14:00:00,62,27,104.7,9,51,39
2026-08-23 15:00:00,61,28,102.0,7,49,38
2026-08-23 16:00:00,60,31,109.8,8,44,43
2026-08-23 17:00:00,59,24,105.5,8,46,40
2026-08-23 18:00:00,59,23,103.4,8,47,34
2026-08-23 19:00:00,55,22,98.5,9,46,37
2026-08-23 20:00:00,54,14,98.2,7,40,38
2026-08-23 21:00:00,50,17,93.8,6,42,34
2026-08-23 22:00:00,47,7,88.4,6,39,29
2026-08-23 23:00:00,44,12,82.7,6,40,33
2026-08-24 00:00:00,49,16,93.1,5,51,34
2026-08-24 01:00:00,45,14,85.5,6,49,32
2026-08-24 02:00:00,49,10,88.9,6,48,29
2026-08-24 03:00:00,47,12,90.7,6,52,36
2026-08-24 04:00:00,46,9,85.2,5,49,29
2026-08-24 05:00:00,51,14,94.5,6,52,38
2026-08-24 06:00:00,53,26,102.0,8,54,37
2026-08-24 07:00:00,56,24,97.2,7,55,37
2026-08-24 08:00:00,51,20,95.9,9,55,38
2026-08-24 09:00:00,57,23,96.3,8,57,34
2026-08-24 10:00:00,58,21,96.4,9,52,38
2026-08-24 11:00:00,55,23,99.5,7,52,39
2026-08-24 12:00:00,65,28,109.2,9,56,38
2026-08-24 13:00:00,58,26,97.3,7,52,36
2026-08-24 14:00:00,59,31,110.7,8,60,39
2026-08-24 15:00:00,56,33,101.5,8,58,34
2026-08-24 16:00:00,62,28,105.9,9,62,40
2026-08-24 17:00:00,55,26,98.5,9,55,36
2026-08-24 18:00:00,55,18,96.1,8,56,35
2026-08-24 19:00:00,59,25,106.3,10,58,38
2026-08-24 20:00:00,53,16,99.5,8,49,34
2026-08-24 21:00:00,49,16,88.0,7,54,33
2026-08-24 22:00:00,46,19,90.3,6,50,35
2026-08-24 23:00:00,49,18,101.7,7,53,38
2026-08-25 00:00:00,48,11,89.0,6,50,30
2026-08-25 01:00:00,47,11,90.6,7,47,35
2026-08-25 02:00:00,49,10,93.7,5,52,37
2026-08-25 03:00:00,43,8,88.2,5,51,37
2026-08-25 04:00:00,43,11,78.0,5,46,28
2026-08-25 05:00:00,47,9,89.6,7,50,35
2026-08-25 06:00:00,51,18,99.6,6,55,40
2026-08-25 07:00:00,52,19,95.5,8,48,37
2026-08-25 08:00:00,52,22,93.5,8,52,41
2026-08-25 09:00:00,48,19,89.8,6,52,33
2026-08-25 10:00:00,54,20,96.5,8,53,35
2026-08-25 11:00:00,61,26,105.6,8,57,36
2026-08-25 12:00:00,62,27,113.2,9,56,42
2026-08-25 13:00:00,64,27,105.1,10,59,40
2026-08-25 14:00:00,62,27,106.7,11,57,41
2026-08-25 15:00:00,65,34,104.5,10,58,41
2026-08-25 16:00:00,63,28,100.9,9,57,38
2026-08-25 17:00:00,61,33,104.8,10,62,40
2026-08-25 18:00:00,59,28,104.7,7,56,39
2026-08-25 19:00:00,50,28,97.1,7,55,37
2026-08-25 20:00:00,51,16,93.9,7,51,32
2026-08-25 21:00:00,51,20,94.0,6,50,34
2026-08-25 22:00:00,49,14,91.7,6,50,35
2026-08-25 23:00:00,44,9,85.6,4,48,33
2026-08-26 00:00:00,50,18,90.0,6,53,34
2026-08-26 01:00:00,43,11,82.5,5,49,30
2026-08-26 02:00:00,47,8,92.6,5,48,34
2026-08-26 03:00:00,43,11,84.2,6,51,29
2026-08-26 04:00:00,44,10,86.6,6,52,32
2026-08-26 05:00:00,45,12,92.2,6,50,36
2026-08-26 06:00:00,48,15,90.7,6,52,34
2026-08-26 07:00:00,56,24,102.5,9,54,38
2026-08-26 08:00:00,52,18,92.4,7,50,34
2026-08-26 09:00:00,57,28,106.2,8,56,43
2026-08-26 10:00:00,57,27,102.0,8,56,40
2026-08-26 11:00:00,59,27,102.8,8,61,41
2026-08-26 12:00:00,62,30,105.2,10,64,41
2026-08-26 13:00:00,61,28,106.7,10,57,41
2026-08-26 14:00:00,63,33,107.9,9,60,43
2026-08-26 15:00:00,65,30,97.8,9,62,41
2026-08-26 16:00:00,60,21,99.9,8,58,38
2026-08-26 17:00:00,57,27,102.3,10,57,39
2026-08-26 18:00:00,58,27,99.3,8,60,40
2026-08-26 19:00:00,54,21,96.0,8,57,36
2026-08-26 20:00:00,55,20,96.8,10,56,39
2026-08-26 21:00:00,51,16,98.5,7,57,36
2026-08-26 22:00:00,51,11,93.8,5,54,32
2026-08-26 23:00:00,44,9,88.0,7,48,30
2026-08-27 00:00:00,44,8,83.1,5,51,34
2026-08-27 01:00:00,44,15,86.4,5,48,38
2026-08-27 02:00:00,43,3,86.5,6,48,32
2026-08-27 03:00:00,41,10,87.2,4,50,31
2026-08-27 04:00:00,47,10,84.6,7,49,32
2026-08-27 05:00:00,47,13,94.7,6,52,34
2026-08-27 06:00:00,48,10,87.0,4,51,37
2026-08-27 07:00:00,54,19,97.8,8,52,35
2026-08-27 08:00:00,53,16,103.0,5,50,36
2026-08-27 09:00:00,54,26,97.7,8,52,37
2026-08-27 10:00:00,56,22,99.4,6,55,39
2026-08-27 11:00:00,59,25,100.6,8,56,38
2026-08-27 12:00:00,60,27,103.9,9,61,42
2026-08-27 13:00:00,61,29,109.1,9,58,41
2026-08-27 14:00:00,66,28,107.1,9,59,40
2026-08-27 15:00:00,61,26,103.2,9,59,44
2026-08-27 16:00:00,62,28,108.5,9,59,42
2026-08-27 17:00:00,55,27,96.4,8,55,35
2026-08-27 18:00:00,59,21,101.0,8,57,36
2026-08-27 19:00:00,63,24,102.2,8,58,37
2026-08-27 20:00:00,58,24,100.5,9,56,32
2026-08-27 21:00:00,51,20,92.7,7,52,37
2026-08-27 22:00:00,56,19,93.9,8,56,35
2026-08-27 23:00:00,48,15,84.8,6,50,33
2026-08-28 00:00:00,46,10,87.2,6,47,33
2026-08-28 01:00:00,44,9,87.7,6,49,28
2026-08-28 02:00:00,45,13,91.2,4,50,33
2026-08-28 03:00:00,41,16,83.1,4,47,30
2026-08-28 04:00:00,51,23,96.7,7,59,39
2026-08-28 05:00:00,48,18,94.1,6,53,37
2026-08-28 06:00:00,48,12,91.4,7,50,34
2026-08-28 07:00:00,51,15,94.5,7,51,35
2026-08-28 08:00:00,55,28,93.9,8,53,34
2026-08-28 09:00:00,56,21,98.6,9,53,35
2026-08-28 10:00:00,61,24,102.7,9,57,37
2026-08-28 11:00:00,59,22,103.1,7,59,39
2026-08-28 12:00:00,62,32,110.7,10,61,42
2026-08-28 13:00:00,62,29,104.7,9,59,39
2026-08-28 14:00:00,62,25,102.8,8,60,40
2026-08-28 15:00:00,59,24,101.9,8,57,38
2026-08-28 16:00:00,62,28,104.9,8,60,41
2026-08-28 17:00:00,61,26,105.1,9,58,44
2026-08-28 18:00:00,59,27,104.2,8,56,42
2026-08-28 19:00:00,55,24,98.8,9,55,35
2026-08-28 20:00:00,53,19,97.4,9,53,35
2026-08-28 21:00:00,53,16,94.1,7,54,38
2026-08-28 22:00:00,47,15,86.3,5,49,29
2026-08-28 23:00:00,45,12,85.3,6,50,31
2026-08-29 00:00:00,42,13,79.9,6,42,30
2026-08-29 01:00:00,46,12,94.0,6,43,34
2026-08-29 02:00:00,47,9,92.3,4,41,34
2026-08-29 03:00:00,50,14,95.4,6,43,36
2026-08-29 04:00:00,50,12,91.0,6,40,34
2026-08-29 05:00:00,45,11,91.3,5,39,32
2026-08-29 06:00:00,50,15,95.2,6,42,39
2026-08-29 07:00:00,51,19,90.2,9,45,34
2026-08-29 08:00:00,58,20,97.3,7,47,38
2026-08-29 09:00:00,59,24,103.5,9,44,38
2026-08-29 10:00:00,59,27,101.4,9,46,38
2026-08-29 11:00:00,59,30,101.9,9,48,37
2026-08-29 12:00:00,52,28,101.3,9,46,35
2026-08-29 13:00:00,57,24,97.9,7,45,38
2026-08-29 14:00:00,57,27,108.9,8,45,39
2026-08-29 15:00:00,57,24,105.3,8,45,39
2026-08-29 16:00:00,67,33,109.5,8,47,45
2026-08-29 17:00:00,58,33,108.0,10,46,43
2026-08-29 18:00:00,56,26,101.0,8,46,36
2026-08-29 19:00:00,54,25,97.8,7,44,38
2026-08-29 20:00:00,60,21,107.5,9,48,38
2026-08-29 21:00:00,52,19,96.5,7,44,39
2026-08-29 22:00:00,50,10,88.7,6,39,34
2026-08-29 23:00:00,48,14,92.6,7,40,37
2026-08-30 00:00:00,41,10,89.9,3,35,33
2026-08-30 01:00:00,50,13,92.0,7,41,34
2026-08-30 02:00:00,46,12,89.9,7,39,33
2026-08-30 03:00:00,47,19,91.5,6,41,33
2026-08-30 04:00:00,52,16,95.4,6,42,37
2026-08-30 05:00:00,47,15,88.1,7,41,31
2026-08-30 06:00:00,49,15,89.6,6,44,34
2026-08-30 07:00:00,52,24,96.3,9,45,36
2026-08-30 08:00:00,56,20,99.0,7,47,34
2026-08-30 09:00:00,58,23,104.2,8,45,37
2026-08-30 10:00:00,58,24,101.0,9,45,35
2026-08-30 11:00:00,56,24,102.6,6,44,38
2026-08-30 12:00:00,60,27,102.0,9,45,38
2026-08-30 13:00:00,57,21,101.1,9,45,40
2026-08-30 14:00:00,63,23,107.6,8,45,39
2026-08-30 15:00:00,58,29,102.5,7,45,36
2026-08-30 16:00:00,66,32,110.5,9,47,41
2026-08-30 17:00:00,63,27,103.6,7,47,40
2026-08-30 18:00:00,55,21,99.8,7,42,41
2026-08-30 19:00:00,53,17,87.2,8,41,33
2026-08-30 20:00:00,53,23,92.3,7,43,33
2026-08-30 21:00:00,52,16,96.1,7,40,37
2026-08-30 22:00:00,54,18,91.3,6,44,35
2026-08-30 23:00:00,51,16,92.3,8,41,35
2026-08-31 00:00:00,46,15,94.2,7,51,32
2026-08-31 01:00:00,49,12,93.7,6,48,36
2026-08-31 02:00:00,49,13,98.5,5,54,35
2026-08-31 03:00:00,45,12,88.7,5,47,32
2026-08-31 04:00:00,46,11,88.3,6,53,35
2026-08-31 05:00:00,51,11,91.8,7,51,36
2026-08-31 06:00:00,50,8,87.3,4,54,31
2026-08-31 07:00:00,54,17,95.7,8,56,39
2026-08-31 08:00:00,62,25,100.1,9,57,40
2026-08-31 09:00:00,58,25,104.7,7,58,38
2026-08-31 10:00:00,59,25,104.1,6,56,35
2026-08-31 11:00:00,62,23,100.0,9,58,39
2026-08-31 12:00:00,67,30,107.0,10,62,41
2026-08-31 13:00:00,60,27,104.8,8,55,38
2026-08-31 14:00:00,63,34,108.6,10,59,45
2026-08-31 15:00:00,58,24,98.3,10,58,37
2026-08-31 16:00:00,61,24,103.6,8,60,39
2026-08-31 17:00:00,61,23,104.6,8,58,40
2026-08-31 18:00:00,54,19,98.9,9,53,40
2026-08-31 19:00:00,58,19,104.7,8,57,40
2026-08-31 20:00:00,53,21,97.7,8,53,37
2026-08-31 21:00:00,50,16,89.5,6,57,31
2026-08-31 22:00:00,49,3,85.2,7,51,32
2026-08-31 23:00:00,48,18,96.8,5,48,38
2026-09-01 00:00:00,42,7,90.1,5,47,32
2026-09-01 01:00:00,49,15,92.2,7,50,35
2026-09-01 02:00:00,46,12,90.8,6,47,27
2026-09-01 03:00:00,51,20,96.4,6,51,39
2026-09-01 04:00:00,50,17,93.4,8,52,35
2026-09-01 05:00:00,44,13,84.1,6,48,31
2026-09-01 06:00:00,53,14,96.6,6,54,37
2026-09-01 07:00:00,59,24,107.8,7,58,41
2026-09-01 08:00:00,56,15,98.1,8,54,38
2026-09-01 09:00:00,60,23,102.1,7,57,36
2026-09-01 10:00:00,58,24,101.0,8,61,41
2026-09-01 11:00:00,59,25,104.9,8,60,42
2026-09-01 12:00:00,63,29,110.8,9,60,42
2026-09-01 13:00:00,65,29,110.7,8,61,45
2026-09-01 14:00:00,66,30,104.2,9,62,40
2026-09-01 15:00:00,62,29,112.3,9,60,41
2026-09-01 16:00:00,61,29,109.2,9,60,42
2026-09-01 17:00:00,57,27,102.6,9,54,41
2026-09-01 18:00:00,60,22,102.0,8,58,38
2026-09-01 19:00:00,56,23,99.9,8,58,36
2026-09-01 20:00:00,54,18,100.7,7,54,35
2026-09-01 21:00:00,57,16,93.1,9,54,35
2026-09-01 22:00:00,52,15,97.8,7,53,37
2026-09-01 23:00:00,50,15,95.4,7,53,33
2026-09-02 00:00:00,50,14,95.3,7,50,31
2026-09-02 01:00:00,52,16,92.8,7,52,34
2026-09-02 02:00:00,42,11,83.1,6,50,31
2026-09-02 03:00:00,46,14,98.9,5,52,40
2026-09-02 04:00:00,48,14,93.7,7,52,36
2026-09-02 05:00:00,46,13,98.1,7,54,41
2026-09-02 06:00:00,51,17,99.3,7,54,36
2026-09-02 07:00:00,51,23,98.6,7,54,37
2026-09-02 08:00:00,58,22,103.9,7,59,39
2026-09-02 09:00:00,57,24,106.5,8,57,45
2026-09-02 10:00:00,60,23,108.5,7,59,42
2026-09-02 11:00:00,64,35,113.1,9,57,38
2026-09-02 12:00:00,64,26,112.3,9,61,41
2026-09-02 13:00:00,56,23,106.3,7,56,36
2026-09-02 14:00:00,67,33,114.1,10,62,46
2026-09-02 15:00:00,64,29,107.8,10,63,39
2026-09-02 16:00:00,65,28,111.4,9,61,43
2026-09-02 17:00:00,59,25,103.0,8,59,38
2026-09-02 18:00:00,64,33,110.0,9,60,41
2026-09-02 19:00:00,63,25,109.1,9,59,39
2026-09-02 20:00:00,58,24,103.9,7,60,38
2026-09-02 21:00:00,53,20,103.9,5,56,38
2026-09-02 22:00:00,51,18,96.0,8,57,35
2026-09-02 23:00:00,54,21,94.0,8,53,36
2026-09-03 00:00:00,51,13,100.5,6,50,33
2026-09-03 01:00:00,48,8,92.9,5,51,31
2026-09-03 02:00:00,49,16,96.8,7,55,37
2026-09-03 03:00:00,50,15,94.1,7,54,33
2026-09-03 04:00:00,50,15,90.3,7,50,30
2026-09-03 05:00:00,51,17,95.5,6,53,36
2026-09-03 06:00:00,55,16,102.2,8,56,38
2026-09-03 07:00:00,56,20,102.0,7,58,40
2026-09-03 08:00:00,61,21,105.4,9,57,34
2026-09-03 09:00:00,62,22,102.2,8,62,35
2026-09-03 10:00:00,64,31,117.9,9,62,45
2026-09-03 11:00:00,64,23,109.2,8,58,42
2026-09-03 12:00:00,66,39,123.4,11,66,47
2026-09-03 13:00:00,67,34,116.6,10,61,45
2026-09-03 14:00:00,66,24,116.3,9,60,44
2026-09-03 15:00:00,62,30,108.5,8,62,39
2026-09-03 16:00:00,67,29,108.9,9,61,37
2026-09-03 17:00:00,62,30,110.7,8,64,45
2026-09-03 18:00:00,60,23,108.8,8,61,38
2026-09-03 19:00:00,59,25,109.8,9,59,43
2026-09-03 20:00:00,58,22,107.4,7,59,38
2026-09-03 21:00:00,52,17,107.9,6,53,39
2026-09-03 22:00:00,56,15,103.2,7,55,36
2026-09-03 23:00:00,54,20,101.7,6,53,38
2026-09-04 00:00:00,55,8,98.4,6,55,38
2026-09-04 01:00:00,52,16,97.3,8,59,32
2026-09-04 02:00:00,52,17,102.0,7,54,39
2026-09-04 03:00:00,48,13,100.4,7,49,40
2026-09-04 04:00:00,48,15,102.6,9,55,38
2026-09-04 05:00:00,56,21,104.0,8,57,40
2026-09-04 06:00:00,51,15,99.9,7,55,36
2026-09-04 07:00:00,58,18,103.7,8,57,37
2026-09-04 08:00:00,64,21,113.8,8,56,43
2026-09-04 09:00:00,66,30,111.0,10,60,39
2026-09-04 10:00:00,67,33,114.7,10,59,42
2026-09-04 11:00:00,66,24,99.1,8,63,34
2026-09-04 12:00:00,68,35,114.6,11,65,40
2026-09-04 13:00:00,70,35,117.8,9,64,47
2026-09-04 14:00:00,70,39,119.3,10,62,39
2026-09-04 15:00:00,66,34,112.7,9,62,44
2026-09-04 16:00:00,69,31,114.2,9,60,47
2026-09-04 17:00:00,72,35,125.6,11,64,47
2026-09-04 18:00:00,62,31,111.5,8,66,39
2026-09-04 19:00:00,70,35,114.2,10,65,44
2026-09-04 20:00:00,65,27,111.5,10,67,38
2026-09-04 21:00:00,60,22,106.1,6,55,38
2026-09-04 22:00:00,56,14,104.6,8,56,36
2026-09-04 23:00:00,53,15,104.5,7,53,35
2026-09-05 00:00:00,52,10,95.8,6,42,37
2026-09-05 01:00:00,51,14,102.5,5,44,37
2026-09-05 02:00:00,53,18,109.6,7,44,41
2026-09-05 03:00:00,53,15,107.0,7,42,39
2026-09-05 04:00:00,60,20,112.1,9,46,38
2026-09-05 05:00:00,57,19,109.3,7,44,39
2026-09-05 06:00:00,56,18,105.8,6,46,37
2026-09-05 07:00:00,59,22,115.7,8,49,41
2026-09-05 08:00:00,61,26,114.6,8,50,42
2026-09-05 09:00:00,63,27,112.6,9,49,41
2026-09-05 10:00:00,70,30,120.2,9,51,45
2026-09-05 11:00:00,67,28,115.9,10,48,43
2026-09-05 12:00:00,69,31,120.1,11,51,42
2026-09-05 13:00:00,73,44,132.1,11,54,49
2026-09-05 14:00:00,72,40,125.2,12,52,51
2026-09-05 15:00:00,74,28,120.5,11,50,44
2026-09-05 16:00:00,69,23,122.5,10,52,42
2026-09-05 17:00:00,70,32,126.7,10,50,46
2026-09-05 18:00:00,70,34,119.9,10,53,46
2026-09-05 19:00:00,66,25,123.2,10,51,47
2026-09-05 20:00:00,63,29,120.6,10,46,45
2026-09-05 21:00:00,57,23,109.5,7,49,44
2026-09-05 22:00:00,63,19,118.6,8,48,47
2026-09-05 23:00:00,61,21,109.3,7,45,43
2026-09-06 00:00:00,56,14,106.6,8,45,38
2026-09-06 01:00:00,57,14,105.3,8,48,45
2026-09-06 02:00:00,61,18,109.7,7,48,39
2026-09-06 03:00:00,53,15,110.6,7,44,42
2026-09-06 04:00:00,55,25,111.9,8,47,39
2026-09-06 05:00:00,61,21,110.5,8,48,42
2026-09-06 06:00:00,56,23,110.3,10,45,42
2026-09-06 07:00:00,63,23,114.2,7,47,41
2026-09-06 08:00:00,66,30,121.9,11,51,40
2026-09-06 09:00:00,70,27,131.5,9,53,53
2026-09-06 10:00:00,70,32,125.7,8,51,50
2026-09-06 11:00:00,76,29,128.9,11,54,51
2026-09-06 12:00:00,74,40,136.2,11,53,46
2026-09-06 13:00:00,79,38,131.0,12,59,51
2026-09-06 14:00:00,77,46,139.8,12,56,51
2026-09-06 15:00:00,81,47,136.7,13,54,50
2026-09-06 16:00:00,73,39,129.2,10,52,46
2026-09-06 17:00:00,74,34,128.4,11,53,51
2026-09-06 18:00:00,75,27,127.8,8,56,48
2026-09-06 19:00:00,71,34,127.3,10,54,47
2026-09-06 20:00:00,71,28,127.5,11,51,48
2026-09-06 21:00:00,65,26,120.4,9,48,45
2026-09-06 22:00:00,63,30,122.1,9,50,47
2026-09-06 23:00:00,60,15,109.0,7,47,35
2026-09-07 00:00:00,60,13,117.5,8,59,42
2026-09-07 01:00:00,52,15,114.5,6,57,37
2026-09-07 02:00:00,61,20,118.5,9,62,44
2026-09-07 03:00:00,56,19,117.5,7,59,38
2026-09-07 04:00:00,55,14,108.7,9,53,36
2026-09-07 05:00:00,64,23,127.6,9,63,47
2026-09-07 06:00:00,67,16,121.8,10,64,44
2026-09-07 07:00:00,66,21,116.2,8,62,44
2026-09-07 08:00:00,65,27,128.8,10,60,43
2026-09-07 09:00:00,70,28,130.4,8,67,47
2026-09-07 10:00:00,75,38,142.0,12,68,51
2026-09-07 11:00:00,79,37,143.7,11,68,49
2026-09-07 12:00:00,82,46,147.6,13,73,52
2026-09-07 13:00:00,82,38,141.9,13,74,53
2026-09-07 14:00:00,85,39,145.0,13,72,52
2026-09-07 15:00:00,84,45,139.7,14,73,50
2026-09-07 16:00:00,83,38,140.2,12,72,52
2026-09-07 17:00:00,80,44,153.5,13,69,54
2026-09-07 18:00:00,89,37,138.0,12,74,52
2026-09-07 19:00:00,73,20,130.7,9,71,49
2026-09-07 20:00:00,76,35,136.0,11,65,51
2026-09-07 21:00:00,76,31,138.9,8,69,51
2026-09-07 22:00:00,68,28,130.3,10,68,47
2026-09-07 23:00:00,60,11,123.6,8,58,44
2026-09-08 00:00:00,67,16,124.8,9,64,49
2026-09-08 01:00:00,66,15,127.6,8,66,44
2026-09-08 02:00:00,61,13,122.5,5,58,48
2026-09-08 03:00:00,71,27,130.8,11,71,46
2026-09-08 04:00:00,63,19,123.1,8,63,46
2026-09-08 05:00:00,69,21,134.7,8,65,49
2026-09-08 06:00:00,74,27,137.6,11,65,52
2026-09-08 07:00:00,72,30,139.2,9,67,43
2026-09-08 08:00:00,71,13,134.2,9,61,50
2026-09-08 09:00:00,80,30,138.5,13,66,50
2026-09-08 10:00:00,77,29,137.6,10,71,52
2026-09-08 11:00:00,81,41,143.9,11,73,53
2026-09-08 12:00:00,90,40,155.3,13,72,59
2026-09-08 13:00:00,88,43,151.3,13,76,53
2026-09-08 14:00:00,83,32,145.1,10,69,48
2026-09-08 15:00:00,87,41,146.0,13,76,49
2026-09-08 16:00:00,90,48,158.3,15,79,56
2026-09-08 17:00:00,81,48,153.0,14,69,53
2026-09-08 18:00:00,86,41,153.3,12,75,57
2026-09-08 19:00:00,80,27,142.8,11,73,55
2026-09-08 20:00:00,85,38,154.2,13,72,58
2026-09-08 21:00:00,75,32,140.8,12,69,49
2026-09-08 22:00:00,77,25,146.4,10,72,52
2026-09-08 23:00:00,67,12,132.6,10,64,49
2026-09-09 00:00:00,70,26,131.0,9,71,51
2026-09-09 01:00:00,67,16,131.3,10,70,50
2026-09-09 02:00:00,75,21,140.5,9,73,54
2026-09-09 03:00:00,63,20,127.9,6,64,47
2026-09-09 04:00:00,73,30,146.0,11,67,55
2026-09-09 05:00:00,71,23,128.8,13,70,49
2026-09-09 06:00:00,74,26,144.6,10,70,47
2026-09-09 07:00:00,82,39,153.7,12,74,56
2026-09-09 08:00:00,84,29,140.1,13,79,49
2026-09-09 09:00:00,87,41,156.3,12,76,54
2026-09-09 10:00:00,92,39,156.2,11,76,57
2026-09-09 11:00:00,88,37,162.0,14,68,58
2026-09-09 12:00:00,92,45,157.5,16,76,57
2026-09-09 13:00:00,91,51,166.6,14,79,56
2026-09-09 14:00:00,105,55,178.1,16,88,64
2026-09-09 15:00:00,96,56,166.6,14,86,57
2026-09-09 16:00:00,92,44,168.5,13,80,62
2026-09-09 17:00:00,93,38,159.2,13,78,58
2026-09-09 18:00:00,94,39,168.8,13,78,63
2026-09-09 19:00:00,83,31,165.1,11,76,56
2026-09-09 20:00:00,88,33,162.1,8,75,62
2026-09-09 21:00:00,79,29,153.5,11,76,55
2026-09-09 22:00:00,85,32,153.5,10,80,66
2026-09-09 23:00:00,70,12,148.6,9,72,50
2026-09-10 00:00:00,76,19,150.2,11,68,59
2026-09-10 01:00:00,72,17,141.0,10,71,48
2026-09-10 02:00:00,70,29,153.5,8,70,57
2026-09-10 03:00:00,66,15,139.9,7,63,51
2026-09-10 04:00:00,73,25,150.6,10,71,48
2026-09-10 05:00:00,81,25,151.5,12,74,53
2026-09-10 06:00:00,74,36,148.0,12,72,56
2026-09-10 07:00:00,87,37,156.9,13,83,56
2026-09-10 08:00:00,89,37,162.0,11,75,61
2026-09-10 09:00:00,84,37,163.3,14,77,60
2026-09-10 10:00:00,89,32,161.5,12,80,62
2026-09-10 11:00:00,96,49,169.2,14,76,63
2026-09-10 12:00:00,103,54,174.6,15,86,60
2026-09-10 13:00:00,107,42,185.4,13,87,67
2026-09-10 14:00:00,107,45,179.4,17,89,66
2026-09-10 15:00:00,103,54,170.9,15,79,62
2026-09-10 16:00:00,100,54,179.4,14,86,62
2026-09-10 17:00:00,93,42,169.4,14,81,60
2026-09-10 18:00:00,96,42,175.1,15,85,65
2026-09-10 19:00:00,89,30,162.7,10,81,58
2026-09-10 20:00:00,95,48,182.6,16,85,57
2026-09-10 21:00:00,87,26,163.2,15,79,63
2026-09-10 22:00:00,85,35,164.8,12,79,57
2026-09-10 23:00:00,81,28,160.1,11,78,51
2026-09-11 00:00:00,81,35,166.5,15,72,59
2026-09-11 01:00:00,77,19,158.9,8,84,54
2026-09-11 02:00:00,87,24,163.4,11,81,55
2026-09-11 03:00:00,81,13,158.2,11,81,57
2026-09-11 04:00:00,82,13,158.1,12,77,61
2026-09-11 05:00:00,91,33,177.5,13,84,64
2026-09-11 06:00:00,90,20,161.1,10,75,53
2026-09-11 07:00:00,99,35,177.6,16,91,63
2026-09-11 08:00:00,102,48,185.0,15,92,65
2026-09-11 09:00:00,104,51,196.6,15,86,72
2026-09-11 10:00:00,102,45,192.6,16,86,61
2026-09-11 11:00:00,103,42,188.3,17,87,69
2026-09-11 12:00:00,117,60,196.4,18,96,68
2026-09-11 13:00:00,116,69,204.8,19,95,71
2026-09-11 14:00:00,108,55,205.8,18,94,76
2026-09-11 15:00:00,104,53,191.7,15,91,69
2026-09-11 16:00:00,124,54,207.0,17,98,77
2026-09-11 17:00:00,109,60,199.8,16,93,75
2026-09-11 18:00:00,109,61,194.8,15,98,68
2026-09-11 19:00:00,110,39,189.1,14,94,64
2026-09-11 20:00:00,94,32,177.1,17,84,64
2026-09-11 21:00:00,106,58,196.6,15,95,73
2026-09-11 22:00:00,104,34,192.9,15,86,69
2026-09-11 23:00:00,104,34,191.4,14,87,73
2026-09-12 00:00:00,87,24,179.8,13,69,62
2026-09-12 01:00:00,91,31,195.0,13,69,67
2026-09-12 02:00:00,90,35,198.6,15,69,64
2026-09-12 03:00:00,91,30,183.5,12,69,61
2026-09-12 04:00:00,103,44,201.1,15,77,71
2026-09-12 05:00:00,88,30,186.2,13,67,60
2026-09-12 06:00:00,102,35,200.4,14,72,70
2026-09-12 07:00:00,104,44,204.3,16,77,72
2026-09-12 08:00:00,117,51,206.2,17,75,76
2026-09-12 09:00:00,121,54,226.4,15,78,84
2026-09-12 10:00:00,114,46,217.0,18,79,78
2026-09-12 11:00:00,123,64,225.5,20,79,88
2026-09-12 12:00:00,130,61,228.3,19,83,82
2026-09-12 13:00:00,132,62,228.9,19,80,89
2026-09-12 14:00:00,117,68,219.8,18,81,68
2026-09-12 15:00:00,132,59,232.0,23,79,84
2026-09-12 16:00:00,135,56,229.9,19,80,81
2026-09-12 17:00:00,122,41,218.0,18,80,79
2026-09-12 18:00:00,132,75,233.5,20,88,84
2026-09-12 19:00:00,128,60,225.6,20,83,84
2026-09-12 20:00:00,117,49,229.2,14,83,83
2026-09-12 21:00:00,115,39,214.1,19,79,76
2026-09-12 22:00:00,102,15,195.2,14,71,64
2026-09-12 23:00:00,103,30,205.2,13,78,74
2026-09-13 00:00:00,100,40,197.8,14,76,64
2026-09-13 01:00:00,104,40,215.9,15,77,71
2026-09-13 02:00:00,113,37,215.1,19,82,78
2026-09-13 03:00:00,98,33,202.0,16,73,71
2026-09-13 04:00:00,111,46,215.0,15,81,71
2026-09-13 05:00:00,109,35,202.9,15,76,66
2026-09-13 06:00:00,124,53,242.6,18,83,85
2026-09-13 07:00:00,127,44,231.3,14,80,81
2026-09-13 08:00:00,116,45,236.9,16,82,80
2026-09-13 09:00:00,124,50,229.3,18,86,83
2026-09-13 10:00:00,129,55,240.4,17,85,84
2026-09-13 11:00:00,138,77,255.8,25,91,94
2026-09-13 12:00:00,139,67,252.6,18,82,92
2026-09-13 13:00:00,145,67,250.7,19,93,82
2026-09-13 14:00:00,144,85,246.3,24,88,79
2026-09-13 15:00:00,144,81,275.7,23,95,100
2026-09-13 16:00:00,144,85,255.5,21,96,95
2026-09-13 17:00:00,148,78,281.4,24,91,101
2026-09-13 18:00:00,138,61,246.8,21,88,83
2026-09-13 19:00:00,135,64,261.5,24,94,98
2026-09-13 20:00:00,127,59,249.3,15,91,89
2026-09-13 21:00:00,115,43,237.6,15,84,87
2026-09-13 22:00:00,131,36,236.8,21,85,87
2026-09-13 23:00:00,116,35,229.5,17,77,78
2026-09-14 00:00:00,139,60,253.4,20,117,89
2026-09-14 01:00:00,119,32,236.8,15,102,81
2026-09-14 02:00:00,130,49,247.2,19,113,96
2026-09-14 03:00:00,122,32,234.8,14,110,83
2026-09-14 04:00:00,123,49,238.2,14,108,86
2026-09-14 05:00:00,122,54,240.7,19,110,84
2026-09-14 06:00:00,125,60,255.4,20,116,82
2026-09-14 07:00:00,143,60,258.6,23,116,86
2026-09-14 08:00:00,147,77,263.9,21,118,92
2026-09-14 09:00:00,153,73,278.0,22,124,88
2026-09-14 10:00:00,164,95,273.6,25,127,94
2026-09-14 11:00:00,158,64,278.7,20,124,99
